--
-- PostgreSQL database dump
--

\restrict KFdAg4FChk0o9Phj3gmR4jSg0Cs4pJhc2n3D3SDuw7Ef1reSQcMC9kegvPLtZEb

-- Dumped from database version 14.20 (Ubuntu 14.20-0ubuntu0.22.04.1)
-- Dumped by pg_dump version 14.20 (Ubuntu 14.20-0ubuntu0.22.04.1)

SET statement_timeout = 0;
SET lock_timeout = 0;
SET idle_in_transaction_session_timeout = 0;
SET client_encoding = 'UTF8';
SET standard_conforming_strings = on;
SELECT pg_catalog.set_config('search_path', '', false);
SET check_function_bodies = false;
SET xmloption = content;
SET client_min_messages = warning;
SET row_security = off;

--
-- Name: days_enum; Type: TYPE; Schema: public; Owner: postgres
--

CREATE TYPE public.days_enum AS ENUM (
    'Odd Days',
    'Even Days'
);


ALTER TYPE public.days_enum OWNER TO postgres;

--
-- Name: level_enum; Type: TYPE; Schema: public; Owner: postgres
--

CREATE TYPE public.level_enum AS ENUM (
    'Upper-Intermediate',
    'IELTS'
);


ALTER TYPE public.level_enum OWNER TO postgres;

--
-- Name: type_enum; Type: TYPE; Schema: public; Owner: postgres
--

CREATE TYPE public.type_enum AS ENUM (
    'Exercise',
    'Vocab'
);


ALTER TYPE public.type_enum OWNER TO postgres;

SET default_tablespace = '';

SET default_table_access_method = heap;

--
-- Name: alembic_version; Type: TABLE; Schema: public; Owner: postgres
--

CREATE TABLE public.alembic_version (
    version_num character varying(32) NOT NULL
);


ALTER TABLE public.alembic_version OWNER TO postgres;

--
-- Name: essential_books; Type: TABLE; Schema: public; Owner: postgres
--

CREATE TABLE public.essential_books (
    book_number integer NOT NULL,
    id uuid NOT NULL,
    created_at timestamp without time zone,
    updated_at timestamp without time zone
);


ALTER TABLE public.essential_books OWNER TO postgres;

--
-- Name: essential_units; Type: TABLE; Schema: public; Owner: postgres
--

CREATE TABLE public.essential_units (
    unit_number integer NOT NULL,
    book_id uuid,
    id uuid NOT NULL,
    created_at timestamp without time zone,
    updated_at timestamp without time zone
);


ALTER TABLE public.essential_units OWNER TO postgres;

--
-- Name: essential_words; Type: TABLE; Schema: public; Owner: postgres
--

CREATE TABLE public.essential_words (
    word character varying(50) NOT NULL,
    meaning text NOT NULL,
    translation_uz text NOT NULL,
    translation_ru text NOT NULL,
    unit_id uuid,
    book_id uuid,
    photo text NOT NULL,
    id uuid NOT NULL,
    created_at timestamp without time zone,
    updated_at timestamp without time zone
);


ALTER TABLE public.essential_words OWNER TO postgres;

--
-- Name: groups; Type: TABLE; Schema: public; Owner: postgres
--

CREATE TABLE public.groups (
    group_name character varying(50) NOT NULL,
    group_days public.days_enum NOT NULL,
    group_level public.level_enum NOT NULL,
    id uuid NOT NULL,
    created_at timestamp without time zone,
    updated_at timestamp without time zone
);


ALTER TABLE public.groups OWNER TO postgres;

--
-- Name: murphy_books; Type: TABLE; Schema: public; Owner: postgres
--

CREATE TABLE public.murphy_books (
    book_name character varying(150) NOT NULL,
    id uuid NOT NULL,
    created_at timestamp without time zone,
    updated_at timestamp without time zone
);


ALTER TABLE public.murphy_books OWNER TO postgres;

--
-- Name: murphy_exercise_questions; Type: TABLE; Schema: public; Owner: postgres
--

CREATE TABLE public.murphy_exercise_questions (
    exercise_id uuid NOT NULL,
    field jsonb NOT NULL,
    id uuid NOT NULL,
    created_at timestamp without time zone,
    updated_at timestamp without time zone
);


ALTER TABLE public.murphy_exercise_questions OWNER TO postgres;

--
-- Name: murphy_exercises; Type: TABLE; Schema: public; Owner: postgres
--

CREATE TABLE public.murphy_exercises (
    unit_id uuid NOT NULL,
    exercise_type integer NOT NULL,
    exercise_number integer NOT NULL,
    condition text NOT NULL,
    id uuid NOT NULL,
    created_at timestamp without time zone,
    updated_at timestamp without time zone
);


ALTER TABLE public.murphy_exercises OWNER TO postgres;

--
-- Name: murphy_units; Type: TABLE; Schema: public; Owner: postgres
--

CREATE TABLE public.murphy_units (
    book_id uuid,
    unit_number integer NOT NULL,
    id uuid NOT NULL,
    created_at timestamp without time zone,
    updated_at timestamp without time zone
);


ALTER TABLE public.murphy_units OWNER TO postgres;

--
-- Name: student_results; Type: TABLE; Schema: public; Owner: postgres
--

CREATE TABLE public.student_results (
    student_id uuid NOT NULL,
    week_id uuid NOT NULL,
    type public.type_enum NOT NULL,
    fails_count integer,
    passed boolean,
    exercise_id uuid,
    exercise_question_id uuid,
    vocabulary_unit_id uuid,
    vocabulary_id uuid,
    id uuid NOT NULL,
    created_at timestamp without time zone,
    updated_at timestamp without time zone
);


ALTER TABLE public.student_results OWNER TO postgres;

--
-- Name: students; Type: TABLE; Schema: public; Owner: postgres
--

CREATE TABLE public.students (
    first_name character varying(50) NOT NULL,
    last_name character varying(50) NOT NULL,
    avatar_url character varying(500),
    group_id uuid,
    id uuid NOT NULL,
    created_at timestamp without time zone,
    updated_at timestamp without time zone,
    chat_id bigint
);


ALTER TABLE public.students OWNER TO postgres;

--
-- Name: week_schedule; Type: TABLE; Schema: public; Owner: postgres
--

CREATE TABLE public.week_schedule (
    group_id uuid NOT NULL,
    week_number integer NOT NULL,
    lesson_date timestamp with time zone NOT NULL,
    id uuid NOT NULL,
    created_at timestamp without time zone,
    updated_at timestamp without time zone
);


ALTER TABLE public.week_schedule OWNER TO postgres;

--
-- Name: weeks; Type: TABLE; Schema: public; Owner: postgres
--

CREATE TABLE public.weeks (
    level public.level_enum NOT NULL,
    week_number integer NOT NULL,
    week_topic character varying(100),
    essential_book uuid,
    essential_from_unit integer NOT NULL,
    essential_to_unit integer NOT NULL,
    murphy_book uuid,
    murphy_from_unit integer NOT NULL,
    murphy_to_unit integer NOT NULL,
    keys integer NOT NULL,
    id uuid NOT NULL,
    created_at timestamp without time zone,
    updated_at timestamp without time zone
);


ALTER TABLE public.weeks OWNER TO postgres;

--
-- Data for Name: alembic_version; Type: TABLE DATA; Schema: public; Owner: postgres
--

COPY public.alembic_version (version_num) FROM stdin;
2413f7e5bbeb
\.


--
-- Data for Name: essential_books; Type: TABLE DATA; Schema: public; Owner: postgres
--

COPY public.essential_books (book_number, id, created_at, updated_at) FROM stdin;
2	8e8664a8-6f3c-44ce-adfe-63d8d6cb9fd3	2025-12-18 14:57:38.430404	2025-12-18 14:57:38.431982
3	0d12f3a6-ca9e-48cc-b6f0-2d22d15567d3	2025-12-26 13:57:28.28339	2025-12-26 13:57:28.283728
\.


--
-- Data for Name: essential_units; Type: TABLE DATA; Schema: public; Owner: postgres
--

COPY public.essential_units (unit_number, book_id, id, created_at, updated_at) FROM stdin;
1	0d12f3a6-ca9e-48cc-b6f0-2d22d15567d3	0274ff0e-f870-4b38-a157-6d62f14b02b3	2025-12-26 14:09:57.062499	2025-12-26 14:09:57.062871
2	0d12f3a6-ca9e-48cc-b6f0-2d22d15567d3	0b65c184-6d7a-4dd6-807e-7e5ea6d938e0	2025-12-26 14:09:57.062499	2025-12-26 14:09:57.062871
3	0d12f3a6-ca9e-48cc-b6f0-2d22d15567d3	343d9259-dc88-4423-a848-58d62b19f7da	2025-12-26 14:09:57.062499	2025-12-26 14:09:57.062871
4	0d12f3a6-ca9e-48cc-b6f0-2d22d15567d3	c5a66f9e-4b5f-4d16-909e-05c64d9bdaa2	2025-12-26 14:09:57.062499	2025-12-26 14:09:57.062871
5	0d12f3a6-ca9e-48cc-b6f0-2d22d15567d3	a6297352-888d-403b-bf98-107f824f77cc	2025-12-26 14:09:57.062499	2025-12-26 14:09:57.062871
6	0d12f3a6-ca9e-48cc-b6f0-2d22d15567d3	72e02f5f-a38f-4475-83af-82c4d16378f2	2025-12-26 14:09:57.062499	2025-12-26 14:09:57.062871
7	0d12f3a6-ca9e-48cc-b6f0-2d22d15567d3	5b5e07d1-c457-499e-961b-9e7ef4f7727b	2025-12-26 14:09:57.062499	2025-12-26 14:09:57.062871
8	0d12f3a6-ca9e-48cc-b6f0-2d22d15567d3	87d3cbd7-4be8-4e62-8461-be93bd3aff40	2025-12-26 14:09:57.062499	2025-12-26 14:09:57.062871
9	0d12f3a6-ca9e-48cc-b6f0-2d22d15567d3	00c86cd1-70f0-4cad-bd51-cb31680ae7bc	2025-12-26 14:09:57.062499	2025-12-26 14:09:57.062871
10	0d12f3a6-ca9e-48cc-b6f0-2d22d15567d3	37ca112d-f7f5-4fa6-936d-7d08615c3ed0	2025-12-26 14:09:57.062499	2025-12-26 14:09:57.062871
11	0d12f3a6-ca9e-48cc-b6f0-2d22d15567d3	00e694cf-7233-4afb-b0e8-0835a9a04b61	2025-12-26 14:09:57.062499	2025-12-26 14:09:57.062871
12	0d12f3a6-ca9e-48cc-b6f0-2d22d15567d3	7b2e8868-5585-496e-bdb3-998a3ad79f92	2025-12-26 14:09:57.062499	2025-12-26 14:09:57.062871
13	0d12f3a6-ca9e-48cc-b6f0-2d22d15567d3	a8dd07b0-7a25-4414-9eb8-3dc55ae3bc75	2025-12-26 14:09:57.062499	2025-12-26 14:09:57.062871
14	0d12f3a6-ca9e-48cc-b6f0-2d22d15567d3	6d78091e-139c-45ff-ab57-fd8d6c8733ea	2025-12-26 14:09:57.062499	2025-12-26 14:09:57.062871
15	0d12f3a6-ca9e-48cc-b6f0-2d22d15567d3	9f36c6f5-1076-480a-9d22-a1d8082a9a19	2025-12-26 14:09:57.062499	2025-12-26 14:09:57.062871
16	0d12f3a6-ca9e-48cc-b6f0-2d22d15567d3	00c71f5f-ad28-46ac-b233-233c03a48cd2	2025-12-26 14:09:57.062499	2025-12-26 14:09:57.062871
17	0d12f3a6-ca9e-48cc-b6f0-2d22d15567d3	37a284d4-7c6f-4ef2-9af9-07c855eb6f6a	2025-12-26 14:09:57.062499	2025-12-26 14:09:57.062871
18	0d12f3a6-ca9e-48cc-b6f0-2d22d15567d3	7c82b68c-8d0a-4b37-a7b4-c5fde40b2c08	2025-12-26 14:09:57.062499	2025-12-26 14:09:57.062871
19	0d12f3a6-ca9e-48cc-b6f0-2d22d15567d3	0610c678-632b-4ce7-bf38-9dd5147de96a	2025-12-26 14:09:57.062499	2025-12-26 14:09:57.062871
20	0d12f3a6-ca9e-48cc-b6f0-2d22d15567d3	9f3d2b0f-3d46-45fa-a4f5-cfdf490e1e4a	2025-12-26 14:09:57.062499	2025-12-26 14:09:57.062871
21	0d12f3a6-ca9e-48cc-b6f0-2d22d15567d3	37f62ee6-82de-4a9a-8b3c-a071a5d99ab1	2025-12-26 14:09:57.062499	2025-12-26 14:09:57.062871
1	8e8664a8-6f3c-44ce-adfe-63d8d6cb9fd3	152165ad-6ac5-4187-8063-d5e51a9307d4	2025-12-25 15:30:41.124308	2025-12-25 15:30:41.124709
2	8e8664a8-6f3c-44ce-adfe-63d8d6cb9fd3	d0e1cb2d-84ac-4a9e-8c7e-ea74d3af8579	2025-12-25 15:30:41.124308	2025-12-25 15:30:41.124709
3	8e8664a8-6f3c-44ce-adfe-63d8d6cb9fd3	111b0270-f875-4a37-9f67-2cf308746c80	2025-12-25 15:30:41.124308	2025-12-25 15:30:41.124709
4	8e8664a8-6f3c-44ce-adfe-63d8d6cb9fd3	9fecbfec-835f-44aa-bfe8-7ccfdbac8bf8	2025-12-25 15:30:41.124308	2025-12-25 15:30:41.124709
5	8e8664a8-6f3c-44ce-adfe-63d8d6cb9fd3	7782d587-c305-49af-ade5-b1adf285fd3a	2025-12-25 15:30:41.124308	2025-12-25 15:30:41.124709
6	8e8664a8-6f3c-44ce-adfe-63d8d6cb9fd3	4011e56d-4911-464f-9207-fa246ecbb97d	2025-12-25 15:30:41.124308	2025-12-25 15:30:41.124709
7	8e8664a8-6f3c-44ce-adfe-63d8d6cb9fd3	43c54211-1999-4d7d-b0b2-aa7cfa7fb328	2025-12-25 15:30:41.124308	2025-12-25 15:30:41.124709
8	8e8664a8-6f3c-44ce-adfe-63d8d6cb9fd3	05857965-c3c2-4f3f-b061-e673bcea1ad9	2025-12-25 15:30:41.124308	2025-12-25 15:30:41.124709
9	8e8664a8-6f3c-44ce-adfe-63d8d6cb9fd3	e08511dc-cb01-45ae-b65f-cc627e0f0c05	2025-12-25 15:30:41.124308	2025-12-25 15:30:41.124709
10	8e8664a8-6f3c-44ce-adfe-63d8d6cb9fd3	e974e438-c9ff-4b04-93f1-0cc9e3474ecf	2025-12-25 15:30:41.124308	2025-12-25 15:30:41.124709
11	8e8664a8-6f3c-44ce-adfe-63d8d6cb9fd3	bb01870c-e771-4601-9f53-af5cc99b2a83	2025-12-25 15:30:41.124308	2025-12-25 15:30:41.124709
12	8e8664a8-6f3c-44ce-adfe-63d8d6cb9fd3	c6b59539-9e0d-4743-a8f2-e549e7629c5b	2025-12-25 15:30:41.124308	2025-12-25 15:30:41.124709
13	8e8664a8-6f3c-44ce-adfe-63d8d6cb9fd3	71a32ce7-395b-49a0-bf00-7e835866c751	2025-12-25 15:30:41.124308	2025-12-25 15:30:41.124709
14	8e8664a8-6f3c-44ce-adfe-63d8d6cb9fd3	756f0728-b57f-44a1-9610-294ad947df4d	2025-12-25 15:30:41.124308	2025-12-25 15:30:41.124709
15	8e8664a8-6f3c-44ce-adfe-63d8d6cb9fd3	369d380c-61ea-4f7a-9b06-49f307e0112d	2025-12-25 15:30:41.124308	2025-12-25 15:30:41.124709
16	8e8664a8-6f3c-44ce-adfe-63d8d6cb9fd3	0c9d1092-d688-4e72-8ee8-acf925a3d6fe	2025-12-25 15:30:41.124308	2025-12-25 15:30:41.124709
17	8e8664a8-6f3c-44ce-adfe-63d8d6cb9fd3	14c1e416-ac0c-4f65-a612-01bf63933261	2025-12-25 15:30:41.124308	2025-12-25 15:30:41.124709
18	8e8664a8-6f3c-44ce-adfe-63d8d6cb9fd3	a29fcc2d-d208-4b01-9988-95f79d895318	2025-12-25 15:30:41.124308	2025-12-25 15:30:41.124709
19	8e8664a8-6f3c-44ce-adfe-63d8d6cb9fd3	44d4608c-90da-4b74-b655-fde340726bc0	2025-12-25 15:30:41.124308	2025-12-25 15:30:41.124709
20	8e8664a8-6f3c-44ce-adfe-63d8d6cb9fd3	341bfb39-5d6e-4ac7-97f6-f63a50578565	2025-12-25 15:30:41.124308	2025-12-25 15:30:41.124709
21	8e8664a8-6f3c-44ce-adfe-63d8d6cb9fd3	abca402e-9fdb-48ef-a0b7-af73bb682fea	2025-12-25 15:30:41.124308	2025-12-25 15:30:41.124709
22	8e8664a8-6f3c-44ce-adfe-63d8d6cb9fd3	1f665b2a-c9a8-4aa8-9f86-5edf78cb93d8	2025-12-25 15:30:41.124308	2025-12-25 15:30:41.124709
23	8e8664a8-6f3c-44ce-adfe-63d8d6cb9fd3	b1e5f3a1-5d06-47ea-a5c2-09dc679a9164	2025-12-25 15:30:41.124308	2025-12-25 15:30:41.124709
24	8e8664a8-6f3c-44ce-adfe-63d8d6cb9fd3	0ec4a08e-0c50-44f5-a536-3f48030ac75b	2025-12-25 15:30:41.124308	2025-12-25 15:30:41.124709
25	8e8664a8-6f3c-44ce-adfe-63d8d6cb9fd3	cc808d17-dd03-4e83-9c72-fa04f34bacd6	2025-12-25 15:30:41.124308	2025-12-25 15:30:41.124709
26	8e8664a8-6f3c-44ce-adfe-63d8d6cb9fd3	23251f16-5895-477c-a6ee-8e89dd4eb10d	2025-12-25 15:30:41.124308	2025-12-25 15:30:41.124709
27	8e8664a8-6f3c-44ce-adfe-63d8d6cb9fd3	6944b5cb-17da-4c0a-9933-f57605547c41	2025-12-25 15:30:41.124308	2025-12-25 15:30:41.124709
28	8e8664a8-6f3c-44ce-adfe-63d8d6cb9fd3	4043c25b-bbfa-4d53-830a-d881690b30f1	2025-12-25 15:30:41.124308	2025-12-25 15:30:41.124709
29	8e8664a8-6f3c-44ce-adfe-63d8d6cb9fd3	96804cef-d3e7-4dad-a827-cbcc81119c9e	2025-12-25 15:30:41.124308	2025-12-25 15:30:41.124709
30	8e8664a8-6f3c-44ce-adfe-63d8d6cb9fd3	cfe46192-6c44-4a2c-a641-fcbc319692a7	2025-12-25 15:30:41.124308	2025-12-25 15:30:41.124709
31	8e8664a8-6f3c-44ce-adfe-63d8d6cb9fd3	fb7cc869-8f50-4ac4-aa0e-d494bc5c9e83	2025-12-25 15:30:41.124308	2025-12-25 15:30:41.124709
32	8e8664a8-6f3c-44ce-adfe-63d8d6cb9fd3	2ab94292-8aeb-458c-91c8-66fc086dcfea	2025-12-25 15:30:41.124308	2025-12-25 15:30:41.124709
33	8e8664a8-6f3c-44ce-adfe-63d8d6cb9fd3	5c42c6f4-198b-448a-b783-6526091b19ad	2025-12-25 15:30:41.124308	2025-12-25 15:30:41.124709
34	8e8664a8-6f3c-44ce-adfe-63d8d6cb9fd3	a7bc1793-7d8c-4562-abcb-3b4afb2772b2	2025-12-25 15:30:41.124308	2025-12-25 15:30:41.124709
35	8e8664a8-6f3c-44ce-adfe-63d8d6cb9fd3	47446ffb-66e4-410e-9c8b-eebe9f765800	2025-12-25 15:30:41.124308	2025-12-25 15:30:41.124709
36	8e8664a8-6f3c-44ce-adfe-63d8d6cb9fd3	7427324a-6202-49e7-b010-678eb4b57852	2025-12-25 15:30:41.124308	2025-12-25 15:30:41.124709
37	8e8664a8-6f3c-44ce-adfe-63d8d6cb9fd3	f450d344-a0c9-45de-a1d6-aee95b3bc8a8	2025-12-25 15:30:41.124308	2025-12-25 15:30:41.124709
38	8e8664a8-6f3c-44ce-adfe-63d8d6cb9fd3	8af6d51e-489b-4d84-9e24-722e3f80ca0e	2025-12-25 15:30:41.124308	2025-12-25 15:30:41.124709
39	8e8664a8-6f3c-44ce-adfe-63d8d6cb9fd3	58d1b26c-e038-4ccf-aed3-140d15f51293	2025-12-25 15:30:41.124308	2025-12-25 15:30:41.124709
40	8e8664a8-6f3c-44ce-adfe-63d8d6cb9fd3	87d6be93-46b4-4a4c-8aac-747ca064a53d	2025-12-25 15:30:41.124308	2025-12-25 15:30:41.124709
41	8e8664a8-6f3c-44ce-adfe-63d8d6cb9fd3	8cf5617e-bd9c-4221-b528-f64504c0bace	2025-12-25 15:30:41.124308	2025-12-25 15:30:41.124709
42	8e8664a8-6f3c-44ce-adfe-63d8d6cb9fd3	cb6fc17d-3e93-4c5b-8aa8-4e347ce8c643	2025-12-25 15:30:41.124308	2025-12-25 15:30:41.124709
43	8e8664a8-6f3c-44ce-adfe-63d8d6cb9fd3	60b416d1-4306-4f8f-9736-52c14171863e	2025-12-25 15:30:41.124308	2025-12-25 15:30:41.124709
44	8e8664a8-6f3c-44ce-adfe-63d8d6cb9fd3	50a7fc88-9fdc-45cb-8765-fb700d5194cb	2025-12-25 15:30:41.124308	2025-12-25 15:30:41.124709
45	8e8664a8-6f3c-44ce-adfe-63d8d6cb9fd3	71f11429-62bd-486a-83e5-99656334b1d3	2025-12-25 15:30:41.124308	2025-12-25 15:30:41.124709
46	8e8664a8-6f3c-44ce-adfe-63d8d6cb9fd3	148c4b23-de78-41f2-8ac5-a58f884819ad	2025-12-25 15:30:41.124308	2025-12-25 15:30:41.124709
47	8e8664a8-6f3c-44ce-adfe-63d8d6cb9fd3	d06800fb-f2b0-4d0d-b2ae-5fcc6e002711	2025-12-25 15:30:41.124308	2025-12-25 15:30:41.124709
48	8e8664a8-6f3c-44ce-adfe-63d8d6cb9fd3	006e086e-fb2b-4fe4-aa8f-5e3c9f3cb0b7	2025-12-25 15:30:41.124308	2025-12-25 15:30:41.124709
49	8e8664a8-6f3c-44ce-adfe-63d8d6cb9fd3	afd31265-0abb-4709-b5e6-920963171b53	2025-12-25 15:30:41.124308	2025-12-25 15:30:41.124709
50	8e8664a8-6f3c-44ce-adfe-63d8d6cb9fd3	54ab2350-4694-4051-91bf-b0fb904bd9d2	2025-12-25 15:30:41.124308	2025-12-25 15:30:41.124709
51	8e8664a8-6f3c-44ce-adfe-63d8d6cb9fd3	c54e9e24-7de3-4081-9aaa-1d05a307aa1d	2025-12-25 15:30:41.124308	2025-12-25 15:30:41.124709
52	8e8664a8-6f3c-44ce-adfe-63d8d6cb9fd3	3f910293-bf11-41de-bad3-91a65fa76aa9	2025-12-25 15:30:41.124308	2025-12-25 15:30:41.124709
53	8e8664a8-6f3c-44ce-adfe-63d8d6cb9fd3	f7045bcd-e982-4dea-ba58-a5d67ab9edf0	2025-12-25 15:30:41.124308	2025-12-25 15:30:41.124709
54	8e8664a8-6f3c-44ce-adfe-63d8d6cb9fd3	85b98b67-88d5-43df-88a3-3491d95bbe11	2025-12-25 15:30:41.124308	2025-12-25 15:30:41.124709
55	8e8664a8-6f3c-44ce-adfe-63d8d6cb9fd3	faa2de33-8530-4328-8f46-2ec23fb6923f	2025-12-25 15:30:41.124308	2025-12-25 15:30:41.124709
56	8e8664a8-6f3c-44ce-adfe-63d8d6cb9fd3	c53cb334-1873-465f-a737-c0dffae3d001	2025-12-25 15:30:41.124308	2025-12-25 15:30:41.124709
57	8e8664a8-6f3c-44ce-adfe-63d8d6cb9fd3	4a772488-aeea-4814-a56e-7f311d8e74dc	2025-12-25 15:30:41.124308	2025-12-25 15:30:41.124709
58	8e8664a8-6f3c-44ce-adfe-63d8d6cb9fd3	acb24d9e-7555-4fca-8c0a-c3832e51f022	2025-12-25 15:30:41.124308	2025-12-25 15:30:41.124709
59	8e8664a8-6f3c-44ce-adfe-63d8d6cb9fd3	427d38d6-02e8-446a-b872-e4866dd4dd0d	2025-12-25 15:30:41.124308	2025-12-25 15:30:41.124709
60	8e8664a8-6f3c-44ce-adfe-63d8d6cb9fd3	0f68b5b9-493e-486d-9627-e5efc5edcd9f	2025-12-25 15:30:41.124308	2025-12-25 15:30:41.124709
22	0d12f3a6-ca9e-48cc-b6f0-2d22d15567d3	3f63451b-1163-4716-b4e2-761b6c8eb052	2025-12-26 14:09:57.062499	2025-12-26 14:09:57.062871
23	0d12f3a6-ca9e-48cc-b6f0-2d22d15567d3	8d6ed600-932f-48d8-a85d-35f63638237a	2025-12-26 14:09:57.062499	2025-12-26 14:09:57.062871
24	0d12f3a6-ca9e-48cc-b6f0-2d22d15567d3	ab7a1e0a-58c3-4abd-b6a3-9b9005bfe188	2025-12-26 14:09:57.062499	2025-12-26 14:09:57.062871
25	0d12f3a6-ca9e-48cc-b6f0-2d22d15567d3	458e04e5-e347-45c6-8be0-212dcb2a542d	2025-12-26 14:09:57.062499	2025-12-26 14:09:57.062871
\.


--
-- Data for Name: essential_words; Type: TABLE DATA; Schema: public; Owner: postgres
--

COPY public.essential_words (word, meaning, translation_uz, translation_ru, unit_id, book_id, photo, id, created_at, updated_at) FROM stdin;
arise	To arise is to happen.	paydo bo‘lmoq	возникать	0274ff0e-f870-4b38-a157-6d62f14b02b3	0d12f3a6-ca9e-48cc-b6f0-2d22d15567d3	https://www.essentialenglish.review/apps-data/4000-essential-english-words-3/data/unit-1/wordlist/25950.jpg	d79c65bf-210e-4dd2-ab0b-ef0e575fafd6	2025-12-26 14:09:57.062499	2025-12-26 14:09:57.062871
benefactor	A benefactor is a person who gives money to help someone.	ehsonkor shaxs	благодетель	0274ff0e-f870-4b38-a157-6d62f14b02b3	0d12f3a6-ca9e-48cc-b6f0-2d22d15567d3	https://www.essentialenglish.review/apps-data/4000-essential-english-words-3/data/unit-1/wordlist/25951.jpg	7ebe2935-0e89-4f04-85f8-bdda94607017	2025-12-26 14:09:57.062499	2025-12-26 14:09:57.062871
blacksmith	A blacksmith is a person who makes things out of metal.	temirchi	кузнец	0274ff0e-f870-4b38-a157-6d62f14b02b3	0d12f3a6-ca9e-48cc-b6f0-2d22d15567d3	https://www.essentialenglish.review/apps-data/4000-essential-english-words-3/data/unit-1/wordlist/25952.jpg	80dc9fab-32ce-44e3-8d29-0ac4f7d1a3b8	2025-12-26 14:09:57.062499	2025-12-26 14:09:57.062871
charitable	When someone is charitable, they help people who are in need.	xayrli	благотворительный	0274ff0e-f870-4b38-a157-6d62f14b02b3	0d12f3a6-ca9e-48cc-b6f0-2d22d15567d3	https://www.essentialenglish.review/apps-data/4000-essential-english-words-3/data/unit-1/wordlist/25953.jpg	c21b6513-9a29-4b35-a76c-270335f21003	2025-12-26 14:09:57.062499	2025-12-26 14:09:57.062871
chimney	A chimney is a tall pipe used to carry smoke out of a building.	dimdon	дымоход	0274ff0e-f870-4b38-a157-6d62f14b02b3	0d12f3a6-ca9e-48cc-b6f0-2d22d15567d3	https://www.essentialenglish.review/apps-data/4000-essential-english-words-3/data/unit-1/wordlist/25954.jpg	bfb5bf7d-84f8-4598-8ba3-4b0c7e635b55	2025-12-26 14:09:57.062499	2025-12-26 14:09:57.062871
compensate	To compensate is to pay someone for the time they spent doing something.	qoplamoq	компенсировать	0274ff0e-f870-4b38-a157-6d62f14b02b3	0d12f3a6-ca9e-48cc-b6f0-2d22d15567d3	https://www.essentialenglish.review/apps-data/4000-essential-english-words-3/data/unit-1/wordlist/25955.jpg	9acbe52d-317e-47fa-a642-e3660a51a2e5	2025-12-26 14:09:57.062499	2025-12-26 14:09:57.062871
encounter	If you encounter something, you meet or come close to it.	uchrashmoq	сталкиваться	0274ff0e-f870-4b38-a157-6d62f14b02b3	0d12f3a6-ca9e-48cc-b6f0-2d22d15567d3	https://www.essentialenglish.review/apps-data/4000-essential-english-words-3/data/unit-1/wordlist/25956.jpg	051708c1-6ca4-49ce-868c-b153aaddaa9a	2025-12-26 14:09:57.062499	2025-12-26 14:09:57.062871
exceed	To exceed is to be more than something.	ortiq bo‘lmoq	превышать	0274ff0e-f870-4b38-a157-6d62f14b02b3	0d12f3a6-ca9e-48cc-b6f0-2d22d15567d3	https://www.essentialenglish.review/apps-data/4000-essential-english-words-3/data/unit-1/wordlist/25957.jpg	7c002c48-16a8-4137-8b83-b3a926214e29	2025-12-26 14:09:57.062499	2025-12-26 14:09:57.062871
forge	To forge is to make or produce, especially with difficulty.	sozlamoq / yasamoq	ковать	0274ff0e-f870-4b38-a157-6d62f14b02b3	0d12f3a6-ca9e-48cc-b6f0-2d22d15567d3	https://www.essentialenglish.review/apps-data/4000-essential-english-words-3/data/unit-1/wordlist/25958.jpg	c7494ce7-f661-402d-8896-f1036ceb84f9	2025-12-26 14:09:57.062499	2025-12-26 14:09:57.062871
humble	People who are humble do not believe that they are better than other people.	kamtarlik	скромный	0274ff0e-f870-4b38-a157-6d62f14b02b3	0d12f3a6-ca9e-48cc-b6f0-2d22d15567d3	https://www.essentialenglish.review/apps-data/4000-essential-english-words-3/data/unit-1/wordlist/25959.jpg	c8e03ece-7e10-489f-a3cb-3cb2e0d7250a	2025-12-26 14:09:57.062499	2025-12-26 14:09:57.062871
acquire	To acquire something is to gain possession of it.	egallamoq	приобретать	0b65c184-6d7a-4dd6-807e-7e5ea6d938e0	0d12f3a6-ca9e-48cc-b6f0-2d22d15567d3	https://www.essentialenglish.review/apps-data/4000-essential-english-words-3/data/unit-2/wordlist/25976.jpg	39b4809e-f105-438a-84c0-6ac49a6f0bd5	2025-12-26 14:09:57.062499	2025-12-26 14:09:57.062871
awkward	If something is awkward, it is embarrassing and uncomfortable.	noqulay	неловкий	0b65c184-6d7a-4dd6-807e-7e5ea6d938e0	0d12f3a6-ca9e-48cc-b6f0-2d22d15567d3	https://www.essentialenglish.review/apps-data/4000-essential-english-words-3/data/unit-2/wordlist/25977.jpg	b598cfa8-28b5-4e3c-9527-dfbaed5cf1f6	2025-12-26 14:09:57.062499	2025-12-26 14:09:57.062871
caretaker	A caretaker is a person who takes care of very young, old, or sick people.	qarovchi	опекун	0b65c184-6d7a-4dd6-807e-7e5ea6d938e0	0d12f3a6-ca9e-48cc-b6f0-2d22d15567d3	https://www.essentialenglish.review/apps-data/4000-essential-english-words-3/data/unit-2/wordlist/25978.jpg	ce6acceb-9e51-4301-9923-85dc02452082	2025-12-26 14:09:57.062499	2025-12-26 14:09:57.062871
deceive	To deceive someone is to make them believe something that is not true.	aldamoq	обманывать	0b65c184-6d7a-4dd6-807e-7e5ea6d938e0	0d12f3a6-ca9e-48cc-b6f0-2d22d15567d3	https://www.essentialenglish.review/apps-data/4000-essential-english-words-3/data/unit-2/wordlist/25979.jpg	e5de5e0f-a315-47ee-9b64-9349b652f8ce	2025-12-26 14:09:57.062499	2025-12-26 14:09:57.062871
discourage	To discourage someone is to make them feel less excited about something.	ruhini tushirmoq	обескураживать	0b65c184-6d7a-4dd6-807e-7e5ea6d938e0	0d12f3a6-ca9e-48cc-b6f0-2d22d15567d3	https://www.essentialenglish.review/apps-data/4000-essential-english-words-3/data/unit-2/wordlist/25980.jpg	739f7d35-db81-4ff7-9593-555fd6d095c9	2025-12-26 14:09:57.062499	2025-12-26 14:09:57.062871
fake	If something is fake, it is made to look real in order to trick people.	soxta	фальшивый	0b65c184-6d7a-4dd6-807e-7e5ea6d938e0	0d12f3a6-ca9e-48cc-b6f0-2d22d15567d3	https://www.essentialenglish.review/apps-data/4000-essential-english-words-3/data/unit-2/wordlist/25981.jpg	9e9d4d73-a940-4fbe-b83f-28f684506f96	2025-12-26 14:09:57.062499	2025-12-26 14:09:57.062871
hatred	Hatred is a strong feeling of not liking someone or something.	nafrat	ненависть	0b65c184-6d7a-4dd6-807e-7e5ea6d938e0	0d12f3a6-ca9e-48cc-b6f0-2d22d15567d3	https://www.essentialenglish.review/apps-data/4000-essential-english-words-3/data/unit-2/wordlist/25982.jpg	1364830a-3d47-437c-937c-ff26e52d98a7	2025-12-26 14:09:57.062499	2025-12-26 14:09:57.062871
hut	A hut is a house made of wood, grass, or mud that has only one or two rooms.	kulba	хижина	0b65c184-6d7a-4dd6-807e-7e5ea6d938e0	0d12f3a6-ca9e-48cc-b6f0-2d22d15567d3	https://www.essentialenglish.review/apps-data/4000-essential-english-words-3/data/unit-2/wordlist/25983.jpg	76170a4f-c416-4f5b-8556-3099f0647c2d	2025-12-26 14:09:57.062499	2025-12-26 14:09:57.062871
inferior	If something is inferior, it is not as good as something else.	past sifatli	низший	0b65c184-6d7a-4dd6-807e-7e5ea6d938e0	0d12f3a6-ca9e-48cc-b6f0-2d22d15567d3	https://www.essentialenglish.review/apps-data/4000-essential-english-words-3/data/unit-2/wordlist/25984.jpg	dc8fe729-131b-4f90-aa3a-311c4791a45b	2025-12-26 14:09:57.062499	2025-12-26 14:09:57.062871
lodge	A lodge is a house in the mountains, used by people who hunt or fish.	yotoqxona / kottej	гостиница	0b65c184-6d7a-4dd6-807e-7e5ea6d938e0	0d12f3a6-ca9e-48cc-b6f0-2d22d15567d3	https://www.essentialenglish.review/apps-data/4000-essential-english-words-3/data/unit-2/wordlist/25985.jpg	94cde1cf-60f8-46de-9492-a8c664f41ead	2025-12-26 14:09:57.062499	2025-12-26 14:09:57.062871
alley	An alley is a narrow road behind houses or buildings.	ko‘cha / oraliq yo‘l	переулок	343d9259-dc88-4423-a848-58d62b19f7da	0d12f3a6-ca9e-48cc-b6f0-2d22d15567d3	https://www.essentialenglish.review/apps-data/4000-essential-english-words-3/data/unit-3/wordlist/26003.jpg	68334bf9-2d68-4acc-b337-7ae65c777b41	2025-12-26 14:09:57.062499	2025-12-26 14:09:57.062871
ax	An ax is a tool used to cut wood.	bolta	топор	343d9259-dc88-4423-a848-58d62b19f7da	0d12f3a6-ca9e-48cc-b6f0-2d22d15567d3	https://www.essentialenglish.review/apps-data/4000-essential-english-words-3/data/unit-3/wordlist/26004.jpg	44549f5c-16d8-4f63-945e-156389ecd7a8	2025-12-26 14:09:57.062499	2025-12-26 14:09:57.062871
bunch	A bunch is a group of the same things.	to‘plam / guruh	пучок	343d9259-dc88-4423-a848-58d62b19f7da	0d12f3a6-ca9e-48cc-b6f0-2d22d15567d3	https://www.essentialenglish.review/apps-data/4000-essential-english-words-3/data/unit-3/wordlist/26005.jpg	628c4a4d-a342-4402-813d-1d02c0433711	2025-12-26 14:09:57.062499	2025-12-26 14:09:57.062871
chore	A chore is a job that you have to do but don’t like.	vazifa / uy ishlar	хлопоты	343d9259-dc88-4423-a848-58d62b19f7da	0d12f3a6-ca9e-48cc-b6f0-2d22d15567d3	https://www.essentialenglish.review/apps-data/4000-essential-english-words-3/data/unit-3/wordlist/26006.jpg	66a2faa7-c8e1-49fa-8111-284363681a6b	2025-12-26 14:09:57.062499	2025-12-26 14:09:57.062871
decent	When something is decent, it is OK or good enough.	o‘rtacha / yetarli	приличный	343d9259-dc88-4423-a848-58d62b19f7da	0d12f3a6-ca9e-48cc-b6f0-2d22d15567d3	https://www.essentialenglish.review/apps-data/4000-essential-english-words-3/data/unit-3/wordlist/26007.jpg	be8d0b7a-5377-4e98-873a-859329e75fc9	2025-12-26 14:09:57.062499	2025-12-26 14:09:57.062871
disgrace	Disgrace is a feeling of shame.	sharmandalik	бесчестье	343d9259-dc88-4423-a848-58d62b19f7da	0d12f3a6-ca9e-48cc-b6f0-2d22d15567d3	https://www.essentialenglish.review/apps-data/4000-essential-english-words-3/data/unit-3/wordlist/26008.jpg	d5189006-bcbe-4246-b278-ba3cbcdb8bd3	2025-12-26 14:09:57.062499	2025-12-26 14:09:57.062871
elbow	The elbow is the middle part of a person’s arm that lets you bend it.	tirsak	локоть	343d9259-dc88-4423-a848-58d62b19f7da	0d12f3a6-ca9e-48cc-b6f0-2d22d15567d3	https://www.essentialenglish.review/apps-data/4000-essential-english-words-3/data/unit-3/wordlist/26009.jpg	3ea18ac1-4620-42c9-9f10-02265d56e431	2025-12-26 14:09:57.062499	2025-12-26 14:09:57.062871
tale	A tale is a story.	ertak	рассказ	341bfb39-5d6e-4ac7-97f6-f63a50578565	8e8664a8-6f3c-44ce-adfe-63d8d6cb9fd3	https://www.essentialenglish.review/apps-data/4000-essential-english-words-2/data/unit-10/wordlist/25292.jpg	c7c6d403-99ce-461b-af2a-10485c74418e	2025-12-25 15:30:41.124308	2025-12-25 15:30:41.124709
trap	To trap people or animals is to capture them so they cannot get away.	tuzoq	ловушка	341bfb39-5d6e-4ac7-97f6-f63a50578565	8e8664a8-6f3c-44ce-adfe-63d8d6cb9fd3	https://www.essentialenglish.review/apps-data/4000-essential-english-words-2/data/unit-10/wordlist/25293.jpg	5d8b39e8-1c05-4ec1-a745-24c37ecbd42f	2025-12-25 15:30:41.124308	2025-12-25 15:30:41.124709
trial	A trial is the way a court discovers if a person is guilty or innocent.	sinov	суд	341bfb39-5d6e-4ac7-97f6-f63a50578565	8e8664a8-6f3c-44ce-adfe-63d8d6cb9fd3	https://www.essentialenglish.review/apps-data/4000-essential-english-words-2/data/unit-10/wordlist/25294.jpg	60327fd6-9afa-49af-b719-1dc5adcd0bbb	2025-12-25 15:30:41.124308	2025-12-25 15:30:41.124709
violent	When people are violent, they want to hurt someone.	zo'ravon	жестокий	341bfb39-5d6e-4ac7-97f6-f63a50578565	8e8664a8-6f3c-44ce-adfe-63d8d6cb9fd3	https://www.essentialenglish.review/apps-data/4000-essential-english-words-2/data/unit-10/wordlist/25295.jpg	5e2fcebc-156c-4c5b-951a-1be7f3349604	2025-12-25 15:30:41.124308	2025-12-25 15:30:41.124709
admission	Admission is the act of allowing to enter a place.	kirish	вход	abca402e-9fdb-48ef-a0b7-af73bb682fea	8e8664a8-6f3c-44ce-adfe-63d8d6cb9fd3	https://www.essentialenglish.review/apps-data/4000-essential-english-words-2/data/unit-11/wordlist/25302.jpg	76510993-9ea0-42e5-b1f3-07054ca681ae	2025-12-25 15:30:41.124308	2025-12-25 15:30:41.124709
astronomy	Astronomy is the study of the stars and planets.	astronomiya	астрономия	abca402e-9fdb-48ef-a0b7-af73bb682fea	8e8664a8-6f3c-44ce-adfe-63d8d6cb9fd3	https://www.essentialenglish.review/apps-data/4000-essential-english-words-2/data/unit-11/wordlist/25303.jpg	5c0ef349-7238-4eb2-90c2-5464fd034a9e	2025-12-25 15:30:41.124308	2025-12-25 15:30:41.124709
blame	To blame someone for something bad is to say they did it.	ayblamoq	винить	abca402e-9fdb-48ef-a0b7-af73bb682fea	8e8664a8-6f3c-44ce-adfe-63d8d6cb9fd3	https://www.essentialenglish.review/apps-data/4000-essential-english-words-2/data/unit-11/wordlist/25304.jpg	81edd3e9-8938-4902-b759-3d4f93d835e7	2025-12-25 15:30:41.124308	2025-12-25 15:30:41.124709
chemistry	Chemistry the study of and reaction to substances.	kimyo	химия	abca402e-9fdb-48ef-a0b7-af73bb682fea	8e8664a8-6f3c-44ce-adfe-63d8d6cb9fd3	https://www.essentialenglish.review/apps-data/4000-essential-english-words-2/data/unit-11/wordlist/25305.jpg	c16a9195-b875-4cc1-80f7-5c53345ffabd	2025-12-25 15:30:41.124308	2025-12-25 15:30:41.124709
despite	If something happens despite what you do, it happens anyway.	ga qaramasdan	несмотря на	abca402e-9fdb-48ef-a0b7-af73bb682fea	8e8664a8-6f3c-44ce-adfe-63d8d6cb9fd3	https://www.essentialenglish.review/apps-data/4000-essential-english-words-2/data/unit-11/wordlist/25306.jpg	fed63b1e-53c1-422d-9025-bb7869d06ee5	2025-12-25 15:30:41.124308	2025-12-25 15:30:41.124709
dinosaur	A dinosaur is a very big animal that lived millions of years ago.	dinozavr	динозавр	abca402e-9fdb-48ef-a0b7-af73bb682fea	8e8664a8-6f3c-44ce-adfe-63d8d6cb9fd3	https://www.essentialenglish.review/apps-data/4000-essential-english-words-2/data/unit-11/wordlist/25307.jpg	8f8bb881-c97a-4d72-9e72-134638dd52ca	2025-12-25 15:30:41.124308	2025-12-25 15:30:41.124709
exhibit	An exhibit is a display of interesting things.	ko'rgazma	экспонат	abca402e-9fdb-48ef-a0b7-af73bb682fea	8e8664a8-6f3c-44ce-adfe-63d8d6cb9fd3	https://www.essentialenglish.review/apps-data/4000-essential-english-words-2/data/unit-11/wordlist/25308.jpg	7bb47c8f-7e32-4958-8cbe-7f93fb9e86be	2025-12-25 15:30:41.124308	2025-12-25 15:30:41.124709
fame	Fame is reputation one has gained among the public.	shuhrat	слава	abca402e-9fdb-48ef-a0b7-af73bb682fea	8e8664a8-6f3c-44ce-adfe-63d8d6cb9fd3	https://www.essentialenglish.review/apps-data/4000-essential-english-words-2/data/unit-11/wordlist/25309.jpg	e6cea330-f364-4e0d-9a6a-0fbac97b1ac8	2025-12-25 15:30:41.124308	2025-12-25 15:30:41.124709
forecast	A forecast is an idea about what the weather will be like in the future.	prognoz	прогноз	abca402e-9fdb-48ef-a0b7-af73bb682fea	8e8664a8-6f3c-44ce-adfe-63d8d6cb9fd3	https://www.essentialenglish.review/apps-data/4000-essential-english-words-2/data/unit-11/wordlist/25310.jpg	316ad52f-72a5-478f-9fb5-748bd6242dba	2025-12-25 15:30:41.124308	2025-12-25 15:30:41.124709
genius	A genius is a very smart person.	daho	гений	abca402e-9fdb-48ef-a0b7-af73bb682fea	8e8664a8-6f3c-44ce-adfe-63d8d6cb9fd3	https://www.essentialenglish.review/apps-data/4000-essential-english-words-2/data/unit-11/wordlist/25311.jpg	e2c7f1eb-2a7d-429d-9e29-5fbeea97d7ab	2025-12-25 15:30:41.124308	2025-12-25 15:30:41.124709
gentle	Someone who is gentle is kind and calm.	mehribon	нежный	1f665b2a-c9a8-4aa8-9f86-5edf78cb93d8	8e8664a8-6f3c-44ce-adfe-63d8d6cb9fd3	https://www.essentialenglish.review/apps-data/4000-essential-english-words-2/data/unit-11/wordlist/25312.jpg	9632ecaf-c123-4874-bb38-931798f91447	2025-12-25 15:30:41.124308	2025-12-25 15:30:41.124709
geography	Geography is the study of where things are.	geografiya	география	1f665b2a-c9a8-4aa8-9f86-5edf78cb93d8	8e8664a8-6f3c-44ce-adfe-63d8d6cb9fd3	https://www.essentialenglish.review/apps-data/4000-essential-english-words-2/data/unit-11/wordlist/25313.jpg	e41fd31b-4163-46c9-9cc6-93b714205158	2025-12-25 15:30:41.124308	2025-12-25 15:30:41.124709
interfere	To interfere is to cause problems and keep something from happening.	aralashmoq	вмешиваться	1f665b2a-c9a8-4aa8-9f86-5edf78cb93d8	8e8664a8-6f3c-44ce-adfe-63d8d6cb9fd3	https://www.essentialenglish.review/apps-data/4000-essential-english-words-2/data/unit-11/wordlist/25314.jpg	2e258e37-6394-4ab6-bb1b-8d6b88d8eb1b	2025-12-25 15:30:41.124308	2025-12-25 15:30:41.124709
lightly	To do something lightly is to not push very hard.	yengil	легко	1f665b2a-c9a8-4aa8-9f86-5edf78cb93d8	8e8664a8-6f3c-44ce-adfe-63d8d6cb9fd3	https://www.essentialenglish.review/apps-data/4000-essential-english-words-2/data/unit-11/wordlist/25315.jpg	dc46bd3d-ff55-49c8-af21-090813e0d08d	2025-12-25 15:30:41.124308	2025-12-25 15:30:41.124709
principal	A principal is a person in charge of a school.	direktor	директор	1f665b2a-c9a8-4aa8-9f86-5edf78cb93d8	8e8664a8-6f3c-44ce-adfe-63d8d6cb9fd3	https://www.essentialenglish.review/apps-data/4000-essential-english-words-2/data/unit-11/wordlist/25316.jpg	71613451-a5f1-4606-902c-064e84a0857b	2025-12-25 15:30:41.124308	2025-12-25 15:30:41.124709
row	A row is a line of things.	qator	ряд	1f665b2a-c9a8-4aa8-9f86-5edf78cb93d8	8e8664a8-6f3c-44ce-adfe-63d8d6cb9fd3	https://www.essentialenglish.review/apps-data/4000-essential-english-words-2/data/unit-11/wordlist/25317.jpg	85610a3f-c4d7-4f3b-8d42-ddcbd5e5ed0c	2025-12-25 15:30:41.124308	2025-12-25 15:30:41.124709
shelf	A shelf is a place on a wall where you put things.	javon	полка	1f665b2a-c9a8-4aa8-9f86-5edf78cb93d8	8e8664a8-6f3c-44ce-adfe-63d8d6cb9fd3	https://www.essentialenglish.review/apps-data/4000-essential-english-words-2/data/unit-11/wordlist/25318.jpg	655742f2-e9cc-4fad-9b68-30d7035f46c3	2025-12-25 15:30:41.124308	2025-12-25 15:30:41.124709
spite	If you do something out of spite, you want to be mean.	g'animat	злость	1f665b2a-c9a8-4aa8-9f86-5edf78cb93d8	8e8664a8-6f3c-44ce-adfe-63d8d6cb9fd3	https://www.essentialenglish.review/apps-data/4000-essential-english-words-2/data/unit-11/wordlist/25319.jpg	4ab9298a-6051-4592-b58e-af20ee65bd4a	2025-12-25 15:30:41.124308	2025-12-25 15:30:41.124709
super	Super means really good.	a'lo	супер	1f665b2a-c9a8-4aa8-9f86-5edf78cb93d8	8e8664a8-6f3c-44ce-adfe-63d8d6cb9fd3	https://www.essentialenglish.review/apps-data/4000-essential-english-words-2/data/unit-11/wordlist/25320.jpg	9db72f6e-7431-4f8c-a40c-61f503d8110e	2025-12-25 15:30:41.124308	2025-12-25 15:30:41.124709
wet	If something is wet, it has water on it.	ho'l	мокрый	1f665b2a-c9a8-4aa8-9f86-5edf78cb93d8	8e8664a8-6f3c-44ce-adfe-63d8d6cb9fd3	https://www.essentialenglish.review/apps-data/4000-essential-english-words-2/data/unit-11/wordlist/25321.jpg	6cd8ff40-5970-4bb2-a38a-3046714e5eef	2025-12-25 15:30:41.124308	2025-12-25 15:30:41.124709
abuse	To abuse someone or something means to hurt them on purpose.	suiiste'mol qilmoq	злоупотреблять	b1e5f3a1-5d06-47ea-a5c2-09dc679a9164	8e8664a8-6f3c-44ce-adfe-63d8d6cb9fd3	https://www.essentialenglish.review/apps-data/4000-essential-english-words-2/data/unit-12/wordlist/25329.jpg	8bbb3efb-d5ae-462c-841d-0e64b61c3d6c	2025-12-25 15:30:41.124308	2025-12-25 15:30:41.124709
afford	To afford something means you have enough money to pay for it.	qarzi bor	позволить себе	b1e5f3a1-5d06-47ea-a5c2-09dc679a9164	8e8664a8-6f3c-44ce-adfe-63d8d6cb9fd3	https://www.essentialenglish.review/apps-data/4000-essential-english-words-2/data/unit-12/wordlist/25330.jpg	7a237f8c-f8ff-494b-b667-260e20fb95db	2025-12-25 15:30:41.124308	2025-12-25 15:30:41.124709
bake	To bake means to cook food with heat.	pishirmoq	печь	b1e5f3a1-5d06-47ea-a5c2-09dc679a9164	8e8664a8-6f3c-44ce-adfe-63d8d6cb9fd3	https://www.essentialenglish.review/apps-data/4000-essential-english-words-2/data/unit-12/wordlist/25331.jpg	f5fcca87-8695-42c2-9916-2798840a6a00	2025-12-25 15:30:41.124308	2025-12-25 15:30:41.124709
bean	A bean is a plant seed that is good to eat.	loviya	боб	b1e5f3a1-5d06-47ea-a5c2-09dc679a9164	8e8664a8-6f3c-44ce-adfe-63d8d6cb9fd3	https://www.essentialenglish.review/apps-data/4000-essential-english-words-2/data/unit-12/wordlist/25332.jpg	459ad567-89dd-4ff9-b2e2-9a1067a8e2af	2025-12-25 15:30:41.124308	2025-12-25 15:30:41.124709
grateful	When you are grateful for something, you are happy that it happened.	minnatdor	благодарный	343d9259-dc88-4423-a848-58d62b19f7da	0d12f3a6-ca9e-48cc-b6f0-2d22d15567d3	https://www.essentialenglish.review/apps-data/4000-essential-english-words-3/data/unit-3/wordlist/26010.jpg	5acb840e-c9a2-4a47-86a6-922c0345f488	2025-12-26 14:09:57.062499	2025-12-26 14:09:57.062871
irritate	To irritate means to annoy someone.	bezovta qilmoq / xafa qilmoq	раздражать	343d9259-dc88-4423-a848-58d62b19f7da	0d12f3a6-ca9e-48cc-b6f0-2d22d15567d3	https://www.essentialenglish.review/apps-data/4000-essential-english-words-3/data/unit-3/wordlist/26011.jpg	47b2490a-22d5-40b1-9e37-c3fca8fba1e5	2025-12-26 14:09:57.062499	2025-12-26 14:09:57.062871
kid	To kid is to make a joke to make someone believe something which is not true.	hazillashmoq	подшучивать / дразнить	343d9259-dc88-4423-a848-58d62b19f7da	0d12f3a6-ca9e-48cc-b6f0-2d22d15567d3	https://www.essentialenglish.review/apps-data/4000-essential-english-words-3/data/unit-3/wordlist/26012.jpg	44d250f1-1d8e-4376-9d4b-5387b7b9ef44	2025-12-26 14:09:57.062499	2025-12-26 14:09:57.062871
bloom	When a plant blooms, it makes flowers.	gullar ochilishi	цвести	c5a66f9e-4b5f-4d16-909e-05c64d9bdaa2	0d12f3a6-ca9e-48cc-b6f0-2d22d15567d3	https://www.essentialenglish.review/apps-data/4000-essential-english-words-3/data/unit-4/wordlist/26058.jpg	fbde374a-7c6d-46c9-b1f3-ed490e9b5517	2025-12-26 14:09:57.062499	2025-12-26 14:09:57.062871
compact	If something is compact, it is smaller than normal.	ixcham / zich	компактный	c5a66f9e-4b5f-4d16-909e-05c64d9bdaa2	0d12f3a6-ca9e-48cc-b6f0-2d22d15567d3	https://www.essentialenglish.review/apps-data/4000-essential-english-words-3/data/unit-4/wordlist/26059.jpg	382c7f32-f804-454d-9f28-a356ac6588e4	2025-12-26 14:09:57.062499	2025-12-26 14:09:57.062871
curl	A curl is a small piece of something with a round shape.	burama / burilish	завивать	c5a66f9e-4b5f-4d16-909e-05c64d9bdaa2	0d12f3a6-ca9e-48cc-b6f0-2d22d15567d3	https://www.essentialenglish.review/apps-data/4000-essential-english-words-3/data/unit-4/wordlist/26060.jpg	be0ca345-f4c2-4e45-aaf3-24ecbc81b295	2025-12-26 14:09:57.062499	2025-12-26 14:09:57.062871
decay	To decay is to be destroyed naturally.	chirimoq / buzilmoq	разлагаться	c5a66f9e-4b5f-4d16-909e-05c64d9bdaa2	0d12f3a6-ca9e-48cc-b6f0-2d22d15567d3	https://www.essentialenglish.review/apps-data/4000-essential-english-words-3/data/unit-4/wordlist/26061.jpg	2abd8337-be16-48b3-901a-1155b1ebce6a	2025-12-26 14:09:57.062499	2025-12-26 14:09:57.062871
dessert	Dessert is a sweet food that you eat after a meal.	shirinlik	десерт	c5a66f9e-4b5f-4d16-909e-05c64d9bdaa2	0d12f3a6-ca9e-48cc-b6f0-2d22d15567d3	https://www.essentialenglish.review/apps-data/4000-essential-english-words-3/data/unit-4/wordlist/26062.jpg	89367911-d8e4-4fe3-a1a0-f4084e270019	2025-12-26 14:09:57.062499	2025-12-26 14:09:57.062871
dip	To dip something is to put part of it into a liquid for a short time.	cho‘milmoq / botirmoq	окунуть	c5a66f9e-4b5f-4d16-909e-05c64d9bdaa2	0d12f3a6-ca9e-48cc-b6f0-2d22d15567d3	https://www.essentialenglish.review/apps-data/4000-essential-english-words-3/data/unit-4/wordlist/26063.jpg	40686776-e5c5-4d71-926e-118a26bd4b59	2025-12-26 14:09:57.062499	2025-12-26 14:09:57.062871
distant	If something is distant, it is far away.	uzoqlashgan / uzoq	дальний	c5a66f9e-4b5f-4d16-909e-05c64d9bdaa2	0d12f3a6-ca9e-48cc-b6f0-2d22d15567d3	https://www.essentialenglish.review/apps-data/4000-essential-english-words-3/data/unit-4/wordlist/26064.jpg	d6dda0ca-bbfb-49f7-84d4-eb5b404a1aa8	2025-12-26 14:09:57.062499	2025-12-26 14:09:57.062871
eclipse	An eclipse is an occasion when the moon moves in front of the sun.	quyosh yoki oy tutilishi	затмение	c5a66f9e-4b5f-4d16-909e-05c64d9bdaa2	0d12f3a6-ca9e-48cc-b6f0-2d22d15567d3	https://www.essentialenglish.review/apps-data/4000-essential-english-words-3/data/unit-4/wordlist/26065.jpg	9e704ca3-1535-4824-8371-3df88f6206ac	2025-12-26 14:09:57.062499	2025-12-26 14:09:57.062871
fairy	A fairy is a small, magic creature with wings.	peri	фея	c5a66f9e-4b5f-4d16-909e-05c64d9bdaa2	0d12f3a6-ca9e-48cc-b6f0-2d22d15567d3	https://www.essentialenglish.review/apps-data/4000-essential-english-words-3/data/unit-4/wordlist/26066.jpg	dcdb40cc-ae60-43a2-89b3-009b5081f92e	2025-12-26 14:09:57.062499	2025-12-26 14:09:57.062871
grace	Grace is a quality of moving in a smooth, relaxed and attractive way.	noziklik / nafislik	благодать	c5a66f9e-4b5f-4d16-909e-05c64d9bdaa2	0d12f3a6-ca9e-48cc-b6f0-2d22d15567d3	https://www.essentialenglish.review/apps-data/4000-essential-english-words-3/data/unit-4/wordlist/26067.jpg	c98083b7-048c-4080-9a12-70132e7fe23e	2025-12-26 14:09:57.062499	2025-12-26 14:09:57.062871
acquaint	To acquaint is to get to know something or someone.	tanishish / tanishtirmoq	знакомиться	a6297352-888d-403b-bf98-107f824f77cc	0d12f3a6-ca9e-48cc-b6f0-2d22d15567d3	https://www.essentialenglish.review/apps-data/4000-essential-english-words-3/data/unit-5/wordlist/26084.jpg	bd76c198-d9bc-4f64-9965-240e1a502ead	2025-12-26 14:09:57.062499	2025-12-26 14:09:57.062871
cemetery	A cemetery is where people are buried when they die.	qabriston	кладбище	a6297352-888d-403b-bf98-107f824f77cc	0d12f3a6-ca9e-48cc-b6f0-2d22d15567d3	https://www.essentialenglish.review/apps-data/4000-essential-english-words-3/data/unit-5/wordlist/26085.jpg	0c999f4b-2a9e-4064-b1a2-795138089437	2025-12-26 14:09:57.062499	2025-12-26 14:09:57.062871
curse	To curse someone or something is to hope that bad things happen to them.	la’natlamoq / tilamoq	проклинать	a6297352-888d-403b-bf98-107f824f77cc	0d12f3a6-ca9e-48cc-b6f0-2d22d15567d3	https://www.essentialenglish.review/apps-data/4000-essential-english-words-3/data/unit-5/wordlist/26086.jpg	be5b247e-d480-4898-b402-70494c89ae03	2025-12-26 14:09:57.062499	2025-12-26 14:09:57.062871
disguise	A disguise is something you wear so people cannot tell who you are.	yashirin kiyim / maskirovka	маскировка	a6297352-888d-403b-bf98-107f824f77cc	0d12f3a6-ca9e-48cc-b6f0-2d22d15567d3	https://www.essentialenglish.review/apps-data/4000-essential-english-words-3/data/unit-5/wordlist/26087.jpg	ba57f6e4-6f13-4c92-89da-20d1a8953a5c	2025-12-26 14:09:57.062499	2025-12-26 14:09:57.062871
fancy	If something is fancy, it is nicer than normal.	hashamatli / zamonaviy	причудливый	a6297352-888d-403b-bf98-107f824f77cc	0d12f3a6-ca9e-48cc-b6f0-2d22d15567d3	https://www.essentialenglish.review/apps-data/4000-essential-english-words-3/data/unit-5/wordlist/26088.jpg	0b45975e-2804-4b68-aaa6-e388a8f0a3fb	2025-12-26 14:09:57.062499	2025-12-26 14:09:57.062871
flashlight	A flashlight is a small electric light that you carry in your hand.	sham / batareyali chiroq	фонарик	a6297352-888d-403b-bf98-107f824f77cc	0d12f3a6-ca9e-48cc-b6f0-2d22d15567d3	https://www.essentialenglish.review/apps-data/4000-essential-english-words-3/data/unit-5/wordlist/26089.jpg	86362ae5-38f2-419c-ab2a-e2f0a0032c43	2025-12-26 14:09:57.062499	2025-12-26 14:09:57.062871
hood	A hood is part of a coat that goes over your head.	shlyapa / kapyushon	капюшон	a6297352-888d-403b-bf98-107f824f77cc	0d12f3a6-ca9e-48cc-b6f0-2d22d15567d3	https://www.essentialenglish.review/apps-data/4000-essential-english-words-3/data/unit-5/wordlist/26090.jpg	d09c904a-06b3-4f02-8586-13d8a1577dde	2025-12-26 14:09:57.062499	2025-12-26 14:09:57.062871
inhabitant	An inhabitant is a person who lives in a certain place.	aholi / yashovchi	житель	a6297352-888d-403b-bf98-107f824f77cc	0d12f3a6-ca9e-48cc-b6f0-2d22d15567d3	https://www.essentialenglish.review/apps-data/4000-essential-english-words-3/data/unit-5/wordlist/26091.jpg	9414a6ba-5a92-4f25-ab00-3f89da0b28bd	2025-12-26 14:09:57.062499	2025-12-26 14:09:57.062871
nourish	To nourish something is to give it food that it needs to live.	oziqlantirmoq / boqmoq	питать	a6297352-888d-403b-bf98-107f824f77cc	0d12f3a6-ca9e-48cc-b6f0-2d22d15567d3	https://www.essentialenglish.review/apps-data/4000-essential-english-words-3/data/unit-5/wordlist/26092.jpg	e886b4f2-d2ae-4519-8c6a-4c032f02a732	2025-12-26 14:09:57.062499	2025-12-26 14:09:57.062871
pirate	A pirate is a sailor who steals things from other boats.	qaroqchi	пират	a6297352-888d-403b-bf98-107f824f77cc	0d12f3a6-ca9e-48cc-b6f0-2d22d15567d3	https://www.essentialenglish.review/apps-data/4000-essential-english-words-3/data/unit-5/wordlist/26093.jpg	d0771c70-7fd6-4f8a-bf48-e18225a8b579	2025-12-26 14:09:57.062499	2025-12-26 14:09:57.062871
alert	To alert someone is to tell or warn them about something.	ogohlantirmoq, xabar bermoq	предупреждать, оповещать	72e02f5f-a38f-4475-83af-82c4d16378f2	0d12f3a6-ca9e-48cc-b6f0-2d22d15567d3	https://www.essentialenglish.review/apps-data/4000-essential-english-words-3/data/unit-6/wordlist/26115.jpg	ea056929-a4d1-44dd-a1e9-a11bc3348fba	2025-12-26 14:09:57.062499	2025-12-26 14:09:57.062871
broadcast	A broadcast is a television or radio show.	eshittirish, translyatsiya	трансляция, передача	72e02f5f-a38f-4475-83af-82c4d16378f2	0d12f3a6-ca9e-48cc-b6f0-2d22d15567d3	https://www.essentialenglish.review/apps-data/4000-essential-english-words-3/data/unit-6/wordlist/26116.jpg	90d0d247-e24f-49d6-a41f-4bfbe13bc263	2025-12-26 14:09:57.062499	2025-12-26 14:09:57.062871
bulletin	A bulletin is a news report that talks about very recent and important events.	byulleten, axborot	бюллетень, сообщение	72e02f5f-a38f-4475-83af-82c4d16378f2	0d12f3a6-ca9e-48cc-b6f0-2d22d15567d3	https://www.essentialenglish.review/apps-data/4000-essential-english-words-3/data/unit-6/wordlist/26117.jpg	ed473cc3-3a19-4055-ac28-10ad4fddb6e9	2025-12-26 14:09:57.062499	2025-12-26 14:09:57.062871
bump	A bump is a small raised area on a surface.	do'mboq, shish	шишка, выпуклость	72e02f5f-a38f-4475-83af-82c4d16378f2	0d12f3a6-ca9e-48cc-b6f0-2d22d15567d3	https://www.essentialenglish.review/apps-data/4000-essential-english-words-3/data/unit-6/wordlist/26118.jpg	ee870c95-71f8-44e3-b5ab-3135029d5107	2025-12-26 14:09:57.062499	2025-12-26 14:09:57.062871
chop	To chop something means to cut it into pieces with a tool.	chop'lamoq, tilimlamoq	рубить, нарезать	72e02f5f-a38f-4475-83af-82c4d16378f2	0d12f3a6-ca9e-48cc-b6f0-2d22d15567d3	https://www.essentialenglish.review/apps-data/4000-essential-english-words-3/data/unit-6/wordlist/26119.jpg	16311fa7-a6a3-493d-8bce-c704fd14e155	2025-12-26 14:09:57.062499	2025-12-26 14:09:57.062871
closet	A closet is a small room used to store things.	javon, shkaf	шкаф, гардероб	72e02f5f-a38f-4475-83af-82c4d16378f2	0d12f3a6-ca9e-48cc-b6f0-2d22d15567d3	https://www.essentialenglish.review/apps-data/4000-essential-english-words-3/data/unit-6/wordlist/26120.jpg	6ba90e48-e2a4-439a-88fb-dfbdd5141fd5	2025-12-26 14:09:57.062499	2025-12-26 14:09:57.062871
console	To console someone who is sad means to make them comforted.	taskin bermoq, ovutmoq	утешать	72e02f5f-a38f-4475-83af-82c4d16378f2	0d12f3a6-ca9e-48cc-b6f0-2d22d15567d3	https://www.essentialenglish.review/apps-data/4000-essential-english-words-3/data/unit-6/wordlist/26121.jpg	d6fe9d00-cea0-411c-a078-169bb45b056a	2025-12-26 14:09:57.062499	2025-12-26 14:09:57.062871
district	A district is a small part of a city, county, state, or country.	tuman, rayon	район, округ	72e02f5f-a38f-4475-83af-82c4d16378f2	0d12f3a6-ca9e-48cc-b6f0-2d22d15567d3	https://www.essentialenglish.review/apps-data/4000-essential-english-words-3/data/unit-6/wordlist/26122.jpg	cfdfe6f5-1b30-431c-b817-1b2942e330d2	2025-12-26 14:09:57.062499	2025-12-26 14:09:57.062871
drawer	A drawer is a small part in furniture that is used to store things.	yashik, stol yashigi	ящик (стола, комода)	72e02f5f-a38f-4475-83af-82c4d16378f2	0d12f3a6-ca9e-48cc-b6f0-2d22d15567d3	https://www.essentialenglish.review/apps-data/4000-essential-english-words-3/data/unit-6/wordlist/26123.jpg	5920c11f-9c85-4b85-af17-3cc2e0fa9b96	2025-12-26 14:09:57.062499	2025-12-26 14:09:57.062871
endure	To endure something tough means to do or go through it.	chidamoq, bardosh bermoq	выдерживать, терпеть	72e02f5f-a38f-4475-83af-82c4d16378f2	0d12f3a6-ca9e-48cc-b6f0-2d22d15567d3	https://www.essentialenglish.review/apps-data/4000-essential-english-words-3/data/unit-6/wordlist/26124.jpg	ccb8d05b-fe0a-4768-b4eb-d8d68f50da23	2025-12-26 14:09:57.062499	2025-12-26 14:09:57.062871
abandon	To abandon something is to leave it forever or for a long time.	tark etmoq, voz kechmoq	оставлять, покидать	5b5e07d1-c457-499e-961b-9e7ef4f7727b	0d12f3a6-ca9e-48cc-b6f0-2d22d15567d3	https://www.essentialenglish.review/apps-data/4000-essential-english-words-3/data/unit-7/wordlist/26144.jpg	f071b01d-ac22-4c10-ae08-66c53252d57e	2025-12-26 14:09:57.062499	2025-12-26 14:09:57.062871
ambitious	If someone is ambitious, they want to be rich or successful.	maqsadli, ambitsiyali	амбициозный, целеустремленный	5b5e07d1-c457-499e-961b-9e7ef4f7727b	0d12f3a6-ca9e-48cc-b6f0-2d22d15567d3	https://www.essentialenglish.review/apps-data/4000-essential-english-words-3/data/unit-7/wordlist/26145.jpg	99a74449-993f-48ad-b37a-48dec8d8d665	2025-12-26 14:09:57.062499	2025-12-26 14:09:57.062871
bark	When a dog barks, it makes a short, loud noise.	vovillamoq, hurmoq	лаять	5b5e07d1-c457-499e-961b-9e7ef4f7727b	0d12f3a6-ca9e-48cc-b6f0-2d22d15567d3	https://www.essentialenglish.review/apps-data/4000-essential-english-words-3/data/unit-7/wordlist/26146.jpg	efad25c2-9478-4342-aff3-6c4e01838632	2025-12-26 14:09:57.062499	2025-12-26 14:09:57.062871
bay	A bay is an area near the ocean where the land goes inward.	qo'ltiq, бухта	бухта, залив	5b5e07d1-c457-499e-961b-9e7ef4f7727b	0d12f3a6-ca9e-48cc-b6f0-2d22d15567d3	https://www.essentialenglish.review/apps-data/4000-essential-english-words-3/data/unit-7/wordlist/26147.jpg	2afe64b7-7952-4a59-89a6-0dbf3954d7c2	2025-12-26 14:09:57.062499	2025-12-26 14:09:57.062871
brilliant	If someone is brilliant, they are very smart.	aqlli, dono, ajoyib	блестящий, умный	5b5e07d1-c457-499e-961b-9e7ef4f7727b	0d12f3a6-ca9e-48cc-b6f0-2d22d15567d3	https://www.essentialenglish.review/apps-data/4000-essential-english-words-3/data/unit-7/wordlist/26148.jpg	ccd7fc0b-ad14-4792-a7c2-ffefdd7ff670	2025-12-26 14:09:57.062499	2025-12-26 14:09:57.062871
chin	Your chin is the hard part at the bottom of your face.	iyak	подбородок	5b5e07d1-c457-499e-961b-9e7ef4f7727b	0d12f3a6-ca9e-48cc-b6f0-2d22d15567d3	https://www.essentialenglish.review/apps-data/4000-essential-english-words-3/data/unit-7/wordlist/26149.jpg	93120b56-8316-4257-baba-8101a031903d	2025-12-26 14:09:57.062499	2025-12-26 14:09:57.062871
complaint	A complaint is something you say to tell people that you don’t like something.	shikoyat, norozilik	жалоба	5b5e07d1-c457-499e-961b-9e7ef4f7727b	0d12f3a6-ca9e-48cc-b6f0-2d22d15567d3	https://www.essentialenglish.review/apps-data/4000-essential-english-words-3/data/unit-7/wordlist/26150.jpg	e9f1c6de-56ca-41a3-aa40-b97089695d54	2025-12-26 14:09:57.062499	2025-12-26 14:09:57.062871
deaf	When someone is deaf, they cannot hear.	kar	глухой	5b5e07d1-c457-499e-961b-9e7ef4f7727b	0d12f3a6-ca9e-48cc-b6f0-2d22d15567d3	https://www.essentialenglish.review/apps-data/4000-essential-english-words-3/data/unit-7/wordlist/26151.jpg	99228f33-6e51-4444-b1c5-ea28e00d61a0	2025-12-26 14:09:57.062499	2025-12-26 14:09:57.062871
enthusiastic	To be enthusiastic about something is to be excited by or interested in it.	havaskor, qiziqqon	энтузиаст, увлеченный	5b5e07d1-c457-499e-961b-9e7ef4f7727b	0d12f3a6-ca9e-48cc-b6f0-2d22d15567d3	https://www.essentialenglish.review/apps-data/4000-essential-english-words-3/data/unit-7/wordlist/26152.jpg	15928e06-3fa8-4a26-97f0-a4be63901d0b	2025-12-26 14:09:57.062499	2025-12-26 14:09:57.062871
expedition	An expedition is a long trip, usually to a place very far away.	ekspeditsiya, sayohat	экспедиция	5b5e07d1-c457-499e-961b-9e7ef4f7727b	0d12f3a6-ca9e-48cc-b6f0-2d22d15567d3	https://www.essentialenglish.review/apps-data/4000-essential-english-words-3/data/unit-7/wordlist/26153.jpg	e9ea2278-7634-4f24-b553-d4bb1a78e1e8	2025-12-26 14:09:57.062499	2025-12-26 14:09:57.062871
anniversary	An anniversary is a day that celebrates something from the past.	yubiley, yillik	годовщина, юбилей	87d3cbd7-4be8-4e62-8461-be93bd3aff40	0d12f3a6-ca9e-48cc-b6f0-2d22d15567d3	https://www.essentialenglish.review/apps-data/4000-essential-english-words-3/data/unit-8/wordlist/26172.jpg	8245fbad-71aa-4ecc-971d-407492f6865a	2025-12-26 14:09:57.062499	2025-12-26 14:09:57.062871
arithmetic	Arithmetic is math.	arifmetika, hisob	арифметика	87d3cbd7-4be8-4e62-8461-be93bd3aff40	0d12f3a6-ca9e-48cc-b6f0-2d22d15567d3	https://www.essentialenglish.review/apps-data/4000-essential-english-words-3/data/unit-8/wordlist/26173.jpg	444004ea-61a1-4f72-939d-5d3a84db59a5	2025-12-26 14:09:57.062499	2025-12-26 14:09:57.062871
ashamed	To be ashamed is to feel upset because you did something wrong or bad.	uyalgan, xijolat	стыд, пристыженный	87d3cbd7-4be8-4e62-8461-be93bd3aff40	0d12f3a6-ca9e-48cc-b6f0-2d22d15567d3	https://www.essentialenglish.review/apps-data/4000-essential-english-words-3/data/unit-8/wordlist/26174.jpg	6ae6b930-cf1b-4fc2-bb2e-9f4c786125f5	2025-12-26 14:09:57.062499	2025-12-26 14:09:57.062871
burst	To burst is to suddenly break open or apart.	portlamoq, yorilmoq	взрываться, лопаться	87d3cbd7-4be8-4e62-8461-be93bd3aff40	0d12f3a6-ca9e-48cc-b6f0-2d22d15567d3	https://www.essentialenglish.review/apps-data/4000-essential-english-words-3/data/unit-8/wordlist/26175.jpg	d04e7adf-fccc-46b8-9a36-f93359a863d5	2025-12-26 14:09:57.062499	2025-12-26 14:09:57.062871
carpenter	A carpenter is a person who builds things with wood.	duradgor	плотник	87d3cbd7-4be8-4e62-8461-be93bd3aff40	0d12f3a6-ca9e-48cc-b6f0-2d22d15567d3	https://www.essentialenglish.review/apps-data/4000-essential-english-words-3/data/unit-8/wordlist/26176.jpg	5ee2a4c7-b4e9-451a-8494-01da2a923cd2	2025-12-26 14:09:57.062499	2025-12-26 14:09:57.062871
coal	Coal is a hard black rock that you burn for heat.	ko'mir	уголь	87d3cbd7-4be8-4e62-8461-be93bd3aff40	0d12f3a6-ca9e-48cc-b6f0-2d22d15567d3	https://www.essentialenglish.review/apps-data/4000-essential-english-words-3/data/unit-8/wordlist/26177.jpg	c8c9f6d7-9f72-4d1e-be29-581c2bc06911	2025-12-26 14:09:57.062499	2025-12-26 14:09:57.062871
couch	A couch is a long, soft seat that many people can sit on.	divan, kreslo	диван	87d3cbd7-4be8-4e62-8461-be93bd3aff40	0d12f3a6-ca9e-48cc-b6f0-2d22d15567d3	https://www.essentialenglish.review/apps-data/4000-essential-english-words-3/data/unit-8/wordlist/26178.jpg	363da027-bb1e-473c-a7b5-e888e3f53b7b	2025-12-26 14:09:57.062499	2025-12-26 14:09:57.062871
drip	When a liquid drips, just a little bit falls at a time.	tomchilamoq, tomizmoq	капать	87d3cbd7-4be8-4e62-8461-be93bd3aff40	0d12f3a6-ca9e-48cc-b6f0-2d22d15567d3	https://www.essentialenglish.review/apps-data/4000-essential-english-words-3/data/unit-8/wordlist/26179.jpg	ffbb85ff-50e2-48c6-a4c1-4c106a1985b5	2025-12-26 14:09:57.062499	2025-12-26 14:09:57.062871
elegant	If something is elegant, it is very fancy and pleasing.	nofis, zebo	элегантный, изящный	87d3cbd7-4be8-4e62-8461-be93bd3aff40	0d12f3a6-ca9e-48cc-b6f0-2d22d15567d3	https://www.essentialenglish.review/apps-data/4000-essential-english-words-3/data/unit-8/wordlist/26180.jpg	f0efc262-5d03-4032-a08f-579a5e2a7487	2025-12-26 14:09:57.062499	2025-12-26 14:09:57.062871
fabric	Fabric is cloth used to make clothes, furniture, etc.	mato, gazlama	ткань, материал	87d3cbd7-4be8-4e62-8461-be93bd3aff40	0d12f3a6-ca9e-48cc-b6f0-2d22d15567d3	https://www.essentialenglish.review/apps-data/4000-essential-english-words-3/data/unit-8/wordlist/26181.jpg	b6995cb8-3454-4f64-9646-73755f153257	2025-12-26 14:09:57.062499	2025-12-26 14:09:57.062871
ail	To ail a person or group is to cause difficulty or pain.	azob bermoq, qiynamoq	болеть, мучить	00c86cd1-70f0-4cad-bd51-cb31680ae7bc	0d12f3a6-ca9e-48cc-b6f0-2d22d15567d3	https://www.essentialenglish.review/apps-data/4000-essential-english-words-3/data/unit-9/wordlist/26201.jpg	33d7ddc6-6478-4039-99a1-93421952e227	2025-12-26 14:09:57.062499	2025-12-26 14:09:57.062871
ally	An ally is someone who agrees to help or support you.	ittifoqchi, союзник	союзник	00c86cd1-70f0-4cad-bd51-cb31680ae7bc	0d12f3a6-ca9e-48cc-b6f0-2d22d15567d3	https://www.essentialenglish.review/apps-data/4000-essential-english-words-3/data/unit-9/wordlist/26202.jpg	f13c385e-7fe4-493b-b92c-d088b0aecc9d	2025-12-26 14:09:57.062499	2025-12-26 14:09:57.062871
boast	To boast is to talk about how good you are.	maqtanmoq, maqtov qilmoq	хвастаться	00c86cd1-70f0-4cad-bd51-cb31680ae7bc	0d12f3a6-ca9e-48cc-b6f0-2d22d15567d3	https://www.essentialenglish.review/apps-data/4000-essential-english-words-3/data/unit-9/wordlist/26203.jpg	e3aeb18d-3bb7-474f-a907-3fda8428502f	2025-12-26 14:09:57.062499	2025-12-26 14:09:57.062871
bounce	To bounce is to move something up and away from a surface after hitting it.	sakramoq, irg'imoq	отскакивать, подпрыгивать	00c86cd1-70f0-4cad-bd51-cb31680ae7bc	0d12f3a6-ca9e-48cc-b6f0-2d22d15567d3	https://www.essentialenglish.review/apps-data/4000-essential-english-words-3/data/unit-9/wordlist/26204.jpg	1fc6d30e-d2b8-4dc3-8a76-d8ad0dfddfc8	2025-12-26 14:09:57.062499	2025-12-26 14:09:57.062871
bully	A bully is a person who is mean to others.	zolim, bezori	хулиган, задира	00c86cd1-70f0-4cad-bd51-cb31680ae7bc	0d12f3a6-ca9e-48cc-b6f0-2d22d15567d3	https://www.essentialenglish.review/apps-data/4000-essential-english-words-3/data/unit-9/wordlist/26205.jpg	7c6c7621-f7bc-46dd-b996-6998cf2008c9	2025-12-26 14:09:57.062499	2025-12-26 14:09:57.062871
carbohydrate	Carbohydrates are substances in foods like bread that give you energy.	uglevod	углевод	00c86cd1-70f0-4cad-bd51-cb31680ae7bc	0d12f3a6-ca9e-48cc-b6f0-2d22d15567d3	https://www.essentialenglish.review/apps-data/4000-essential-english-words-3/data/unit-9/wordlist/26206.jpg	2dc63536-bda2-43ed-bd2a-cb950b416316	2025-12-26 14:09:57.062499	2025-12-26 14:09:57.062871
crawl	To crawl is to move slowly on your hands and knees.	emaklamoq	ползать	00c86cd1-70f0-4cad-bd51-cb31680ae7bc	0d12f3a6-ca9e-48cc-b6f0-2d22d15567d3	https://www.essentialenglish.review/apps-data/4000-essential-english-words-3/data/unit-9/wordlist/26207.jpg	a7a56662-97b0-4818-94d5-d2124edea3ad	2025-12-26 14:09:57.062499	2025-12-26 14:09:57.062871
defeat	To defeat someone is to beat them in a game or battle.	mag'lub etmoq, yengmoq	побеждать, разгромить	00c86cd1-70f0-4cad-bd51-cb31680ae7bc	0d12f3a6-ca9e-48cc-b6f0-2d22d15567d3	https://www.essentialenglish.review/apps-data/4000-essential-english-words-3/data/unit-9/wordlist/26208.jpg	3833fc55-5173-4688-860c-f4d158755e4c	2025-12-26 14:09:57.062499	2025-12-26 14:09:57.062871
dial	A dial is the front of a clock.	raqamli panel, циферблат	циферблат	00c86cd1-70f0-4cad-bd51-cb31680ae7bc	0d12f3a6-ca9e-48cc-b6f0-2d22d15567d3	https://www.essentialenglish.review/apps-data/4000-essential-english-words-3/data/unit-9/wordlist/26209.jpg	7ae74ebe-bd11-4e6a-b03b-290accbc3cbb	2025-12-26 14:09:57.062499	2025-12-26 14:09:57.062871
dominant	When someone or something is dominant, they are stronger than others.	ustun, dominant	доминирующий, преобладающий	00c86cd1-70f0-4cad-bd51-cb31680ae7bc	0d12f3a6-ca9e-48cc-b6f0-2d22d15567d3	https://www.essentialenglish.review/apps-data/4000-essential-english-words-3/data/unit-9/wordlist/26210.jpg	47edc834-05cd-44b6-b29e-7d50e3102305	2025-12-26 14:09:57.062499	2025-12-26 14:09:57.062871
absence	Absence is the state of something being away.	yo'qlik, mavjud emaslik	отсутствие	37ca112d-f7f5-4fa6-936d-7d08615c3ed0	0d12f3a6-ca9e-48cc-b6f0-2d22d15567d3	https://www.essentialenglish.review/apps-data/4000-essential-english-words-3/data/unit-10/wordlist/26229.jpg	5fac12e2-252f-4243-8ba4-52a9fc8c7692	2025-12-26 14:09:57.062499	2025-12-26 14:09:57.062871
aloud	If you say something aloud, you say it so that others can hear you.	ovoz chiqarib, baland	вслух	37ca112d-f7f5-4fa6-936d-7d08615c3ed0	0d12f3a6-ca9e-48cc-b6f0-2d22d15567d3	https://www.essentialenglish.review/apps-data/4000-essential-english-words-3/data/unit-10/wordlist/26230.jpg	97f66185-2386-422c-ac18-770b376df42d	2025-12-26 14:09:57.062499	2025-12-26 14:09:57.062871
bald	If someone is bald, they have no hair.	kal, sochsiz	лысый	37ca112d-f7f5-4fa6-936d-7d08615c3ed0	0d12f3a6-ca9e-48cc-b6f0-2d22d15567d3	https://www.essentialenglish.review/apps-data/4000-essential-english-words-3/data/unit-10/wordlist/26231.jpg	6f8c560b-f594-4e9d-afc0-6754fa17fa8b	2025-12-26 14:09:57.062499	2025-12-26 14:09:57.062871
blanket	A blanket is a piece of cloth that you use to keep warm or to sit upon.	adibol, ko'rpa	одеяло	37ca112d-f7f5-4fa6-936d-7d08615c3ed0	0d12f3a6-ca9e-48cc-b6f0-2d22d15567d3	https://www.essentialenglish.review/apps-data/4000-essential-english-words-3/data/unit-10/wordlist/26232.jpg	ba929928-58d5-4039-8d4b-f1c929f799ad	2025-12-26 14:09:57.062499	2025-12-26 14:09:57.062871
creep	To creep is to move quietly and slowly.	sukut saqlab harakatlanmoq	красться, ползти	37ca112d-f7f5-4fa6-936d-7d08615c3ed0	0d12f3a6-ca9e-48cc-b6f0-2d22d15567d3	https://www.essentialenglish.review/apps-data/4000-essential-english-words-3/data/unit-10/wordlist/26233.jpg	845be53b-374b-4552-ad13-6cb4eb3e6f21	2025-12-26 14:09:57.062499	2025-12-26 14:09:57.062871
divorce	Divorce is an event in which a marriage is ended.	ajralish, taloq	развод	37ca112d-f7f5-4fa6-936d-7d08615c3ed0	0d12f3a6-ca9e-48cc-b6f0-2d22d15567d3	https://www.essentialenglish.review/apps-data/4000-essential-english-words-3/data/unit-10/wordlist/26234.jpg	bb6455eb-48ab-49e6-accf-aef89b896986	2025-12-26 14:09:57.062499	2025-12-26 14:09:57.062871
imitate	To imitate someone is to do exactly what they do.	taqlid qilmoq, o'xshatmoq	подражать	37ca112d-f7f5-4fa6-936d-7d08615c3ed0	0d12f3a6-ca9e-48cc-b6f0-2d22d15567d3	https://www.essentialenglish.review/apps-data/4000-essential-english-words-3/data/unit-10/wordlist/26235.jpg	27ee9071-5a16-4500-b396-a7a24dcbb8ce	2025-12-26 14:09:57.062499	2025-12-26 14:09:57.062871
infant	An infant is a baby.	chaqaloq	младенец	37ca112d-f7f5-4fa6-936d-7d08615c3ed0	0d12f3a6-ca9e-48cc-b6f0-2d22d15567d3	https://www.essentialenglish.review/apps-data/4000-essential-english-words-3/data/unit-10/wordlist/26236.jpg	b176678d-bdce-4847-bdab-e6d4e3c1fb0f	2025-12-26 14:09:57.062499	2025-12-26 14:09:57.062871
kidnap	To kidnap someone is to take them illegally.	o'g'irlamoq (odamni)	похищать	37ca112d-f7f5-4fa6-936d-7d08615c3ed0	0d12f3a6-ca9e-48cc-b6f0-2d22d15567d3	https://www.essentialenglish.review/apps-data/4000-essential-english-words-3/data/unit-10/wordlist/26237.jpg	74e5f4cf-8313-443b-9a3d-99362be99b89	2025-12-26 14:09:57.062499	2025-12-26 14:09:57.062871
nap	A nap is a short sleep, usually during the day.	qisqa uyqu, kestka	короткий сон, дремота	37ca112d-f7f5-4fa6-936d-7d08615c3ed0	0d12f3a6-ca9e-48cc-b6f0-2d22d15567d3	https://www.essentialenglish.review/apps-data/4000-essential-english-words-3/data/unit-10/wordlist/26238.jpg	ce2f6b9c-a16a-41b1-98c9-7dcc370a62d0	2025-12-26 14:09:57.062499	2025-12-26 14:09:57.062871
abnormal	If something is abnormal, it is strange or not normal.	normal emas	ненормальный	00e694cf-7233-4afb-b0e8-0835a9a04b61	0d12f3a6-ca9e-48cc-b6f0-2d22d15567d3	https://www.essentialenglish.review/apps-data/4000-essential-english-words-3/data/unit-11/wordlist/26258.jpg	592ed96c-6b47-4be9-acff-3c136172e959	2025-12-26 14:09:57.062499	2025-12-26 14:09:57.062871
bamboo	Bamboo is a hard plant with thin branches and leaves.	bambuk	бамбук	00e694cf-7233-4afb-b0e8-0835a9a04b61	0d12f3a6-ca9e-48cc-b6f0-2d22d15567d3	https://www.essentialenglish.review/apps-data/4000-essential-english-words-3/data/unit-11/wordlist/26259.jpg	7f1a836f-cc9b-4a11-b011-c69e0688dbfd	2025-12-26 14:09:57.062499	2025-12-26 14:09:57.062871
blossom	A blossom is a flower or group of flowers.	gullar	цветок	00e694cf-7233-4afb-b0e8-0835a9a04b61	0d12f3a6-ca9e-48cc-b6f0-2d22d15567d3	https://www.essentialenglish.review/apps-data/4000-essential-english-words-3/data/unit-11/wordlist/26260.jpg	f35f69aa-e274-4d17-848b-7aafea40c0de	2025-12-26 14:09:57.062499	2025-12-26 14:09:57.062871
compass	A compass is a device used to tell what direction one is going.	kompas	компас	00e694cf-7233-4afb-b0e8-0835a9a04b61	0d12f3a6-ca9e-48cc-b6f0-2d22d15567d3	https://www.essentialenglish.review/apps-data/4000-essential-english-words-3/data/unit-11/wordlist/26261.jpg	64c53e46-0702-408d-bffd-195c7d6bc7dd	2025-12-26 14:09:57.062499	2025-12-26 14:09:57.062871
dialect	A dialect is a regional variety of language showing where you are from.	dialekt	диалект	00e694cf-7233-4afb-b0e8-0835a9a04b61	0d12f3a6-ca9e-48cc-b6f0-2d22d15567d3	https://www.essentialenglish.review/apps-data/4000-essential-english-words-3/data/unit-11/wordlist/26262.jpg	6e5f67e6-f722-4bbe-8092-abd4739afefc	2025-12-26 14:09:57.062499	2025-12-26 14:09:57.062871
vision	Vision is the act of seeing.	ko'rish	зрение	4043c25b-bbfa-4d53-830a-d881690b30f1	8e8664a8-6f3c-44ce-adfe-63d8d6cb9fd3	https://www.essentialenglish.review/apps-data/4000-essential-english-words-2/data/unit-14/wordlist/25401.jpg	d75436fe-ae7a-4395-91cc-628dc5268e8e	2025-12-25 15:30:41.124308	2025-12-25 15:30:41.124709
absorb	To absorb a liquid means to take it inside.	singdirmoq	впитывать	96804cef-d3e7-4dad-a827-cbcc81119c9e	8e8664a8-6f3c-44ce-adfe-63d8d6cb9fd3	https://www.essentialenglish.review/apps-data/4000-essential-english-words-2/data/unit-15/wordlist/25409.jpg	9a73ce8d-52c5-42b6-8d65-12b3a1ed1c3d	2025-12-25 15:30:41.124308	2025-12-25 15:30:41.124709
boss	A boss is a person in charge of other people at work.	boshliq	начальник	96804cef-d3e7-4dad-a827-cbcc81119c9e	8e8664a8-6f3c-44ce-adfe-63d8d6cb9fd3	https://www.essentialenglish.review/apps-data/4000-essential-english-words-2/data/unit-15/wordlist/25410.jpg	db0185bc-21f4-486a-b2e3-9a710548fe30	2025-12-25 15:30:41.124308	2025-12-25 15:30:41.124709
committee	A committee is a group of people who meet together to make decisions.	qo'mita	комитет	96804cef-d3e7-4dad-a827-cbcc81119c9e	8e8664a8-6f3c-44ce-adfe-63d8d6cb9fd3	https://www.essentialenglish.review/apps-data/4000-essential-english-words-2/data/unit-15/wordlist/25411.jpg	d24b650e-6390-4538-9bb6-76644f799f80	2025-12-25 15:30:41.124308	2025-12-25 15:30:41.124709
contract	A contract is a written agreement between two people.	shartnoma	контракт	96804cef-d3e7-4dad-a827-cbcc81119c9e	8e8664a8-6f3c-44ce-adfe-63d8d6cb9fd3	https://www.essentialenglish.review/apps-data/4000-essential-english-words-2/data/unit-15/wordlist/25412.jpg	ac47fbb8-c261-4e38-a3cb-df24424fd6d1	2025-12-25 15:30:41.124308	2025-12-25 15:30:41.124709
crew	A crew is a group of workers.	ekipaj	команда	96804cef-d3e7-4dad-a827-cbcc81119c9e	8e8664a8-6f3c-44ce-adfe-63d8d6cb9fd3	https://www.essentialenglish.review/apps-data/4000-essential-english-words-2/data/unit-15/wordlist/25413.jpg	b9d67d9a-b0b0-486c-9ca5-56ee02145004	2025-12-25 15:30:41.124308	2025-12-25 15:30:41.124709
devote	To devote time to something means to spend a lot of time doing it.	bag'ishlamoq	посвящать	96804cef-d3e7-4dad-a827-cbcc81119c9e	8e8664a8-6f3c-44ce-adfe-63d8d6cb9fd3	https://www.essentialenglish.review/apps-data/4000-essential-english-words-2/data/unit-15/wordlist/25414.jpg	ffeb03da-1a5c-4d84-858b-e3bdb4dbd82b	2025-12-25 15:30:41.124308	2025-12-25 15:30:41.124709
dig	To dig is to make a hole in the ground.	qazimoq	копать	96804cef-d3e7-4dad-a827-cbcc81119c9e	8e8664a8-6f3c-44ce-adfe-63d8d6cb9fd3	https://www.essentialenglish.review/apps-data/4000-essential-english-words-2/data/unit-15/wordlist/25415.jpg	235e622e-d087-40bc-929e-0047514c0814	2025-12-25 15:30:41.124308	2025-12-25 15:30:41.124709
dine	To dine means to eat dinner.	kechki ovqat	ужинать	96804cef-d3e7-4dad-a827-cbcc81119c9e	8e8664a8-6f3c-44ce-adfe-63d8d6cb9fd3	https://www.essentialenglish.review/apps-data/4000-essential-english-words-2/data/unit-15/wordlist/25416.jpg	213c1ea2-ae3c-49c4-903a-4a2b6e0b9077	2025-12-25 15:30:41.124308	2025-12-25 15:30:41.124709
donate	To donate is to give something to a charity or organization.	xayriya qilmoq	жертвовать	96804cef-d3e7-4dad-a827-cbcc81119c9e	8e8664a8-6f3c-44ce-adfe-63d8d6cb9fd3	https://www.essentialenglish.review/apps-data/4000-essential-english-words-2/data/unit-15/wordlist/25417.jpg	66d602d6-949a-4d60-9639-293ed5a075b3	2025-12-25 15:30:41.124308	2025-12-25 15:30:41.124709
double	If something is double, it is twice as much, or twice as many.	ikki baravar	двойной	96804cef-d3e7-4dad-a827-cbcc81119c9e	8e8664a8-6f3c-44ce-adfe-63d8d6cb9fd3	https://www.essentialenglish.review/apps-data/4000-essential-english-words-2/data/unit-15/wordlist/25418.jpg	d27d29d6-574a-44a8-adbe-a083b62fb52d	2025-12-25 15:30:41.124308	2025-12-25 15:30:41.124709
elevate	To elevate something is to put it at a higher level.	ko'tarmoq	поднимать	cfe46192-6c44-4a2c-a641-fcbc319692a7	8e8664a8-6f3c-44ce-adfe-63d8d6cb9fd3	https://www.essentialenglish.review/apps-data/4000-essential-english-words-2/data/unit-15/wordlist/25419.jpg	2374f1f6-4d72-43e3-9aa3-9fe1e44baa61	2025-12-25 15:30:41.124308	2025-12-25 15:30:41.124709
flavor	A flavor is the taste of food or drinks.	lazzat	вкус	cfe46192-6c44-4a2c-a641-fcbc319692a7	8e8664a8-6f3c-44ce-adfe-63d8d6cb9fd3	https://www.essentialenglish.review/apps-data/4000-essential-english-words-2/data/unit-15/wordlist/25420.jpg	e71886e1-5b77-4d32-a931-3b9c0c1bae2e	2025-12-25 15:30:41.124308	2025-12-25 15:30:41.124709
foundation	A foundation is a group that provides money for research.	fond	фонд	cfe46192-6c44-4a2c-a641-fcbc319692a7	8e8664a8-6f3c-44ce-adfe-63d8d6cb9fd3	https://www.essentialenglish.review/apps-data/4000-essential-english-words-2/data/unit-15/wordlist/25421.jpg	192b380e-7e83-4dd2-996e-9950f3a3b0cb	2025-12-25 15:30:41.124308	2025-12-25 15:30:41.124709
generation	A generation is a group of people who live at the same time.	avlod	поколение	cfe46192-6c44-4a2c-a641-fcbc319692a7	8e8664a8-6f3c-44ce-adfe-63d8d6cb9fd3	https://www.essentialenglish.review/apps-data/4000-essential-english-words-2/data/unit-15/wordlist/25422.jpg	208a8bee-feff-4cd0-897a-2125e861957b	2025-12-25 15:30:41.124308	2025-12-25 15:30:41.124709
handle	A handle is the part of an object people hold while using it.	tutqich	ручка	cfe46192-6c44-4a2c-a641-fcbc319692a7	8e8664a8-6f3c-44ce-adfe-63d8d6cb9fd3	https://www.essentialenglish.review/apps-data/4000-essential-english-words-2/data/unit-15/wordlist/25423.jpg	531d150a-728d-415a-b3d1-70fa345a44de	2025-12-25 15:30:41.124308	2025-12-25 15:30:41.124709
layer	A layer covers over something or is between two things.	qatlam	слой	cfe46192-6c44-4a2c-a641-fcbc319692a7	8e8664a8-6f3c-44ce-adfe-63d8d6cb9fd3	https://www.essentialenglish.review/apps-data/4000-essential-english-words-2/data/unit-15/wordlist/25424.jpg	1daff8b9-1fd2-43c1-beb7-bc6639bb1d86	2025-12-25 15:30:41.124308	2025-12-25 15:30:41.124709
mud	Mud is soft, wet dirt.	loy	грязь	cfe46192-6c44-4a2c-a641-fcbc319692a7	8e8664a8-6f3c-44ce-adfe-63d8d6cb9fd3	https://www.essentialenglish.review/apps-data/4000-essential-english-words-2/data/unit-15/wordlist/25425.jpg	f563d71d-9001-4692-afef-11b8ce92d545	2025-12-25 15:30:41.124308	2025-12-25 15:30:41.124709
smooth	If something is smooth, it has no bumps.	silliq	гладкий	cfe46192-6c44-4a2c-a641-fcbc319692a7	8e8664a8-6f3c-44ce-adfe-63d8d6cb9fd3	https://www.essentialenglish.review/apps-data/4000-essential-english-words-2/data/unit-15/wordlist/25426.jpg	7a3db67c-be59-4622-9670-eeb0ab75c81f	2025-12-25 15:30:41.124308	2025-12-25 15:30:41.124709
soil	Soil is the top layer of land on the Earth.	tuproq	почва	cfe46192-6c44-4a2c-a641-fcbc319692a7	8e8664a8-6f3c-44ce-adfe-63d8d6cb9fd3	https://www.essentialenglish.review/apps-data/4000-essential-english-words-2/data/unit-15/wordlist/25427.jpg	1f6f0c9d-9f21-4ce7-b1c8-bef8cee94c3e	2025-12-25 15:30:41.124308	2025-12-25 15:30:41.124709
unique	If people or things are unique, they are not like the others.	noyob	уникальный	cfe46192-6c44-4a2c-a641-fcbc319692a7	8e8664a8-6f3c-44ce-adfe-63d8d6cb9fd3	https://www.essentialenglish.review/apps-data/4000-essential-english-words-2/data/unit-15/wordlist/25428.jpg	feb462e9-1c62-4a1f-b7fc-9046e7c6d091	2025-12-25 15:30:41.124308	2025-12-25 15:30:41.124709
chamber	A chamber is an old word for a bedroom.	xona	комната	fb7cc869-8f50-4ac4-aa0e-d494bc5c9e83	8e8664a8-6f3c-44ce-adfe-63d8d6cb9fd3	https://www.essentialenglish.review/apps-data/4000-essential-english-words-2/data/unit-16/wordlist/25435.jpg	3dfabb44-af25-4d8f-a31b-9d5ec17eb2b4	2025-12-25 15:30:41.124308	2025-12-25 15:30:41.124709
deny	To deny something is to say it is not true.	inkor etmoq	отрицать	fb7cc869-8f50-4ac4-aa0e-d494bc5c9e83	8e8664a8-6f3c-44ce-adfe-63d8d6cb9fd3	https://www.essentialenglish.review/apps-data/4000-essential-english-words-2/data/unit-16/wordlist/25436.jpg	ea222e4d-ad43-415e-b4f5-b4cbe7edc62a	2025-12-25 15:30:41.124308	2025-12-25 15:30:41.124709
document	A document is an official piece of writing.	hujjat	документ	fb7cc869-8f50-4ac4-aa0e-d494bc5c9e83	8e8664a8-6f3c-44ce-adfe-63d8d6cb9fd3	https://www.essentialenglish.review/apps-data/4000-essential-english-words-2/data/unit-16/wordlist/25437.jpg	b7b2795f-66de-41f6-80b7-e3e77b11f91c	2025-12-25 15:30:41.124308	2025-12-25 15:30:41.124709
emphasize	To emphasize is to give importance or attention to something.	ta'kidlamoq	подчёркивать	fb7cc869-8f50-4ac4-aa0e-d494bc5c9e83	8e8664a8-6f3c-44ce-adfe-63d8d6cb9fd3	https://www.essentialenglish.review/apps-data/4000-essential-english-words-2/data/unit-16/wordlist/25438.jpg	56c164c0-88bd-45a6-9313-3e3932c60246	2025-12-25 15:30:41.124308	2025-12-25 15:30:41.124709
fever	A fever is a high body temperature that people get when they are sick.	isitma	лихорадка	fb7cc869-8f50-4ac4-aa0e-d494bc5c9e83	8e8664a8-6f3c-44ce-adfe-63d8d6cb9fd3	https://www.essentialenglish.review/apps-data/4000-essential-english-words-2/data/unit-16/wordlist/25439.jpg	3e61c415-9c8b-4846-b779-7b196f260d3d	2025-12-25 15:30:41.124308	2025-12-25 15:30:41.124709
flu	The flu is a type of sickness that makes you feel weak or your body hurt.	gripp	грипп	fb7cc869-8f50-4ac4-aa0e-d494bc5c9e83	8e8664a8-6f3c-44ce-adfe-63d8d6cb9fd3	https://www.essentialenglish.review/apps-data/4000-essential-english-words-2/data/unit-16/wordlist/25440.jpg	3ddbc391-acf8-4408-a0d5-2ab2b5645c06	2025-12-25 15:30:41.124308	2025-12-25 15:30:41.124709
freeze	To freeze is to become very cold.	muzlamoq	замерзать	fb7cc869-8f50-4ac4-aa0e-d494bc5c9e83	8e8664a8-6f3c-44ce-adfe-63d8d6cb9fd3	https://www.essentialenglish.review/apps-data/4000-essential-english-words-2/data/unit-16/wordlist/25441.jpg	a54c1030-b298-4c15-8a45-d80590be92d2	2025-12-25 15:30:41.124308	2025-12-25 15:30:41.124709
dishonest	If someone is dishonest, they do not tell the truth.	halol emas	нечестный	00e694cf-7233-4afb-b0e8-0835a9a04b61	0d12f3a6-ca9e-48cc-b6f0-2d22d15567d3	https://www.essentialenglish.review/apps-data/4000-essential-english-words-3/data/unit-11/wordlist/26263.jpg	e82cb63d-1490-4df1-89ed-1b8c052c9cd1	2025-12-26 14:09:57.062499	2025-12-26 14:09:57.062871
dwarf	A dwarf is a creature from stories that often looks like a short, hairy man.	jimgina kishi / jodugar qahramon	гном	00e694cf-7233-4afb-b0e8-0835a9a04b61	0d12f3a6-ca9e-48cc-b6f0-2d22d15567d3	https://www.essentialenglish.review/apps-data/4000-essential-english-words-3/data/unit-11/wordlist/26264.jpg	9f281059-3b23-4a21-b2a2-66edac70679f	2025-12-26 14:09:57.062499	2025-12-26 14:09:57.062871
ecosystem	An ecosystem is a group of plants and animals in an area.	ekotizim	экосистема	00e694cf-7233-4afb-b0e8-0835a9a04b61	0d12f3a6-ca9e-48cc-b6f0-2d22d15567d3	https://www.essentialenglish.review/apps-data/4000-essential-english-words-3/data/unit-11/wordlist/26265.jpg	f36909d8-4bad-41ee-8b53-629af69dfbbe	2025-12-26 14:09:57.062499	2025-12-26 14:09:57.062871
fatal	If something is fatal, it causes death.	o‘limga olib keluvchi	смертельный	00e694cf-7233-4afb-b0e8-0835a9a04b61	0d12f3a6-ca9e-48cc-b6f0-2d22d15567d3	https://www.essentialenglish.review/apps-data/4000-essential-english-words-3/data/unit-11/wordlist/26266.jpg	98f02ade-2738-4ed7-b8cf-3fec08625925	2025-12-26 14:09:57.062499	2025-12-26 14:09:57.062871
impatient	If someone is impatient, they are not able to wait for things.	sabrsiz	нетерпеливый	00e694cf-7233-4afb-b0e8-0835a9a04b61	0d12f3a6-ca9e-48cc-b6f0-2d22d15567d3	https://www.essentialenglish.review/apps-data/4000-essential-english-words-3/data/unit-11/wordlist/26267.jpg	98575473-f518-4a08-8c4a-d07f1be66a8f	2025-12-26 14:09:57.062499	2025-12-26 14:09:57.062871
anticipate	To anticipate something is to think that it will happen.	kutmoq / oldindan taxmin qilmoq	ожидать	7b2e8868-5585-496e-bdb3-998a3ad79f92	0d12f3a6-ca9e-48cc-b6f0-2d22d15567d3	https://www.essentialenglish.review/apps-data/4000-essential-english-words-3/data/unit-12/wordlist/26287.jpg	52480515-537c-4bf1-916f-d858c1fa01d3	2025-12-26 14:09:57.062499	2025-12-26 14:09:57.062871
barrel	A barrel is a round thing that you can keep liquids in.	barrel / dubel	бочка	7b2e8868-5585-496e-bdb3-998a3ad79f92	0d12f3a6-ca9e-48cc-b6f0-2d22d15567d3	https://www.essentialenglish.review/apps-data/4000-essential-english-words-3/data/unit-12/wordlist/26288.jpg	bd06cb6f-258e-4927-b342-8e9c585d22fd	2025-12-26 14:09:57.062499	2025-12-26 14:09:57.062871
beam	A beam is a heavy bar.	taxta / nur	балка / луч	7b2e8868-5585-496e-bdb3-998a3ad79f92	0d12f3a6-ca9e-48cc-b6f0-2d22d15567d3	https://www.essentialenglish.review/apps-data/4000-essential-english-words-3/data/unit-12/wordlist/26289.jpg	85c0d5b0-1bf5-424a-bbdc-fb2a824c9ddd	2025-12-26 14:09:57.062499	2025-12-26 14:09:57.062871
casual	If something is casual, it is relaxed or simple.	kundalik / oddiy	повседневный	7b2e8868-5585-496e-bdb3-998a3ad79f92	0d12f3a6-ca9e-48cc-b6f0-2d22d15567d3	https://www.essentialenglish.review/apps-data/4000-essential-english-words-3/data/unit-12/wordlist/26290.jpg	10fbba3b-bde3-477b-a8ed-5cb5fc2501a9	2025-12-26 14:09:57.062499	2025-12-26 14:09:57.062871
caution	Caution is care and attention in order to avoid danger.	ehtiyotkorlik	осторожность	7b2e8868-5585-496e-bdb3-998a3ad79f92	0d12f3a6-ca9e-48cc-b6f0-2d22d15567d3	https://www.essentialenglish.review/apps-data/4000-essential-english-words-3/data/unit-12/wordlist/26291.jpg	8c2712bc-68ad-473e-ab54-405739415155	2025-12-26 14:09:57.062499	2025-12-26 14:09:57.062871
contrary	If something is contrary to something else, it is the opposite.	qarama-qarshi	противоположный	7b2e8868-5585-496e-bdb3-998a3ad79f92	0d12f3a6-ca9e-48cc-b6f0-2d22d15567d3	https://www.essentialenglish.review/apps-data/4000-essential-english-words-3/data/unit-12/wordlist/26292.jpg	ee6c6c24-b641-4c29-b23b-374bd4e05c6e	2025-12-26 14:09:57.062499	2025-12-26 14:09:57.062871
deliberate	If you are deliberate, you do something on purpose.	ongli / ataylab qilgan	преднамеренный	7b2e8868-5585-496e-bdb3-998a3ad79f92	0d12f3a6-ca9e-48cc-b6f0-2d22d15567d3	https://www.essentialenglish.review/apps-data/4000-essential-english-words-3/data/unit-12/wordlist/26293.jpg	35546788-c123-497d-b497-34b16de90713	2025-12-26 14:09:57.062499	2025-12-26 14:09:57.062871
dissolve	To dissolve something is to mix it into a liquid and disappear.	erimoq / eritmoq	растворять	7b2e8868-5585-496e-bdb3-998a3ad79f92	0d12f3a6-ca9e-48cc-b6f0-2d22d15567d3	https://www.essentialenglish.review/apps-data/4000-essential-english-words-3/data/unit-12/wordlist/26294.jpg	80ef861d-f13e-489b-9f2e-9c5910c3a475	2025-12-26 14:09:57.062499	2025-12-26 14:09:57.062871
explode	When something explodes, it blows up.	portlamoq	взрываться	7b2e8868-5585-496e-bdb3-998a3ad79f92	0d12f3a6-ca9e-48cc-b6f0-2d22d15567d3	https://www.essentialenglish.review/apps-data/4000-essential-english-words-3/data/unit-12/wordlist/26295.jpg	157bc4cf-5ada-42e1-97f4-00e163d79ba5	2025-12-26 14:09:57.062499	2025-12-26 14:09:57.062871
fasten	To fasten something is to close it or put it in the correct place.	bog‘lamoq / taqinmoq	застегивать	7b2e8868-5585-496e-bdb3-998a3ad79f92	0d12f3a6-ca9e-48cc-b6f0-2d22d15567d3	https://www.essentialenglish.review/apps-data/4000-essential-english-words-3/data/unit-12/wordlist/26296.jpg	c4451d80-2cb3-43b8-b28a-57da83eb65bf	2025-12-26 14:09:57.062499	2025-12-26 14:09:57.062871
aboard	When someone is aboard a ship or plane, they are on or in it.	ichida / ustida	на борту	a8dd07b0-7a25-4414-9eb8-3dc55ae3bc75	0d12f3a6-ca9e-48cc-b6f0-2d22d15567d3	https://www.essentialenglish.review/apps-data/4000-essential-english-words-3/data/unit-13/wordlist/26315.jpg	eb90517d-2cfe-4e66-aba1-6fb4779e2ae6	2025-12-26 14:09:57.062499	2025-12-26 14:09:57.062871
bitter	When a person is bitter, they are upset with someone or a situation.	achchiq / g‘azablangan	горький	a8dd07b0-7a25-4414-9eb8-3dc55ae3bc75	0d12f3a6-ca9e-48cc-b6f0-2d22d15567d3	https://www.essentialenglish.review/apps-data/4000-essential-english-words-3/data/unit-13/wordlist/26316.jpg	7389faa8-ea76-4809-b5cf-f5ef025cb227	2025-12-26 14:09:57.062499	2025-12-26 14:09:57.062871
bullet	A bullet is a small metal object that is shot out of guns.	o‘q / patr	пуля	a8dd07b0-7a25-4414-9eb8-3dc55ae3bc75	0d12f3a6-ca9e-48cc-b6f0-2d22d15567d3	https://www.essentialenglish.review/apps-data/4000-essential-english-words-3/data/unit-13/wordlist/26317.jpg	1bec05b5-d84e-4f92-af0b-18a884f13fb1	2025-12-26 14:09:57.062499	2025-12-26 14:09:57.062871
devil	The devil is a powerful evil spirit in some religions.	shayton	дьявол	a8dd07b0-7a25-4414-9eb8-3dc55ae3bc75	0d12f3a6-ca9e-48cc-b6f0-2d22d15567d3	https://www.essentialenglish.review/apps-data/4000-essential-english-words-3/data/unit-13/wordlist/26318.jpg	ad39c78c-1cd4-41e5-bd23-d7c1697f8f16	2025-12-26 14:09:57.062499	2025-12-26 14:09:57.062871
drift	To drift means to be moved slowly by wind or water.	suzib ketmoq / erkin harakatlanmoq	дрейфовать	a8dd07b0-7a25-4414-9eb8-3dc55ae3bc75	0d12f3a6-ca9e-48cc-b6f0-2d22d15567d3	https://www.essentialenglish.review/apps-data/4000-essential-english-words-3/data/unit-13/wordlist/26319.jpg	4c2ab5be-1cad-40fe-a85d-772459b44aed	2025-12-26 14:09:57.062499	2025-12-26 14:09:57.062871
enforce	To enforce means to make a person follow a rule.	majbur qilmoq	принуждать	a8dd07b0-7a25-4414-9eb8-3dc55ae3bc75	0d12f3a6-ca9e-48cc-b6f0-2d22d15567d3	https://www.essentialenglish.review/apps-data/4000-essential-english-words-3/data/unit-13/wordlist/26320.jpg	4a9835a1-f833-4ecc-b0af-c3c787e20197	2025-12-26 14:09:57.062499	2025-12-26 14:09:57.062871
fountain	A fountain is a source of water made by people.	favvora	фонтан	a8dd07b0-7a25-4414-9eb8-3dc55ae3bc75	0d12f3a6-ca9e-48cc-b6f0-2d22d15567d3	https://www.essentialenglish.review/apps-data/4000-essential-english-words-3/data/unit-13/wordlist/26321.jpg	4a660f3b-f134-4518-b527-fdbecda85e9c	2025-12-26 14:09:57.062499	2025-12-26 14:09:57.062871
harbor	A harbor is an area of water along a shore where boats land.	g‘avvoslik porti / kema to‘xtaydigan joy	гавань	a8dd07b0-7a25-4414-9eb8-3dc55ae3bc75	0d12f3a6-ca9e-48cc-b6f0-2d22d15567d3	https://www.essentialenglish.review/apps-data/4000-essential-english-words-3/data/unit-13/wordlist/26322.jpg	133a5b5f-0707-4835-9d89-0a2a5b59e617	2025-12-26 14:09:57.062499	2025-12-26 14:09:57.062871
inhabit	To inhabit means to live in a certain place.	yashamoq	населять	a8dd07b0-7a25-4414-9eb8-3dc55ae3bc75	0d12f3a6-ca9e-48cc-b6f0-2d22d15567d3	https://www.essentialenglish.review/apps-data/4000-essential-english-words-3/data/unit-13/wordlist/26323.jpg	382043f8-a5f8-42cd-be6b-e67b778f2456	2025-12-26 14:09:57.062499	2025-12-26 14:09:57.062871
march	To march means to walk at a steady pace together with others.	marsh qilmoq / yurmoq	маршировать	a8dd07b0-7a25-4414-9eb8-3dc55ae3bc75	0d12f3a6-ca9e-48cc-b6f0-2d22d15567d3	https://www.essentialenglish.review/apps-data/4000-essential-english-words-3/data/unit-13/wordlist/26324.jpg	8bd7bdd3-9b99-4702-ba2c-9f0e5e6e6485	2025-12-26 14:09:57.062499	2025-12-26 14:09:57.062871
affect	To affect something is to cause a change in it.	ta’sir qilmoq	влиять	6d78091e-139c-45ff-ab57-fd8d6c8733ea	0d12f3a6-ca9e-48cc-b6f0-2d22d15567d3	https://www.essentialenglish.review/apps-data/4000-essential-english-words-3/data/unit-14/wordlist/26335.jpg	a62fa172-1d26-4b8f-a15a-f3adc31412fe	2025-12-26 14:09:57.062499	2025-12-26 14:09:57.062871
alert	If someone is alert, they are quick to notice things.	diqqatli / hushyor	бдительный	6d78091e-139c-45ff-ab57-fd8d6c8733ea	0d12f3a6-ca9e-48cc-b6f0-2d22d15567d3	https://www.essentialenglish.review/apps-data/4000-essential-english-words-3/data/unit-14/wordlist/26336.jpg	a59eb4c4-04c5-41fb-916b-edd2aa28987f	2025-12-26 14:09:57.062499	2025-12-26 14:09:57.062871
breeze	A breeze is a gentle wind.	shamol / salqin havo	легкий ветер	6d78091e-139c-45ff-ab57-fd8d6c8733ea	0d12f3a6-ca9e-48cc-b6f0-2d22d15567d3	https://www.essentialenglish.review/apps-data/4000-essential-english-words-3/data/unit-14/wordlist/26337.jpg	087a3632-f41f-423a-b075-aa735118e0e7	2025-12-26 14:09:57.062499	2025-12-26 14:09:57.062871
calculate	To calculate is to find a number using math.	hisoblamoq	вычислять	6d78091e-139c-45ff-ab57-fd8d6c8733ea	0d12f3a6-ca9e-48cc-b6f0-2d22d15567d3	https://www.essentialenglish.review/apps-data/4000-essential-english-words-3/data/unit-14/wordlist/26338.jpg	8012d40e-f528-414e-bdee-a10dc2b79cdb	2025-12-26 14:09:57.062499	2025-12-26 14:09:57.062871
descend	To descend is to go down.	pastga tushmoq	спускаться	6d78091e-139c-45ff-ab57-fd8d6c8733ea	0d12f3a6-ca9e-48cc-b6f0-2d22d15567d3	https://www.essentialenglish.review/apps-data/4000-essential-english-words-3/data/unit-14/wordlist/26339.jpg	77a1b5e6-ccc9-4dbf-92ac-45f944704d4a	2025-12-26 14:09:57.062499	2025-12-26 14:09:57.062871
eager	If someone is eager, they want something very much.	intiluvchan / istak bilan	жаждущий	6d78091e-139c-45ff-ab57-fd8d6c8733ea	0d12f3a6-ca9e-48cc-b6f0-2d22d15567d3	https://www.essentialenglish.review/apps-data/4000-essential-english-words-3/data/unit-14/wordlist/26340.jpg	523fbff7-d942-4e76-8c4c-14a7593d89c1	2025-12-26 14:09:57.062499	2025-12-26 14:09:57.062871
fabric	Fabric is cloth.	mato / to‘qima	ткань	6d78091e-139c-45ff-ab57-fd8d6c8733ea	0d12f3a6-ca9e-48cc-b6f0-2d22d15567d3	https://www.essentialenglish.review/apps-data/4000-essential-english-words-3/data/unit-14/wordlist/26341.jpg	2907a7ae-bf2b-4ef1-8475-087678be46be	2025-12-26 14:09:57.062499	2025-12-26 14:09:57.062871
gather	To gather is to collect things together.	yig‘moq / to‘plash	собирать	6d78091e-139c-45ff-ab57-fd8d6c8733ea	0d12f3a6-ca9e-48cc-b6f0-2d22d15567d3	https://www.essentialenglish.review/apps-data/4000-essential-english-words-3/data/unit-14/wordlist/26342.jpg	24b046a6-8a65-4b7d-adde-0e5e5e826b28	2025-12-26 14:09:57.062499	2025-12-26 14:09:57.062871
hatch	To hatch is to come out of an egg.	tuxumdan chiqmoq / chiqartmoq	вылупляться	6d78091e-139c-45ff-ab57-fd8d6c8733ea	0d12f3a6-ca9e-48cc-b6f0-2d22d15567d3	https://www.essentialenglish.review/apps-data/4000-essential-english-words-3/data/unit-14/wordlist/26343.jpg	96cbc3b2-be23-48f7-a4b0-79e43fd6ff76	2025-12-26 14:09:57.062499	2025-12-26 14:09:57.062871
ignite	To ignite is to start burning.	yonmoq / yoqmoq	зажигать	6d78091e-139c-45ff-ab57-fd8d6c8733ea	0d12f3a6-ca9e-48cc-b6f0-2d22d15567d3	https://www.essentialenglish.review/apps-data/4000-essential-english-words-3/data/unit-14/wordlist/26344.jpg	7960de93-1ab5-420d-b279-ef5b1e43b1d9	2025-12-26 14:09:57.062499	2025-12-26 14:09:57.062871
alert	Alert is a warning about danger.	ogohlantirish	тревога	9f36c6f5-1076-480a-9d22-a1d8082a9a19	0d12f3a6-ca9e-48cc-b6f0-2d22d15567d3	https://www.essentialenglish.review/apps-data/4000-essential-english-words-3/data/unit-15/wordlist/26355.jpg	79d9b1bb-6835-4cc5-a4b6-ee7916261d28	2025-12-26 14:09:57.062499	2025-12-26 14:09:57.062871
boundary	A boundary is a line that marks the limit of something.	chegara	граница	9f36c6f5-1076-480a-9d22-a1d8082a9a19	0d12f3a6-ca9e-48cc-b6f0-2d22d15567d3	https://www.essentialenglish.review/apps-data/4000-essential-english-words-3/data/unit-15/wordlist/26356.jpg	75e53c2c-2010-454d-8145-4ce3c8afe7d7	2025-12-26 14:09:57.062499	2025-12-26 14:09:57.062871
compose	To compose means to write music or poetry.	kompozitsiya qilmoq / yozmoq	сочинять	9f36c6f5-1076-480a-9d22-a1d8082a9a19	0d12f3a6-ca9e-48cc-b6f0-2d22d15567d3	https://www.essentialenglish.review/apps-data/4000-essential-english-words-3/data/unit-15/wordlist/26357.jpg	efb40342-f9c9-4ace-9a0d-6b73779de27e	2025-12-26 14:09:57.062499	2025-12-26 14:09:57.062871
deceive	To deceive means to make someone believe something that is not true.	aldamoq	обманывать	9f36c6f5-1076-480a-9d22-a1d8082a9a19	0d12f3a6-ca9e-48cc-b6f0-2d22d15567d3	https://www.essentialenglish.review/apps-data/4000-essential-english-words-3/data/unit-15/wordlist/26358.jpg	2544e12c-9e7f-4cc1-aa27-711cc294d3e1	2025-12-26 14:09:57.062499	2025-12-26 14:09:57.062871
enormous	If something is enormous, it is very big.	katta / ulkan	огромный	9f36c6f5-1076-480a-9d22-a1d8082a9a19	0d12f3a6-ca9e-48cc-b6f0-2d22d15567d3	https://www.essentialenglish.review/apps-data/4000-essential-english-words-3/data/unit-15/wordlist/26359.jpg	79478a52-8817-44ef-a450-e8052de02f4b	2025-12-26 14:09:57.062499	2025-12-26 14:09:57.062871
forbid	To forbid means to not allow.	taqiqlamoq	запрещать	9f36c6f5-1076-480a-9d22-a1d8082a9a19	0d12f3a6-ca9e-48cc-b6f0-2d22d15567d3	https://www.essentialenglish.review/apps-data/4000-essential-english-words-3/data/unit-15/wordlist/26360.jpg	265cc2bc-50b9-4d62-a2cf-e6e6e3fb52ed	2025-12-26 14:09:57.062499	2025-12-26 14:09:57.062871
grim	If something is grim, it is very serious or worrying.	jiddiy / dahshatli	мрачный	9f36c6f5-1076-480a-9d22-a1d8082a9a19	0d12f3a6-ca9e-48cc-b6f0-2d22d15567d3	https://www.essentialenglish.review/apps-data/4000-essential-english-words-3/data/unit-15/wordlist/26361.jpg	bce56a74-f3e8-4d31-b0b9-9fd4e79df229	2025-12-26 14:09:57.062499	2025-12-26 14:09:57.062871
hesitate	To hesitate is to pause before doing something because of doubt.	ikkilanmoq / tortinmoq	колебаться	9f36c6f5-1076-480a-9d22-a1d8082a9a19	0d12f3a6-ca9e-48cc-b6f0-2d22d15567d3	https://www.essentialenglish.review/apps-data/4000-essential-english-words-3/data/unit-15/wordlist/26362.jpg	05c2d218-0a44-44eb-bb47-14c38bbff640	2025-12-26 14:09:57.062499	2025-12-26 14:09:57.062871
illuminate	To illuminate means to light up.	yoritmoq / ochib ko‘rsatmoq	освещать	9f36c6f5-1076-480a-9d22-a1d8082a9a19	0d12f3a6-ca9e-48cc-b6f0-2d22d15567d3	https://www.essentialenglish.review/apps-data/4000-essential-english-words-3/data/unit-15/wordlist/26363.jpg	ec3d4a92-0243-433a-b7ec-5b598f0a394c	2025-12-26 14:09:57.062499	2025-12-26 14:09:57.062871
jeopardy	Jeopardy is danger or risk.	xavf / tahdid	опасность	9f36c6f5-1076-480a-9d22-a1d8082a9a19	0d12f3a6-ca9e-48cc-b6f0-2d22d15567d3	https://www.essentialenglish.review/apps-data/4000-essential-english-words-3/data/unit-15/wordlist/26364.jpg	ac3938a3-b58a-44f4-8602-1bc99459e3e4	2025-12-26 14:09:57.062499	2025-12-26 14:09:57.062871
abundant	If something is abundant, there is a lot of it.	mo‘l-ko‘l	обильный	00c71f5f-ad28-46ac-b233-233c03a48cd2	0d12f3a6-ca9e-48cc-b6f0-2d22d15567d3	https://www.essentialenglish.review/apps-data/4000-essential-english-words-3/data/unit-16/wordlist/26375.jpg	b997d2b2-9349-41b2-ae3c-b8036a260667	2025-12-26 14:09:57.062499	2025-12-26 14:09:57.062871
adjoin	To adjoin means to be next to something.	yondosh bo‘lmoq	примыкать	00c71f5f-ad28-46ac-b233-233c03a48cd2	0d12f3a6-ca9e-48cc-b6f0-2d22d15567d3	https://www.essentialenglish.review/apps-data/4000-essential-english-words-3/data/unit-16/wordlist/26376.jpg	a50d2583-f18c-48a8-a79b-2ed034ee4648	2025-12-26 14:09:57.062499	2025-12-26 14:09:57.062871
ample	If something is ample, it is enough or more than enough.	yetarli	достаточный	00c71f5f-ad28-46ac-b233-233c03a48cd2	0d12f3a6-ca9e-48cc-b6f0-2d22d15567d3	https://www.essentialenglish.review/apps-data/4000-essential-english-words-3/data/unit-16/wordlist/26377.jpg	9ac07e17-8ca5-4bac-afa3-daeecb2fa07d	2025-12-26 14:09:57.062499	2025-12-26 14:09:57.062871
arid	An arid place is very dry.	quruq	засушливый	00c71f5f-ad28-46ac-b233-233c03a48cd2	0d12f3a6-ca9e-48cc-b6f0-2d22d15567d3	https://www.essentialenglish.review/apps-data/4000-essential-english-words-3/data/unit-16/wordlist/26378.jpg	843b99a1-7495-4d17-a37f-2fd4d3b335f5	2025-12-26 14:09:57.062499	2025-12-26 14:09:57.062871
cathedral	A cathedral is a large important church.	sobor	собор	00c71f5f-ad28-46ac-b233-233c03a48cd2	0d12f3a6-ca9e-48cc-b6f0-2d22d15567d3	https://www.essentialenglish.review/apps-data/4000-essential-english-words-3/data/unit-16/wordlist/26379.jpg	40aa33bf-2c3f-4588-9590-024ff4b1140d	2025-12-26 14:09:57.062499	2025-12-26 14:09:57.062871
drought	A drought is a long time without rain.	qurg‘oqchilik	засуха	00c71f5f-ad28-46ac-b233-233c03a48cd2	0d12f3a6-ca9e-48cc-b6f0-2d22d15567d3	https://www.essentialenglish.review/apps-data/4000-essential-english-words-3/data/unit-16/wordlist/26380.jpg	9ee1268e-2084-4c0b-a5c7-5c314f9d805e	2025-12-26 14:09:57.062499	2025-12-26 14:09:57.062871
eligible	If someone is eligible, they are allowed to do something.	haqli	имеющий право	00c71f5f-ad28-46ac-b233-233c03a48cd2	0d12f3a6-ca9e-48cc-b6f0-2d22d15567d3	https://www.essentialenglish.review/apps-data/4000-essential-english-words-3/data/unit-16/wordlist/26381.jpg	44e4b18e-cc06-4a2e-bed3-ff4fa66d81a6	2025-12-26 14:09:57.062499	2025-12-26 14:09:57.062871
fast	If someone fasts, they do not eat.	ro‘za tutmoq	поститься	00c71f5f-ad28-46ac-b233-233c03a48cd2	0d12f3a6-ca9e-48cc-b6f0-2d22d15567d3	https://www.essentialenglish.review/apps-data/4000-essential-english-words-3/data/unit-16/wordlist/26382.jpg	63f24159-65d7-45b5-9380-c4e82037e230	2025-12-26 14:09:57.062499	2025-12-26 14:09:57.062871
grumble	To grumble means to complain quietly.	norozi bo‘lmoq	ворчать	00c71f5f-ad28-46ac-b233-233c03a48cd2	0d12f3a6-ca9e-48cc-b6f0-2d22d15567d3	https://www.essentialenglish.review/apps-data/4000-essential-english-words-3/data/unit-16/wordlist/26383.jpg	a1f2079c-45a2-47ef-9048-92a7a54add78	2025-12-26 14:09:57.062499	2025-12-26 14:09:57.062871
inland	Inland means away from the coast.	ichki hudud	внутренний	00c71f5f-ad28-46ac-b233-233c03a48cd2	0d12f3a6-ca9e-48cc-b6f0-2d22d15567d3	https://www.essentialenglish.review/apps-data/4000-essential-english-words-3/data/unit-16/wordlist/26384.jpg	b82af47f-f0ce-4391-bc2f-acb7cb44e966	2025-12-26 14:09:57.062499	2025-12-26 14:09:57.062871
acquire	To acquire means to get something.	egallamoq	приобретать	37a284d4-7c6f-4ef2-9af9-07c855eb6f6a	0d12f3a6-ca9e-48cc-b6f0-2d22d15567d3	https://www.essentialenglish.review/apps-data/4000-essential-english-words-3/data/unit-17/wordlist/26395.jpg	da77554f-9db5-450b-bfb6-c388ab8b77b9	2025-12-26 14:09:57.062499	2025-12-26 14:09:57.062871
awkward	If something is awkward, it is uncomfortable.	noqulay	неловкий	37a284d4-7c6f-4ef2-9af9-07c855eb6f6a	0d12f3a6-ca9e-48cc-b6f0-2d22d15567d3	https://www.essentialenglish.review/apps-data/4000-essential-english-words-3/data/unit-17/wordlist/26396.jpg	b265fbb8-6aa5-463c-8e54-dd05a95e0716	2025-12-26 14:09:57.062499	2025-12-26 14:09:57.062871
caretaker	A caretaker takes care of something.	qarovchi	смотритель	37a284d4-7c6f-4ef2-9af9-07c855eb6f6a	0d12f3a6-ca9e-48cc-b6f0-2d22d15567d3	https://www.essentialenglish.review/apps-data/4000-essential-english-words-3/data/unit-17/wordlist/26397.jpg	9e3e14ad-afbc-406e-a775-522b950e8950	2025-12-26 14:09:57.062499	2025-12-26 14:09:57.062871
deceit	Deceit is dishonest behavior.	aldov	обман	37a284d4-7c6f-4ef2-9af9-07c855eb6f6a	0d12f3a6-ca9e-48cc-b6f0-2d22d15567d3	https://www.essentialenglish.review/apps-data/4000-essential-english-words-3/data/unit-17/wordlist/26398.jpg	5f770386-a71b-45ac-bc83-9641e5ad9c73	2025-12-26 14:09:57.062499	2025-12-26 14:09:57.062871
discourage	To discourage means to stop someone.	ko‘ndirmaslik	отговаривать	37a284d4-7c6f-4ef2-9af9-07c855eb6f6a	0d12f3a6-ca9e-48cc-b6f0-2d22d15567d3	https://www.essentialenglish.review/apps-data/4000-essential-english-words-3/data/unit-17/wordlist/26399.jpg	b105f26c-9484-45d6-a531-04a4329d001b	2025-12-26 14:09:57.062499	2025-12-26 14:09:57.062871
fake	If something is fake, it is not real.	soxta	поддельный	37a284d4-7c6f-4ef2-9af9-07c855eb6f6a	0d12f3a6-ca9e-48cc-b6f0-2d22d15567d3	https://www.essentialenglish.review/apps-data/4000-essential-english-words-3/data/unit-17/wordlist/26400.jpg	e62e6112-8790-4f04-83ff-bc22a7e1dbb6	2025-12-26 14:09:57.062499	2025-12-26 14:09:57.062871
hatred	Hatred is a strong feeling of dislike.	nafrat	ненависть	37a284d4-7c6f-4ef2-9af9-07c855eb6f6a	0d12f3a6-ca9e-48cc-b6f0-2d22d15567d3	https://www.essentialenglish.review/apps-data/4000-essential-english-words-3/data/unit-17/wordlist/26401.jpg	ae78f96c-31d7-49ac-9782-57944b7688f5	2025-12-26 14:09:57.062499	2025-12-26 14:09:57.062871
hut	A hut is a small simple house.	kulba	хижина	37a284d4-7c6f-4ef2-9af9-07c855eb6f6a	0d12f3a6-ca9e-48cc-b6f0-2d22d15567d3	https://www.essentialenglish.review/apps-data/4000-essential-english-words-3/data/unit-17/wordlist/26402.jpg	e561cd1e-687a-46f0-a2d8-ca2d6260965c	2025-12-26 14:09:57.062499	2025-12-26 14:09:57.062871
inferior	If something is inferior, it is lower quality.	past sifatli	хуже	37a284d4-7c6f-4ef2-9af9-07c855eb6f6a	0d12f3a6-ca9e-48cc-b6f0-2d22d15567d3	https://www.essentialenglish.review/apps-data/4000-essential-english-words-3/data/unit-17/wordlist/26403.jpg	dceb1401-ea92-4d40-b458-3e77c839988c	2025-12-26 14:09:57.062499	2025-12-26 14:09:57.062871
lodge	A lodge is a small house in nature.	mehmonxona / kulba	домик	37a284d4-7c6f-4ef2-9af9-07c855eb6f6a	0d12f3a6-ca9e-48cc-b6f0-2d22d15567d3	https://www.essentialenglish.review/apps-data/4000-essential-english-words-3/data/unit-17/wordlist/26404.jpg	ad5ebd39-954d-4af4-abd7-059c39f77b3e	2025-12-26 14:09:57.062499	2025-12-26 14:09:57.062871
aid	Aid is help.	yordam	помощь	7c82b68c-8d0a-4b37-a7b4-c5fde40b2c08	0d12f3a6-ca9e-48cc-b6f0-2d22d15567d3	https://www.essentialenglish.review/apps-data/4000-essential-english-words-3/data/unit-18/wordlist/26415.jpg	c39ae60c-7757-4b22-bd3d-8d831cca2306	2025-12-26 14:09:57.062499	2025-12-26 14:09:57.062871
ambassador	An ambassador represents a country.	elchi	посол	7c82b68c-8d0a-4b37-a7b4-c5fde40b2c08	0d12f3a6-ca9e-48cc-b6f0-2d22d15567d3	https://www.essentialenglish.review/apps-data/4000-essential-english-words-3/data/unit-18/wordlist/26416.jpg	7650cc26-e677-4e16-bfea-ca14a310edff	2025-12-26 14:09:57.062499	2025-12-26 14:09:57.062871
blonde	Blonde hair is light-colored.	sariq sochli	блондинистый	7c82b68c-8d0a-4b37-a7b4-c5fde40b2c08	0d12f3a6-ca9e-48cc-b6f0-2d22d15567d3	https://www.essentialenglish.review/apps-data/4000-essential-english-words-3/data/unit-18/wordlist/26417.jpg	e61d7101-2136-48ee-8c58-5dc5e9f219d0	2025-12-26 14:09:57.062499	2025-12-26 14:09:57.062871
conquer	To conquer is to take control by force.	zabt etmoq	завоевывать	7c82b68c-8d0a-4b37-a7b4-c5fde40b2c08	0d12f3a6-ca9e-48cc-b6f0-2d22d15567d3	https://www.essentialenglish.review/apps-data/4000-essential-english-words-3/data/unit-18/wordlist/26418.jpg	712e495d-140d-467b-b976-0d3502d0c9a9	2025-12-26 14:09:57.062499	2025-12-26 14:09:57.062871
drag	To drag means to pull something.	sudramoq	тащить	7c82b68c-8d0a-4b37-a7b4-c5fde40b2c08	0d12f3a6-ca9e-48cc-b6f0-2d22d15567d3	https://www.essentialenglish.review/apps-data/4000-essential-english-words-3/data/unit-18/wordlist/26419.jpg	7f96ab2c-9dc1-41d8-b439-be4175366e12	2025-12-26 14:09:57.062499	2025-12-26 14:09:57.062871
exaggerate	To exaggerate is to make something seem bigger.	bo‘rttirmoq	преувеличивать	7c82b68c-8d0a-4b37-a7b4-c5fde40b2c08	0d12f3a6-ca9e-48cc-b6f0-2d22d15567d3	https://www.essentialenglish.review/apps-data/4000-essential-english-words-3/data/unit-18/wordlist/26420.jpg	f48ae69e-471c-4f94-b478-5e40653b6ff0	2025-12-26 14:09:57.062499	2025-12-26 14:09:57.062871
heritage	Heritage is culture passed down.	meros	наследие	7c82b68c-8d0a-4b37-a7b4-c5fde40b2c08	0d12f3a6-ca9e-48cc-b6f0-2d22d15567d3	https://www.essentialenglish.review/apps-data/4000-essential-english-words-3/data/unit-18/wordlist/26421.jpg	796ba2cb-b098-4a98-bb73-63746d2882bb	2025-12-26 14:09:57.062499	2025-12-26 14:09:57.062871
insult	An insult is a rude comment.	haqorat	оскорбление	7c82b68c-8d0a-4b37-a7b4-c5fde40b2c08	0d12f3a6-ca9e-48cc-b6f0-2d22d15567d3	https://www.essentialenglish.review/apps-data/4000-essential-english-words-3/data/unit-18/wordlist/26422.jpg	83cffbfe-0c45-453d-90c6-7e11107950d6	2025-12-26 14:09:57.062499	2025-12-26 14:09:57.062871
meanwhile	Meanwhile means at the same time.	shu paytda	тем временем	7c82b68c-8d0a-4b37-a7b4-c5fde40b2c08	0d12f3a6-ca9e-48cc-b6f0-2d22d15567d3	https://www.essentialenglish.review/apps-data/4000-essential-english-words-3/data/unit-18/wordlist/26423.jpg	07f44e7f-c685-4c07-b8b5-638f17c6e62d	2025-12-26 14:09:57.062499	2025-12-26 14:09:57.062871
necklace	A necklace is jewelry worn around the neck.	marjon	ожерелье	7c82b68c-8d0a-4b37-a7b4-c5fde40b2c08	0d12f3a6-ca9e-48cc-b6f0-2d22d15567d3	https://www.essentialenglish.review/apps-data/4000-essential-english-words-3/data/unit-18/wordlist/26424.jpg	bd5a1658-8b97-4271-9421-b5fb7011e582	2025-12-26 14:09:57.062499	2025-12-26 14:09:57.062871
ache	To ache means to hurt.	og‘rimoq	болеть	0610c678-632b-4ce7-bf38-9dd5147de96a	0d12f3a6-ca9e-48cc-b6f0-2d22d15567d3	https://www.essentialenglish.review/apps-data/4000-essential-english-words-3/data/unit-19/wordlist/26435.jpg	49ffe9b5-fee1-4a3d-8955-94dc06ffb550	2025-12-26 14:09:57.062499	2025-12-26 14:09:57.062871
arctic	Arctic means very cold.	arktik	арктический	0610c678-632b-4ce7-bf38-9dd5147de96a	0d12f3a6-ca9e-48cc-b6f0-2d22d15567d3	https://www.essentialenglish.review/apps-data/4000-essential-english-words-3/data/unit-19/wordlist/26436.jpg	8d60bee2-14be-4abb-b9e1-43e29a9aa646	2025-12-26 14:09:57.062499	2025-12-26 14:09:57.062871
canal	A canal is an artificial river.	kanal	канал	0610c678-632b-4ce7-bf38-9dd5147de96a	0d12f3a6-ca9e-48cc-b6f0-2d22d15567d3	https://www.essentialenglish.review/apps-data/4000-essential-english-words-3/data/unit-19/wordlist/26437.jpg	7af2ae5e-8c26-4c5d-8ddf-461b94272968	2025-12-26 14:09:57.062499	2025-12-26 14:09:57.062871
chemist	A chemist studies chemicals.	kimyogar	химик	0610c678-632b-4ce7-bf38-9dd5147de96a	0d12f3a6-ca9e-48cc-b6f0-2d22d15567d3	https://www.essentialenglish.review/apps-data/4000-essential-english-words-3/data/unit-19/wordlist/26438.jpg	5be4a4fe-ec6a-4f07-9540-2cba17e7c15d	2025-12-26 14:09:57.062499	2025-12-26 14:09:57.062871
chill	A chill is cold feeling.	sovuq	озноб	0610c678-632b-4ce7-bf38-9dd5147de96a	0d12f3a6-ca9e-48cc-b6f0-2d22d15567d3	https://www.essentialenglish.review/apps-data/4000-essential-english-words-3/data/unit-19/wordlist/26439.jpg	194a2a1a-cc94-477e-8199-2c772e9e9431	2025-12-26 14:09:57.062499	2025-12-26 14:09:57.062871
congress	Congress is a law-making group.	kongress	конгресс	0610c678-632b-4ce7-bf38-9dd5147de96a	0d12f3a6-ca9e-48cc-b6f0-2d22d15567d3	https://www.essentialenglish.review/apps-data/4000-essential-english-words-3/data/unit-19/wordlist/26440.jpg	854c77be-1c3e-4ab7-843f-6bd605544053	2025-12-26 14:09:57.062499	2025-12-26 14:09:57.062871
dairy	Dairy relates to milk products.	sut mahsulotlari	молочные продукты	0610c678-632b-4ce7-bf38-9dd5147de96a	0d12f3a6-ca9e-48cc-b6f0-2d22d15567d3	https://www.essentialenglish.review/apps-data/4000-essential-english-words-3/data/unit-19/wordlist/26441.jpg	ecbc1148-2b78-4e8d-a7ff-fef16f01b29a	2025-12-26 14:09:57.062499	2025-12-26 14:09:57.062871
descend	To descend is to go down.	pastga tushmoq	спускаться	0610c678-632b-4ce7-bf38-9dd5147de96a	0d12f3a6-ca9e-48cc-b6f0-2d22d15567d3	https://www.essentialenglish.review/apps-data/4000-essential-english-words-3/data/unit-19/wordlist/26442.jpg	a768107e-6b09-4780-bfad-7a95e5058975	2025-12-26 14:09:57.062499	2025-12-26 14:09:57.062871
grocer	A grocer sells food.	baqqol	бакалейщик	0610c678-632b-4ce7-bf38-9dd5147de96a	0d12f3a6-ca9e-48cc-b6f0-2d22d15567d3	https://www.essentialenglish.review/apps-data/4000-essential-english-words-3/data/unit-19/wordlist/26443.jpg	ef542754-0229-40af-927c-716a6e66d4e1	2025-12-26 14:09:57.062499	2025-12-26 14:09:57.062871
hesitate	To hesitate is to pause.	ikkilanmoq	колебаться	0610c678-632b-4ce7-bf38-9dd5147de96a	0d12f3a6-ca9e-48cc-b6f0-2d22d15567d3	https://www.essentialenglish.review/apps-data/4000-essential-english-words-3/data/unit-19/wordlist/26444.jpg	c1f6fd79-c69c-4103-bd40-d71855f4e09b	2025-12-26 14:09:57.062499	2025-12-26 14:09:57.062871
adapt	Not found	moslashmoq	адаптироваться	9f3d2b0f-3d46-45fa-a4f5-cfdf490e1e4a	0d12f3a6-ca9e-48cc-b6f0-2d22d15567d3	https://www.essentialenglish.review/apps-data/4000-essential-english-words-3/data/unit-20/wordlist/26435.png	8c149f80-708e-4a40-b185-6c04d208f8d0	2025-12-26 14:09:57.062499	2025-12-26 14:09:57.062871
biological	Not found	biologik	биологический	9f3d2b0f-3d46-45fa-a4f5-cfdf490e1e4a	0d12f3a6-ca9e-48cc-b6f0-2d22d15567d3	https://www.essentialenglish.review/apps-data/4000-essential-english-words-3/data/unit-20/wordlist/26435.png	28ea60bb-f290-445b-acc5-16e87d2c37ef	2025-12-26 14:09:57.062499	2025-12-26 14:09:57.062871
cell	Not found	hujayra	клетка	9f3d2b0f-3d46-45fa-a4f5-cfdf490e1e4a	0d12f3a6-ca9e-48cc-b6f0-2d22d15567d3	https://www.essentialenglish.review/apps-data/4000-essential-english-words-3/data/unit-20/wordlist/26435.png	bb77ef08-2177-4d81-ba17-b6be4be00409	2025-12-26 14:09:57.062499	2025-12-26 14:09:57.062871
dynamic	Not found	faol, o‘zgaruvchan	динамичный	9f3d2b0f-3d46-45fa-a4f5-cfdf490e1e4a	0d12f3a6-ca9e-48cc-b6f0-2d22d15567d3	https://www.essentialenglish.review/apps-data/4000-essential-english-words-3/data/unit-20/wordlist/26435.png	c7eb30fa-56b5-4ac8-b5ee-5aa277bb50a5	2025-12-26 14:09:57.062499	2025-12-26 14:09:57.062871
fantastic	Not found	ajoyib	фантастический	9f3d2b0f-3d46-45fa-a4f5-cfdf490e1e4a	0d12f3a6-ca9e-48cc-b6f0-2d22d15567d3	https://www.essentialenglish.review/apps-data/4000-essential-english-words-3/data/unit-20/wordlist/26435.png	d18c7adc-d740-4f63-8fde-f12f9d7b2433	2025-12-26 14:09:57.062499	2025-12-26 14:09:57.062871
heredity	Not found	irsiyat	наследственность	9f3d2b0f-3d46-45fa-a4f5-cfdf490e1e4a	0d12f3a6-ca9e-48cc-b6f0-2d22d15567d3	https://www.essentialenglish.review/apps-data/4000-essential-english-words-3/data/unit-20/wordlist/26435.png	77c803ae-6861-4315-9514-f987a514850f	2025-12-26 14:09:57.062499	2025-12-26 14:09:57.062871
internal	Not found	ichki	внутренний	9f3d2b0f-3d46-45fa-a4f5-cfdf490e1e4a	0d12f3a6-ca9e-48cc-b6f0-2d22d15567d3	https://www.essentialenglish.review/apps-data/4000-essential-english-words-3/data/unit-20/wordlist/26435.png	302ed085-99b4-45bd-94ce-f6d2a227e249	2025-12-26 14:09:57.062499	2025-12-26 14:09:57.062871
minimal	Not found	eng kam	минимальный	9f3d2b0f-3d46-45fa-a4f5-cfdf490e1e4a	0d12f3a6-ca9e-48cc-b6f0-2d22d15567d3	https://www.essentialenglish.review/apps-data/4000-essential-english-words-3/data/unit-20/wordlist/26435.png	24cf2327-0c6f-4837-9308-8292a7b08ea2	2025-12-26 14:09:57.062499	2025-12-26 14:09:57.062871
pioneer	Not found	kashshof	первопроходец	9f3d2b0f-3d46-45fa-a4f5-cfdf490e1e4a	0d12f3a6-ca9e-48cc-b6f0-2d22d15567d3	https://www.essentialenglish.review/apps-data/4000-essential-english-words-3/data/unit-20/wordlist/26435.png	495170f3-6e49-424e-9a34-18c34ffaec7c	2025-12-26 14:09:57.062499	2025-12-26 14:09:57.062871
prescribe	Not found	tayinlamoq (dori)	назначать	9f3d2b0f-3d46-45fa-a4f5-cfdf490e1e4a	0d12f3a6-ca9e-48cc-b6f0-2d22d15567d3	https://www.essentialenglish.review/apps-data/4000-essential-english-words-3/data/unit-20/wordlist/26435.png	26a25fd8-123f-43f9-b88f-70ebe6b5d582	2025-12-26 14:09:57.062499	2025-12-26 14:09:57.062871
alien	Not found	begona	чужак	37f62ee6-82de-4a9a-8b3c-a071a5d99ab1	0d12f3a6-ca9e-48cc-b6f0-2d22d15567d3	https://www.essentialenglish.review/apps-data/4000-essential-english-words-3/data/unit-21/wordlist/26435.png	7e578262-a670-4a92-ba0d-0ba243b77c84	2025-12-26 14:09:57.062499	2025-12-26 14:09:57.062871
among	Not found	orasida	среди	37f62ee6-82de-4a9a-8b3c-a071a5d99ab1	0d12f3a6-ca9e-48cc-b6f0-2d22d15567d3	https://www.essentialenglish.review/apps-data/4000-essential-english-words-3/data/unit-21/wordlist/26435.png	7712ec9d-f291-4eeb-9746-a65fac818104	2025-12-26 14:09:57.062499	2025-12-26 14:09:57.062871
chart	Not found	jadval	диаграмма	37f62ee6-82de-4a9a-8b3c-a071a5d99ab1	0d12f3a6-ca9e-48cc-b6f0-2d22d15567d3	https://www.essentialenglish.review/apps-data/4000-essential-english-words-3/data/unit-21/wordlist/26435.png	9c2ba790-9313-4a13-a07d-da6b93605d04	2025-12-26 14:09:57.062499	2025-12-26 14:09:57.062871
cloud	Not found	bulut	облако	37f62ee6-82de-4a9a-8b3c-a071a5d99ab1	0d12f3a6-ca9e-48cc-b6f0-2d22d15567d3	https://www.essentialenglish.review/apps-data/4000-essential-english-words-3/data/unit-21/wordlist/26435.png	0050b4f4-1a89-49a9-a5e1-a75e09445f63	2025-12-26 14:09:57.062499	2025-12-26 14:09:57.062871
comprehend	Not found	tushunmoq	понимать	37f62ee6-82de-4a9a-8b3c-a071a5d99ab1	0d12f3a6-ca9e-48cc-b6f0-2d22d15567d3	https://www.essentialenglish.review/apps-data/4000-essential-english-words-3/data/unit-21/wordlist/26435.png	727d98a3-772e-4ebd-ae36-d87cc0999691	2025-12-26 14:09:57.062499	2025-12-26 14:09:57.062871
describe	Not found	tasvirlamoq	описывать	37f62ee6-82de-4a9a-8b3c-a071a5d99ab1	0d12f3a6-ca9e-48cc-b6f0-2d22d15567d3	https://www.essentialenglish.review/apps-data/4000-essential-english-words-3/data/unit-21/wordlist/26435.png	65489357-d07f-47cb-8330-99a43b973bed	2025-12-26 14:09:57.062499	2025-12-26 14:09:57.062871
ever	Not found	qachondir	когда-либо	37f62ee6-82de-4a9a-8b3c-a071a5d99ab1	0d12f3a6-ca9e-48cc-b6f0-2d22d15567d3	https://www.essentialenglish.review/apps-data/4000-essential-english-words-3/data/unit-21/wordlist/26435.png	f81b6ee8-8c16-44d2-bc65-dd4c89a2499d	2025-12-26 14:09:57.062499	2025-12-26 14:09:57.062871
fail	Not found	muvaffaqiyatsiz bo‘lmoq	потерпеть неудачу	37f62ee6-82de-4a9a-8b3c-a071a5d99ab1	0d12f3a6-ca9e-48cc-b6f0-2d22d15567d3	https://www.essentialenglish.review/apps-data/4000-essential-english-words-3/data/unit-21/wordlist/26435.png	c48cdf65-5dc1-42c2-88dc-2198e3c09a89	2025-12-26 14:09:57.062499	2025-12-26 14:09:57.062871
friendly	Not found	do‘stona	дружелюбный	37f62ee6-82de-4a9a-8b3c-a071a5d99ab1	0d12f3a6-ca9e-48cc-b6f0-2d22d15567d3	https://www.essentialenglish.review/apps-data/4000-essential-english-words-3/data/unit-21/wordlist/26435.png	32da8a28-c585-4485-b9bc-ffc29cffd1c5	2025-12-26 14:09:57.062499	2025-12-26 14:09:57.062871
grade	Not found	baho	оценка	37f62ee6-82de-4a9a-8b3c-a071a5d99ab1	0d12f3a6-ca9e-48cc-b6f0-2d22d15567d3	https://www.essentialenglish.review/apps-data/4000-essential-english-words-3/data/unit-21/wordlist/26435.png	58ea6729-0037-4ccd-9a1d-27ba7f9dbae3	2025-12-26 14:09:57.062499	2025-12-26 14:09:57.062871
advance	Not found	oldinga siljimoq	продвигаться	3f63451b-1163-4716-b4e2-761b6c8eb052	0d12f3a6-ca9e-48cc-b6f0-2d22d15567d3	https://www.essentialenglish.review/apps-data/4000-essential-english-words-3/data/unit-22/wordlist/26435.png	8dedad74-d975-4e29-950b-0be2e0052f1f	2025-12-26 14:09:57.062499	2025-12-26 14:09:57.062871
athlete	Not found	sportchi	спортсмен	3f63451b-1163-4716-b4e2-761b6c8eb052	0d12f3a6-ca9e-48cc-b6f0-2d22d15567d3	https://www.essentialenglish.review/apps-data/4000-essential-english-words-3/data/unit-22/wordlist/26435.png	94c33178-a4b5-4ceb-809d-bc82094c3c09	2025-12-26 14:09:57.062499	2025-12-26 14:09:57.062871
average	Not found	o‘rtacha	средний	3f63451b-1163-4716-b4e2-761b6c8eb052	0d12f3a6-ca9e-48cc-b6f0-2d22d15567d3	https://www.essentialenglish.review/apps-data/4000-essential-english-words-3/data/unit-22/wordlist/26435.png	d7abd833-c359-4af2-8ba3-ce727783510b	2025-12-26 14:09:57.062499	2025-12-26 14:09:57.062871
behavior	Not found	xulq-atvor	поведение	3f63451b-1163-4716-b4e2-761b6c8eb052	0d12f3a6-ca9e-48cc-b6f0-2d22d15567d3	https://www.essentialenglish.review/apps-data/4000-essential-english-words-3/data/unit-22/wordlist/26435.png	b07d70fb-78ec-4e99-8d07-784c3e7d23b8	2025-12-26 14:09:57.062499	2025-12-26 14:09:57.062871
behind	Not found	orqasida	позади	3f63451b-1163-4716-b4e2-761b6c8eb052	0d12f3a6-ca9e-48cc-b6f0-2d22d15567d3	https://www.essentialenglish.review/apps-data/4000-essential-english-words-3/data/unit-22/wordlist/26435.png	9c92f7ff-f8d3-43b5-aea6-bc6cb7bfe8e8	2025-12-26 14:09:57.062499	2025-12-26 14:09:57.062871
course	Not found	kurs	курс	3f63451b-1163-4716-b4e2-761b6c8eb052	0d12f3a6-ca9e-48cc-b6f0-2d22d15567d3	https://www.essentialenglish.review/apps-data/4000-essential-english-words-3/data/unit-22/wordlist/26435.png	eabdf457-ab1f-4202-a9ed-e9aedcb66311	2025-12-26 14:09:57.062499	2025-12-26 14:09:57.062871
lower	Not found	pasaytirmoq	понижать	3f63451b-1163-4716-b4e2-761b6c8eb052	0d12f3a6-ca9e-48cc-b6f0-2d22d15567d3	https://www.essentialenglish.review/apps-data/4000-essential-english-words-3/data/unit-22/wordlist/26435.png	71d18b77-ec29-42db-aeb1-96e1ff126825	2025-12-26 14:09:57.062499	2025-12-26 14:09:57.062871
match	Not found	musobaqa	матч	3f63451b-1163-4716-b4e2-761b6c8eb052	0d12f3a6-ca9e-48cc-b6f0-2d22d15567d3	https://www.essentialenglish.review/apps-data/4000-essential-english-words-3/data/unit-22/wordlist/26435.png	fb65b786-4ff8-4a24-9255-2574905a0791	2025-12-26 14:09:57.062499	2025-12-26 14:09:57.062871
member	Not found	a’zo	член	3f63451b-1163-4716-b4e2-761b6c8eb052	0d12f3a6-ca9e-48cc-b6f0-2d22d15567d3	https://www.essentialenglish.review/apps-data/4000-essential-english-words-3/data/unit-22/wordlist/26435.png	356b8c9a-de61-43d1-9ffa-35a008acd4c9	2025-12-26 14:09:57.062499	2025-12-26 14:09:57.062871
mental	Not found	ruhiy	психический	3f63451b-1163-4716-b4e2-761b6c8eb052	0d12f3a6-ca9e-48cc-b6f0-2d22d15567d3	https://www.essentialenglish.review/apps-data/4000-essential-english-words-3/data/unit-22/wordlist/26435.png	08c1740b-4393-4f28-b785-84d8b0fccc25	2025-12-26 14:09:57.062499	2025-12-26 14:09:57.062871
block	Not found	to‘sqinlik	блок	8d6ed600-932f-48d8-a85d-35f63638237a	0d12f3a6-ca9e-48cc-b6f0-2d22d15567d3	https://www.essentialenglish.review/apps-data/4000-essential-english-words-3/data/unit-23/wordlist/26435.png	56027329-0053-4575-a85e-fdb7edc25bbf	2025-12-26 14:09:57.062499	2025-12-26 14:09:57.062871
bury	Not found	ko‘mmoq	хоронить	8d6ed600-932f-48d8-a85d-35f63638237a	0d12f3a6-ca9e-48cc-b6f0-2d22d15567d3	https://www.essentialenglish.review/apps-data/4000-essential-english-words-3/data/unit-23/wordlist/26435.png	c4c26d51-1ce1-40ab-b4c8-b45e193e8f8a	2025-12-26 14:09:57.062499	2025-12-26 14:09:57.062871
climate	Not found	iqlim	климат	8d6ed600-932f-48d8-a85d-35f63638237a	0d12f3a6-ca9e-48cc-b6f0-2d22d15567d3	https://www.essentialenglish.review/apps-data/4000-essential-english-words-3/data/unit-23/wordlist/26435.png	098aa237-3cf1-4dea-9c7b-12408b5e6479	2025-12-26 14:09:57.062499	2025-12-26 14:09:57.062871
complain	Not found	shikoyat qilmoq	жаловаться	8d6ed600-932f-48d8-a85d-35f63638237a	0d12f3a6-ca9e-48cc-b6f0-2d22d15567d3	https://www.essentialenglish.review/apps-data/4000-essential-english-words-3/data/unit-23/wordlist/26435.png	1558d96d-010b-41e9-af97-c99abb6dd5c8	2025-12-26 14:09:57.062499	2025-12-26 14:09:57.062871
confuse	Not found	adashdirmoq	путать	8d6ed600-932f-48d8-a85d-35f63638237a	0d12f3a6-ca9e-48cc-b6f0-2d22d15567d3	https://www.essentialenglish.review/apps-data/4000-essential-english-words-3/data/unit-23/wordlist/26435.png	ed3e4805-cfa7-4fc3-b01a-06d7282e0370	2025-12-26 14:09:57.062499	2025-12-26 14:09:57.062871
due	Not found	sababli	обусловленный	8d6ed600-932f-48d8-a85d-35f63638237a	0d12f3a6-ca9e-48cc-b6f0-2d22d15567d3	https://www.essentialenglish.review/apps-data/4000-essential-english-words-3/data/unit-23/wordlist/26435.png	f90f3047-b893-4e57-991d-04afd4eeba43	2025-12-26 14:09:57.062499	2025-12-26 14:09:57.062871
entire	Not found	butun	целый	8d6ed600-932f-48d8-a85d-35f63638237a	0d12f3a6-ca9e-48cc-b6f0-2d22d15567d3	https://www.essentialenglish.review/apps-data/4000-essential-english-words-3/data/unit-23/wordlist/26435.png	2efd2ed3-5c24-49c1-80b1-2fdc34e1eb87	2025-12-26 14:09:57.062499	2025-12-26 14:09:57.062871
establish	Not found	asos solmoq	основывать	8d6ed600-932f-48d8-a85d-35f63638237a	0d12f3a6-ca9e-48cc-b6f0-2d22d15567d3	https://www.essentialenglish.review/apps-data/4000-essential-english-words-3/data/unit-23/wordlist/26435.png	2db5c8bb-8a87-448c-99c2-3f7eb0d2b53f	2025-12-26 14:09:57.062499	2025-12-26 14:09:57.062871
flood	Not found	suv toshqini	наводнение	8d6ed600-932f-48d8-a85d-35f63638237a	0d12f3a6-ca9e-48cc-b6f0-2d22d15567d3	https://www.essentialenglish.review/apps-data/4000-essential-english-words-3/data/unit-23/wordlist/26435.png	8e8537f6-44e7-4d0d-94a6-bc99064b19dc	2025-12-26 14:09:57.062499	2025-12-26 14:09:57.062871
furniture	Not found	mebel	мебель	8d6ed600-932f-48d8-a85d-35f63638237a	0d12f3a6-ca9e-48cc-b6f0-2d22d15567d3	https://www.essentialenglish.review/apps-data/4000-essential-english-words-3/data/unit-23/wordlist/26435.png	bc6f5b59-a6c2-469e-8263-8d0c54cf4d3a	2025-12-26 14:09:57.062499	2025-12-26 14:09:57.062871
advertise	Not found	reklama qilmoq	рекламировать	ab7a1e0a-58c3-4abd-b6a3-9b9005bfe188	0d12f3a6-ca9e-48cc-b6f0-2d22d15567d3	https://www.essentialenglish.review/apps-data/4000-essential-english-words-3/data/unit-24/wordlist/26435.png	fba73b3a-0e57-4435-a2a7-b6b5a73430fd	2025-12-26 14:09:57.062499	2025-12-26 14:09:57.062871
assign	Not found	topshirmoq, belgilamoq	назначать	ab7a1e0a-58c3-4abd-b6a3-9b9005bfe188	0d12f3a6-ca9e-48cc-b6f0-2d22d15567d3	https://www.essentialenglish.review/apps-data/4000-essential-english-words-3/data/unit-24/wordlist/26435.png	85459bdb-2195-4f52-9349-9a11840cc6e0	2025-12-26 14:09:57.062499	2025-12-26 14:09:57.062871
audience	Not found	tomoshabinlar	аудитория	ab7a1e0a-58c3-4abd-b6a3-9b9005bfe188	0d12f3a6-ca9e-48cc-b6f0-2d22d15567d3	https://www.essentialenglish.review/apps-data/4000-essential-english-words-3/data/unit-24/wordlist/26435.png	ee421a77-8a68-4f64-bb7a-f775673237a6	2025-12-26 14:09:57.062499	2025-12-26 14:09:57.062871
break	Not found	tanaffus	перерыв	ab7a1e0a-58c3-4abd-b6a3-9b9005bfe188	0d12f3a6-ca9e-48cc-b6f0-2d22d15567d3	https://www.essentialenglish.review/apps-data/4000-essential-english-words-3/data/unit-24/wordlist/26435.png	8846aa6b-8b3f-4cdb-b7ef-e05e3959a28d	2025-12-26 14:09:57.062499	2025-12-26 14:09:57.062871
budget	Not found	byudjet	бюджет	ab7a1e0a-58c3-4abd-b6a3-9b9005bfe188	0d12f3a6-ca9e-48cc-b6f0-2d22d15567d3	https://www.essentialenglish.review/apps-data/4000-essential-english-words-3/data/unit-24/wordlist/26435.png	965cfcfa-e0ca-4ba0-8112-daf6660b6879	2025-12-26 14:09:57.062499	2025-12-26 14:09:57.062871
capture	Not found	qo‘lga kiritmoq	захватывать	ab7a1e0a-58c3-4abd-b6a3-9b9005bfe188	0d12f3a6-ca9e-48cc-b6f0-2d22d15567d3	https://www.essentialenglish.review/apps-data/4000-essential-english-words-3/data/unit-24/wordlist/26435.png	65205138-e3d7-4d8c-b256-f0c571a8f368	2025-12-26 14:09:57.062499	2025-12-26 14:09:57.062871
category	Not found	toifa	категория	ab7a1e0a-58c3-4abd-b6a3-9b9005bfe188	0d12f3a6-ca9e-48cc-b6f0-2d22d15567d3	https://www.essentialenglish.review/apps-data/4000-essential-english-words-3/data/unit-24/wordlist/26435.png	c17dd598-03c7-4518-96c0-97cd59b9a8d5	2025-12-26 14:09:57.062499	2025-12-26 14:09:57.062871
challenge	Not found	qiyinchilik	вызов	ab7a1e0a-58c3-4abd-b6a3-9b9005bfe188	0d12f3a6-ca9e-48cc-b6f0-2d22d15567d3	https://www.essentialenglish.review/apps-data/4000-essential-english-words-3/data/unit-24/wordlist/26435.png	8b6706fc-4d85-4073-8a2f-16bea5a63eaf	2025-12-26 14:09:57.062499	2025-12-26 14:09:57.062871
compare	Not found	taqqoslamoq	сравнивать	ab7a1e0a-58c3-4abd-b6a3-9b9005bfe188	0d12f3a6-ca9e-48cc-b6f0-2d22d15567d3	https://www.essentialenglish.review/apps-data/4000-essential-english-words-3/data/unit-24/wordlist/26435.png	84492285-3969-4a31-b606-41790120c46a	2025-12-26 14:09:57.062499	2025-12-26 14:09:57.062871
contribute	Not found	hissa qo‘shmoq	вносить вклад	ab7a1e0a-58c3-4abd-b6a3-9b9005bfe188	0d12f3a6-ca9e-48cc-b6f0-2d22d15567d3	https://www.essentialenglish.review/apps-data/4000-essential-english-words-3/data/unit-24/wordlist/26435.png	97059a88-e268-44b0-bfaf-76273973b59c	2025-12-26 14:09:57.062499	2025-12-26 14:09:57.062871
appear	Not found	ko‘rinmoq	появляться	458e04e5-e347-45c6-8be0-212dcb2a542d	0d12f3a6-ca9e-48cc-b6f0-2d22d15567d3	https://www.essentialenglish.review/apps-data/4000-essential-english-words-3/data/unit-25/wordlist/26435.png	cb060142-3f05-4aa1-8566-d71be80965d7	2025-12-26 14:09:57.062499	2025-12-26 14:09:57.062871
base	Not found	asos	основа	458e04e5-e347-45c6-8be0-212dcb2a542d	0d12f3a6-ca9e-48cc-b6f0-2d22d15567d3	https://www.essentialenglish.review/apps-data/4000-essential-english-words-3/data/unit-25/wordlist/26435.png	a4590de0-f61a-43bb-804f-4c35925c00cf	2025-12-26 14:09:57.062499	2025-12-26 14:09:57.062871
brain	Not found	miya	мозг	458e04e5-e347-45c6-8be0-212dcb2a542d	0d12f3a6-ca9e-48cc-b6f0-2d22d15567d3	https://www.essentialenglish.review/apps-data/4000-essential-english-words-3/data/unit-25/wordlist/26435.png	d84f768b-71ee-4dce-82cd-cf44cc7a2f4f	2025-12-26 14:09:57.062499	2025-12-26 14:09:57.062871
career	Not found	kasb	карьера	458e04e5-e347-45c6-8be0-212dcb2a542d	0d12f3a6-ca9e-48cc-b6f0-2d22d15567d3	https://www.essentialenglish.review/apps-data/4000-essential-english-words-3/data/unit-25/wordlist/26435.png	e738667c-fab8-489b-84dd-e2d16c2ced14	2025-12-26 14:09:57.062499	2025-12-26 14:09:57.062871
clerk	Not found	xizmatchi	клерк	458e04e5-e347-45c6-8be0-212dcb2a542d	0d12f3a6-ca9e-48cc-b6f0-2d22d15567d3	https://www.essentialenglish.review/apps-data/4000-essential-english-words-3/data/unit-25/wordlist/26435.png	2ca0d461-5eb5-496d-9b21-95920d2c73c8	2025-12-26 14:09:57.062499	2025-12-26 14:09:57.062871
effort	Not found	harakat	усилие	458e04e5-e347-45c6-8be0-212dcb2a542d	0d12f3a6-ca9e-48cc-b6f0-2d22d15567d3	https://www.essentialenglish.review/apps-data/4000-essential-english-words-3/data/unit-25/wordlist/26435.png	1ea470bf-5808-4158-aa2d-f1adf88c1e20	2025-12-26 14:09:57.062499	2025-12-26 14:09:57.062871
enter	Not found	kirmoq	входить	458e04e5-e347-45c6-8be0-212dcb2a542d	0d12f3a6-ca9e-48cc-b6f0-2d22d15567d3	https://www.essentialenglish.review/apps-data/4000-essential-english-words-3/data/unit-25/wordlist/26435.png	5bf17c5d-bba3-4b74-bb00-02d9a4730f55	2025-12-26 14:09:57.062499	2025-12-26 14:09:57.062871
excellent	Not found	a’lo	отличный	458e04e5-e347-45c6-8be0-212dcb2a542d	0d12f3a6-ca9e-48cc-b6f0-2d22d15567d3	https://www.essentialenglish.review/apps-data/4000-essential-english-words-3/data/unit-25/wordlist/26435.png	deca4563-b302-4072-ab87-1f278ca89829	2025-12-26 14:09:57.062499	2025-12-26 14:09:57.062871
hero	Not found	qahramon	герой	458e04e5-e347-45c6-8be0-212dcb2a542d	0d12f3a6-ca9e-48cc-b6f0-2d22d15567d3	https://www.essentialenglish.review/apps-data/4000-essential-english-words-3/data/unit-25/wordlist/26435.png	b16377de-ec6a-4f8d-ace0-063f974e3c39	2025-12-26 14:09:57.062499	2025-12-26 14:09:57.062871
hurry	Not found	shoshilmoq	спешить	458e04e5-e347-45c6-8be0-212dcb2a542d	0d12f3a6-ca9e-48cc-b6f0-2d22d15567d3	https://www.essentialenglish.review/apps-data/4000-essential-english-words-3/data/unit-25/wordlist/26435.png	a33b922f-03b9-43f2-9833-5e98543341b7	2025-12-26 14:09:57.062499	2025-12-26 14:09:57.062871
anxious	When a person is anxious, they worry that something bad will happen.	tashvishli	тревожный	152165ad-6ac5-4187-8063-d5e51a9307d4	8e8664a8-6f3c-44ce-adfe-63d8d6cb9fd3	https://www.essentialenglish.review/apps-data/4000-essential-english-words-2/data/unit-1/wordlist/24986.jpg	e01c2039-e428-4d64-accb-72b2fd3988df	2025-12-25 15:30:41.124308	2025-12-25 15:30:41.124709
awful	When something is awful, it is very bad.	dahshatli	ужасный	152165ad-6ac5-4187-8063-d5e51a9307d4	8e8664a8-6f3c-44ce-adfe-63d8d6cb9fd3	https://www.essentialenglish.review/apps-data/4000-essential-english-words-2/data/unit-1/wordlist/24987.jpg	358c6b9d-c09a-4897-9379-02ce7571e8fa	2025-12-25 15:30:41.124308	2025-12-25 15:30:41.124709
consist	To consist of is to be made of parts or things.	tarkib topmoq	состоять	152165ad-6ac5-4187-8063-d5e51a9307d4	8e8664a8-6f3c-44ce-adfe-63d8d6cb9fd3	https://www.essentialenglish.review/apps-data/4000-essential-english-words-2/data/unit-1/wordlist/24988.jpg	8b33e331-7f1d-4acf-ac3f-8df11813cb9d	2025-12-25 15:30:41.124308	2025-12-25 15:30:41.124709
desire	To desire is to want something.	xohish	желание	152165ad-6ac5-4187-8063-d5e51a9307d4	8e8664a8-6f3c-44ce-adfe-63d8d6cb9fd3	https://www.essentialenglish.review/apps-data/4000-essential-english-words-2/data/unit-1/wordlist/24989.jpg	9d8f9e10-e388-480c-9ae2-99c3f6d86c07	2025-12-25 15:30:41.124308	2025-12-25 15:30:41.124709
eager	When a person is eager about something, they are excited about it.	ishtiyoqli	нетерпеливый	152165ad-6ac5-4187-8063-d5e51a9307d4	8e8664a8-6f3c-44ce-adfe-63d8d6cb9fd3	https://www.essentialenglish.review/apps-data/4000-essential-english-words-2/data/unit-1/wordlist/24990.jpg	d044570b-0a04-46aa-8586-42708c7c9771	2025-12-25 15:30:41.124308	2025-12-25 15:30:41.124709
household	A household is all the people who live in one house.	xonadon	домашний	152165ad-6ac5-4187-8063-d5e51a9307d4	8e8664a8-6f3c-44ce-adfe-63d8d6cb9fd3	https://www.essentialenglish.review/apps-data/4000-essential-english-words-2/data/unit-1/wordlist/24991.jpg	16c4c532-ee1c-4804-86be-98b51aeb0c0b	2025-12-25 15:30:41.124308	2025-12-25 15:30:41.124709
intent	An intent is a plan to do something.	niyat	намерение	152165ad-6ac5-4187-8063-d5e51a9307d4	8e8664a8-6f3c-44ce-adfe-63d8d6cb9fd3	https://www.essentialenglish.review/apps-data/4000-essential-english-words-2/data/unit-1/wordlist/24992.jpg	4359e4c4-a288-4375-b803-58e7bdfb0908	2025-12-25 15:30:41.124308	2025-12-25 15:30:41.124709
landscape	A landscape is how an area of land looks.	manzara	пейзаж	152165ad-6ac5-4187-8063-d5e51a9307d4	8e8664a8-6f3c-44ce-adfe-63d8d6cb9fd3	https://www.essentialenglish.review/apps-data/4000-essential-english-words-2/data/unit-1/wordlist/24993.jpg	35fddb88-e4d4-4cca-873c-29a73bd14593	2025-12-25 15:30:41.124308	2025-12-25 15:30:41.124709
lift	To lift something is to move it higher.	ko'tarmoq	поднять	152165ad-6ac5-4187-8063-d5e51a9307d4	8e8664a8-6f3c-44ce-adfe-63d8d6cb9fd3	https://www.essentialenglish.review/apps-data/4000-essential-english-words-2/data/unit-1/wordlist/24994.jpg	a3d15f2b-159b-41da-b6ec-f8329304975d	2025-12-25 15:30:41.124308	2025-12-25 15:30:41.124709
load	To load is to put objects into something.	yuk	нагрузка	152165ad-6ac5-4187-8063-d5e51a9307d4	8e8664a8-6f3c-44ce-adfe-63d8d6cb9fd3	https://www.essentialenglish.review/apps-data/4000-essential-english-words-2/data/unit-1/wordlist/24995.jpg	a8d05bf3-df4f-4f63-8719-4251ea2f8805	2025-12-25 15:30:41.124308	2025-12-25 15:30:41.124709
lung	A lung is the organ in the body that fills with air when breathing.	o'pka	лёгкое	d0e1cb2d-84ac-4a9e-8c7e-ea74d3af8579	8e8664a8-6f3c-44ce-adfe-63d8d6cb9fd3	https://www.essentialenglish.review/apps-data/4000-essential-english-words-2/data/unit-1/wordlist/24996.jpg	2f0add27-ce2e-49f5-887e-eaed9311fe4b	2025-12-25 15:30:41.124308	2025-12-25 15:30:41.124709
motion	A motion is a movement that someone makes.	harakat	движение	d0e1cb2d-84ac-4a9e-8c7e-ea74d3af8579	8e8664a8-6f3c-44ce-adfe-63d8d6cb9fd3	https://www.essentialenglish.review/apps-data/4000-essential-english-words-2/data/unit-1/wordlist/24997.jpg	30670cfe-3ffb-475a-8a7e-88526976f377	2025-12-25 15:30:41.124308	2025-12-25 15:30:41.124709
pace	The pace of something is the speed at which it happens.	qadam	темп	d0e1cb2d-84ac-4a9e-8c7e-ea74d3af8579	8e8664a8-6f3c-44ce-adfe-63d8d6cb9fd3	https://www.essentialenglish.review/apps-data/4000-essential-english-words-2/data/unit-1/wordlist/24998.jpg	ba1d64a3-ff62-4f66-86d7-2e92f1a34c34	2025-12-25 15:30:41.124308	2025-12-25 15:30:41.124709
polite	When someone is polite, they are acting in a thoughtful way.	xushmuomala	вежливый	d0e1cb2d-84ac-4a9e-8c7e-ea74d3af8579	8e8664a8-6f3c-44ce-adfe-63d8d6cb9fd3	https://www.essentialenglish.review/apps-data/4000-essential-english-words-2/data/unit-1/wordlist/24999.jpg	d06a8d27-a50b-46f8-a895-7e61c0e5e1da	2025-12-25 15:30:41.124308	2025-12-25 15:30:41.124709
possess	To possess something is to have it or own it.	egalik qilmoq	обладать	d0e1cb2d-84ac-4a9e-8c7e-ea74d3af8579	8e8664a8-6f3c-44ce-adfe-63d8d6cb9fd3	https://www.essentialenglish.review/apps-data/4000-essential-english-words-2/data/unit-1/wordlist/25000.jpg	9a8b8f99-c474-4c2b-911b-acc988e4dcec	2025-12-25 15:30:41.124308	2025-12-25 15:30:41.124709
rapidly	When something happens rapidly, it happens very fast.	tezda	быстро	d0e1cb2d-84ac-4a9e-8c7e-ea74d3af8579	8e8664a8-6f3c-44ce-adfe-63d8d6cb9fd3	https://www.essentialenglish.review/apps-data/4000-essential-english-words-2/data/unit-1/wordlist/25001.jpg	f914ec38-8961-4d04-9f28-7c478b48064a	2025-12-25 15:30:41.124308	2025-12-25 15:30:41.124709
remark	To remark is to say something.	mulohaza	замечание	d0e1cb2d-84ac-4a9e-8c7e-ea74d3af8579	8e8664a8-6f3c-44ce-adfe-63d8d6cb9fd3	https://www.essentialenglish.review/apps-data/4000-essential-english-words-2/data/unit-1/wordlist/25002.jpg	f27e83e4-ff61-4f96-b36a-86567dab9e1d	2025-12-25 15:30:41.124308	2025-12-25 15:30:41.124709
seek	To seek is to look for something.	izlamoq	искать	d0e1cb2d-84ac-4a9e-8c7e-ea74d3af8579	8e8664a8-6f3c-44ce-adfe-63d8d6cb9fd3	https://www.essentialenglish.review/apps-data/4000-essential-english-words-2/data/unit-1/wordlist/25003.jpg	7af35ad2-d87f-4fd5-9fe9-54af61d00634	2025-12-25 15:30:41.124308	2025-12-25 15:30:41.124709
shine	To shine is to make a bright light.	porlamoq	сиять	d0e1cb2d-84ac-4a9e-8c7e-ea74d3af8579	8e8664a8-6f3c-44ce-adfe-63d8d6cb9fd3	https://www.essentialenglish.review/apps-data/4000-essential-english-words-2/data/unit-1/wordlist/25004.jpg	2b3c182f-7757-45ec-9231-7631edc47820	2025-12-25 15:30:41.124308	2025-12-25 15:30:41.124709
spill	To spill is to have something fall out of its container.	to'kmoq	пролить	d0e1cb2d-84ac-4a9e-8c7e-ea74d3af8579	8e8664a8-6f3c-44ce-adfe-63d8d6cb9fd3	https://www.essentialenglish.review/apps-data/4000-essential-english-words-2/data/unit-1/wordlist/25005.jpg	99962af0-193d-44fc-a31f-7e5ad0949a62	2025-12-25 15:30:41.124308	2025-12-25 15:30:41.124709
bring	To bring means to take someone or something to a person or place.	keltirish	принести	111b0270-f875-4a37-9f67-2cf308746c80	8e8664a8-6f3c-44ce-adfe-63d8d6cb9fd3	https://www.essentialenglish.review/apps-data/4000-essential-english-words-2/data/unit-2/wordlist/25026.jpg	434d14e4-3380-4698-93e6-ba8546a28f92	2025-12-25 15:30:41.124308	2025-12-25 15:30:41.124709
castle	A castle is a building with strong walls where royalty usually lives.	qal'a	замок	111b0270-f875-4a37-9f67-2cf308746c80	8e8664a8-6f3c-44ce-adfe-63d8d6cb9fd3	https://www.essentialenglish.review/apps-data/4000-essential-english-words-2/data/unit-2/wordlist/25027.jpg	2fef58d0-2bd5-4458-923e-38da27d09d10	2025-12-25 15:30:41.124308	2025-12-25 15:30:41.124709
command	To command someone is to tell them to do something.	buyruq	команда	111b0270-f875-4a37-9f67-2cf308746c80	8e8664a8-6f3c-44ce-adfe-63d8d6cb9fd3	https://www.essentialenglish.review/apps-data/4000-essential-english-words-2/data/unit-2/wordlist/25028.jpg	9f8ff0ea-b219-4773-9428-b44c140e2b6f	2025-12-25 15:30:41.124308	2025-12-25 15:30:41.124709
counsel	To counsel someone is to listen and give advice about a problem.	maslahat	совет	111b0270-f875-4a37-9f67-2cf308746c80	8e8664a8-6f3c-44ce-adfe-63d8d6cb9fd3	https://www.essentialenglish.review/apps-data/4000-essential-english-words-2/data/unit-2/wordlist/25029.jpg	050fd757-ec90-4639-8491-728737529483	2025-12-25 15:30:41.124308	2025-12-25 15:30:41.124709
ensure	To ensure is to make certain that something happens.	ta'minlash	обеспечить	111b0270-f875-4a37-9f67-2cf308746c80	8e8664a8-6f3c-44ce-adfe-63d8d6cb9fd3	https://www.essentialenglish.review/apps-data/4000-essential-english-words-2/data/unit-2/wordlist/25030.jpg	5070488b-0317-407a-8aa4-33bed709e22c	2025-12-25 15:30:41.124308	2025-12-25 15:30:41.124709
explosion	An explosion is a violent burst, usually with a loud sound.	portlash	взрыв	111b0270-f875-4a37-9f67-2cf308746c80	8e8664a8-6f3c-44ce-adfe-63d8d6cb9fd3	https://www.essentialenglish.review/apps-data/4000-essential-english-words-2/data/unit-2/wordlist/25031.jpg	492ac8b7-cdef-49cb-a125-5656a9c5b985	2025-12-25 15:30:41.124308	2025-12-25 15:30:41.124709
jewelry	Jewelry is something that people wear like earrings or necklaces.	zargarlik	ювелирные изделия	111b0270-f875-4a37-9f67-2cf308746c80	8e8664a8-6f3c-44ce-adfe-63d8d6cb9fd3	https://www.essentialenglish.review/apps-data/4000-essential-english-words-2/data/unit-2/wordlist/25032.jpg	f738e1f8-4aff-4e4b-83fc-023f1a49b388	2025-12-25 15:30:41.124308	2025-12-25 15:30:41.124709
land	To land means to come to the ground usually from a ship or aircraft.	yer	земля	111b0270-f875-4a37-9f67-2cf308746c80	8e8664a8-6f3c-44ce-adfe-63d8d6cb9fd3	https://www.essentialenglish.review/apps-data/4000-essential-english-words-2/data/unit-2/wordlist/25033.jpg	c4205828-1988-415d-854d-ad3ec419d4df	2025-12-25 15:30:41.124308	2025-12-25 15:30:41.124709
meteor	A meteor is a rock from outer space that falls to Earth.	meteor	метеор	111b0270-f875-4a37-9f67-2cf308746c80	8e8664a8-6f3c-44ce-adfe-63d8d6cb9fd3	https://www.essentialenglish.review/apps-data/4000-essential-english-words-2/data/unit-2/wordlist/25034.jpg	5327c3fc-c713-4da3-97d2-0cbdfa1b2f15	2025-12-25 15:30:41.124308	2025-12-25 15:30:41.124709
monster	A monster is any imaginary frightening creature that looks strange.	yirtqich	монстр	111b0270-f875-4a37-9f67-2cf308746c80	8e8664a8-6f3c-44ce-adfe-63d8d6cb9fd3	https://www.essentialenglish.review/apps-data/4000-essential-english-words-2/data/unit-2/wordlist/25035.jpg	243ee6b1-e43c-4797-ad76-e6e28620a791	2025-12-25 15:30:41.124308	2025-12-25 15:30:41.124709
northern	If something is northern, it is in the direction of north.	shimoliy	северный	9fecbfec-835f-44aa-bfe8-7ccfdbac8bf8	8e8664a8-6f3c-44ce-adfe-63d8d6cb9fd3	https://www.essentialenglish.review/apps-data/4000-essential-english-words-2/data/unit-2/wordlist/25036.jpg	86280c44-bf5f-461a-a140-3c0725658703	2025-12-25 15:30:41.124308	2025-12-25 15:30:41.124709
remote	If something is remote, it is very far away and difficult to get to.	masofiy	отдалённый	9fecbfec-835f-44aa-bfe8-7ccfdbac8bf8	8e8664a8-6f3c-44ce-adfe-63d8d6cb9fd3	https://www.essentialenglish.review/apps-data/4000-essential-english-words-2/data/unit-2/wordlist/25037.jpg	4d89a5d3-e72c-4950-82d0-e85e0fffe18c	2025-12-25 15:30:41.124308	2025-12-25 15:30:41.124709
southern	If something is southern, it is in the direction of south.	janubiy	южный	9fecbfec-835f-44aa-bfe8-7ccfdbac8bf8	8e8664a8-6f3c-44ce-adfe-63d8d6cb9fd3	https://www.essentialenglish.review/apps-data/4000-essential-english-words-2/data/unit-2/wordlist/25038.jpg	6f1e763a-7e38-4c9f-a270-c4be91b439ae	2025-12-25 15:30:41.124308	2025-12-25 15:30:41.124709
statue	A statue is an image of a person or animal made of stone or metal.	haykal	статуя	9fecbfec-835f-44aa-bfe8-7ccfdbac8bf8	8e8664a8-6f3c-44ce-adfe-63d8d6cb9fd3	https://www.essentialenglish.review/apps-data/4000-essential-english-words-2/data/unit-2/wordlist/25039.jpg	727ef538-f3c2-403f-a06f-b6fe6eb52ce6	2025-12-25 15:30:41.124308	2025-12-25 15:30:41.124709
steam	Steam is water that has become hot and has turned into a misty gas.	bug‘	пар	9fecbfec-835f-44aa-bfe8-7ccfdbac8bf8	8e8664a8-6f3c-44ce-adfe-63d8d6cb9fd3	https://www.essentialenglish.review/apps-data/4000-essential-english-words-2/data/unit-2/wordlist/25040.jpg	53b44142-3487-4532-8ae5-cd5ba27ef1c3	2025-12-25 15:30:41.124308	2025-12-25 15:30:41.124709
submit	To submit to someone is to agree to do what they tell you to do.	yuborish	подать	9fecbfec-835f-44aa-bfe8-7ccfdbac8bf8	8e8664a8-6f3c-44ce-adfe-63d8d6cb9fd3	https://www.essentialenglish.review/apps-data/4000-essential-english-words-2/data/unit-2/wordlist/25041.jpg	a1a25bd7-8408-4337-80b4-81df57b67694	2025-12-25 15:30:41.124308	2025-12-25 15:30:41.124709
temple	A temple is a building that is used for religious purposes.	ibodatxona	храм	9fecbfec-835f-44aa-bfe8-7ccfdbac8bf8	8e8664a8-6f3c-44ce-adfe-63d8d6cb9fd3	https://www.essentialenglish.review/apps-data/4000-essential-english-words-2/data/unit-2/wordlist/25042.jpg	b86ea787-cd4f-44a5-a8a0-cfd383073e9e	2025-12-25 15:30:41.124308	2025-12-25 15:30:41.124709
upper	Upper means higher in position or place.	yuqori	верхний	9fecbfec-835f-44aa-bfe8-7ccfdbac8bf8	8e8664a8-6f3c-44ce-adfe-63d8d6cb9fd3	https://www.essentialenglish.review/apps-data/4000-essential-english-words-2/data/unit-2/wordlist/25043.jpg	368b4379-2e97-4f74-bc5b-6c40cdacc08e	2025-12-25 15:30:41.124308	2025-12-25 15:30:41.124709
weed	A weed is a plant, especially one that is not useful or wanted.	o‘t	сорняк	9fecbfec-835f-44aa-bfe8-7ccfdbac8bf8	8e8664a8-6f3c-44ce-adfe-63d8d6cb9fd3	https://www.essentialenglish.review/apps-data/4000-essential-english-words-2/data/unit-2/wordlist/25044.jpg	968bcec3-cdb9-4902-b9ab-8c205207cd97	2025-12-25 15:30:41.124308	2025-12-25 15:30:41.124709
wing	A wing is the part of an animal that lets it fly.	qanot	крыло	9fecbfec-835f-44aa-bfe8-7ccfdbac8bf8	8e8664a8-6f3c-44ce-adfe-63d8d6cb9fd3	https://www.essentialenglish.review/apps-data/4000-essential-english-words-2/data/unit-2/wordlist/25045.jpg	28e8ff3d-d140-479c-8aca-272b7a271cb7	2025-12-25 15:30:41.124308	2025-12-25 15:30:41.124709
arrow	An arrow is a thin, straight stick shot from a bow.	o'q	стрела	7782d587-c305-49af-ade5-b1adf285fd3a	8e8664a8-6f3c-44ce-adfe-63d8d6cb9fd3	https://www.essentialenglish.review/apps-data/4000-essential-english-words-2/data/unit-3/wordlist/25054.jpg	c6b9e6d4-789d-4172-8ae6-1b8f2d23b193	2025-12-25 15:30:41.124308	2025-12-25 15:30:41.124709
battle	A battle is a fight between two armies during a war.	jang	битва	7782d587-c305-49af-ade5-b1adf285fd3a	8e8664a8-6f3c-44ce-adfe-63d8d6cb9fd3	https://www.essentialenglish.review/apps-data/4000-essential-english-words-2/data/unit-3/wordlist/25055.jpg	6224ccc5-9513-4241-84de-7611d784baca	2025-12-25 15:30:41.124308	2025-12-25 15:30:41.124709
bow	A bow is a weapon made of curved wood and string that shoots arrows.	kamon	лук	7782d587-c305-49af-ade5-b1adf285fd3a	8e8664a8-6f3c-44ce-adfe-63d8d6cb9fd3	https://www.essentialenglish.review/apps-data/4000-essential-english-words-2/data/unit-3/wordlist/25056.jpg	81da66ef-3dcd-4557-9633-8dc10160a20c	2025-12-25 15:30:41.124308	2025-12-25 15:30:41.124709
brave	When people are brave, they are not afraid to face pain or danger.	jasur	храбрый	7782d587-c305-49af-ade5-b1adf285fd3a	8e8664a8-6f3c-44ce-adfe-63d8d6cb9fd3	https://www.essentialenglish.review/apps-data/4000-essential-english-words-2/data/unit-3/wordlist/25057.jpg	ae03c111-7480-4820-b62f-80c67a4fc007	2025-12-25 15:30:41.124308	2025-12-25 15:30:41.124709
chief	A chief is the leader of a group of people.	boshliq	начальник	7782d587-c305-49af-ade5-b1adf285fd3a	8e8664a8-6f3c-44ce-adfe-63d8d6cb9fd3	https://www.essentialenglish.review/apps-data/4000-essential-english-words-2/data/unit-3/wordlist/25058.jpg	2b8a4e3d-8797-4dbc-92f8-7e781f5317b4	2025-12-25 15:30:41.124308	2025-12-25 15:30:41.124709
disadvantage	A disadvantage is a situation where someone is likely to lose.	kamchilik	недостаток	7782d587-c305-49af-ade5-b1adf285fd3a	8e8664a8-6f3c-44ce-adfe-63d8d6cb9fd3	https://www.essentialenglish.review/apps-data/4000-essential-english-words-2/data/unit-3/wordlist/25059.jpg	20abcfeb-496e-4960-8648-f7b87891d674	2025-12-25 15:30:41.124308	2025-12-25 15:30:41.124709
enemy	An enemy is a country that is fighting another country during a war.	dushman	враг	7782d587-c305-49af-ade5-b1adf285fd3a	8e8664a8-6f3c-44ce-adfe-63d8d6cb9fd3	https://www.essentialenglish.review/apps-data/4000-essential-english-words-2/data/unit-3/wordlist/25060.jpg	3ab124e7-4b36-4fbf-8f3b-3e860cbb7189	2025-12-25 15:30:41.124308	2025-12-25 15:30:41.124709
entrance	An entrance is a place where someone can enter an area.	kirish	вход	7782d587-c305-49af-ade5-b1adf285fd3a	8e8664a8-6f3c-44ce-adfe-63d8d6cb9fd3	https://www.essentialenglish.review/apps-data/4000-essential-english-words-2/data/unit-3/wordlist/25061.jpg	700f8652-6d4a-4565-b479-2cb8ddfadb3e	2025-12-25 15:30:41.124308	2025-12-25 15:30:41.124709
hardly	If something hardly happens, it almost does not happen at all.	deyarli yo'q	едва	7782d587-c305-49af-ade5-b1adf285fd3a	8e8664a8-6f3c-44ce-adfe-63d8d6cb9fd3	https://www.essentialenglish.review/apps-data/4000-essential-english-words-2/data/unit-3/wordlist/25062.jpg	aefd6895-8961-43d0-bfda-8ca54249479c	2025-12-25 15:30:41.124308	2025-12-25 15:30:41.124709
intend	To intend to do something means to plan to do it.	niyat qilmoq	намереваться	7782d587-c305-49af-ade5-b1adf285fd3a	8e8664a8-6f3c-44ce-adfe-63d8d6cb9fd3	https://www.essentialenglish.review/apps-data/4000-essential-english-words-2/data/unit-3/wordlist/25063.jpg	2467f3ad-af68-440a-b964-3723cb057a30	2025-12-25 15:30:41.124308	2025-12-25 15:30:41.124709
laughter	Laughter is the sound produced by laughing about something funny.	kulgi	смех	4011e56d-4911-464f-9207-fa246ecbb97d	8e8664a8-6f3c-44ce-adfe-63d8d6cb9fd3	https://www.essentialenglish.review/apps-data/4000-essential-english-words-2/data/unit-3/wordlist/25064.jpg	4787555c-0159-4fa6-9d52-f603d147ffda	2025-12-25 15:30:41.124308	2025-12-25 15:30:41.124709
log	A log is a thick piece of wood that is cut from a tree.	yog'och	бревно	4011e56d-4911-464f-9207-fa246ecbb97d	8e8664a8-6f3c-44ce-adfe-63d8d6cb9fd3	https://www.essentialenglish.review/apps-data/4000-essential-english-words-2/data/unit-3/wordlist/25065.jpg	e3277cbd-c650-4f4f-bebe-0a6457214fb8	2025-12-25 15:30:41.124308	2025-12-25 15:30:41.124709
military	The military is the armed forces of a country.	harbiy	военный	4011e56d-4911-464f-9207-fa246ecbb97d	8e8664a8-6f3c-44ce-adfe-63d8d6cb9fd3	https://www.essentialenglish.review/apps-data/4000-essential-english-words-2/data/unit-3/wordlist/25066.jpg	2ab0dccb-a1be-439a-912a-d962920fb096	2025-12-25 15:30:41.124308	2025-12-25 15:30:41.124709
obey	To obey means to follow what a law or a person says you must do.	itoat qilmoq	повиноваться	4011e56d-4911-464f-9207-fa246ecbb97d	8e8664a8-6f3c-44ce-adfe-63d8d6cb9fd3	https://www.essentialenglish.review/apps-data/4000-essential-english-words-2/data/unit-3/wordlist/25067.jpg	df0f9b08-40e5-43ac-90d1-5bdbd2e6620f	2025-12-25 15:30:41.124308	2025-12-25 15:30:41.124709
secure	To secure something means to get it after a lot of effort.	ta'minlamoq	обеспечить	4011e56d-4911-464f-9207-fa246ecbb97d	8e8664a8-6f3c-44ce-adfe-63d8d6cb9fd3	https://www.essentialenglish.review/apps-data/4000-essential-english-words-2/data/unit-3/wordlist/25068.jpg	3f7db6c7-814a-4fbb-82c7-6a7489ea23e1	2025-12-25 15:30:41.124308	2025-12-25 15:30:41.124709
steady	When someone or something is steady, they are under control.	barqaror	устойчивый	4011e56d-4911-464f-9207-fa246ecbb97d	8e8664a8-6f3c-44ce-adfe-63d8d6cb9fd3	https://www.essentialenglish.review/apps-data/4000-essential-english-words-2/data/unit-3/wordlist/25069.jpg	677724e9-5f73-401c-8dec-65ee8fcaa05d	2025-12-25 15:30:41.124308	2025-12-25 15:30:41.124709
trust	To trust is to believe that someone is honest and will do what is right.	ishonmoq	доверять	4011e56d-4911-464f-9207-fa246ecbb97d	8e8664a8-6f3c-44ce-adfe-63d8d6cb9fd3	https://www.essentialenglish.review/apps-data/4000-essential-english-words-2/data/unit-3/wordlist/25070.jpg	783e9857-0704-4a8a-bb71-b92ecd264211	2025-12-25 15:30:41.124308	2025-12-25 15:30:41.124709
twist	To twist something is to wrap it around itself or another thing.	buramoq	скручивать	4011e56d-4911-464f-9207-fa246ecbb97d	8e8664a8-6f3c-44ce-adfe-63d8d6cb9fd3	https://www.essentialenglish.review/apps-data/4000-essential-english-words-2/data/unit-3/wordlist/25071.jpg	24b134a1-f22f-437f-bac2-8156d5c26256	2025-12-25 15:30:41.124308	2025-12-25 15:30:41.124709
unless	Unless means if not or except when.	agar ... bo'lmasa	если не	4011e56d-4911-464f-9207-fa246ecbb97d	8e8664a8-6f3c-44ce-adfe-63d8d6cb9fd3	https://www.essentialenglish.review/apps-data/4000-essential-english-words-2/data/unit-3/wordlist/25072.jpg	f6825db1-527b-4dfe-8782-03e14b0cbc6f	2025-12-25 15:30:41.124308	2025-12-25 15:30:41.124709
weapon	A weapon is an object that can be used to hurt people.	qurol	оружие	4011e56d-4911-464f-9207-fa246ecbb97d	8e8664a8-6f3c-44ce-adfe-63d8d6cb9fd3	https://www.essentialenglish.review/apps-data/4000-essential-english-words-2/data/unit-3/wordlist/25073.jpg	5cb1924d-2060-41f0-bace-009a57df50db	2025-12-25 15:30:41.124308	2025-12-25 15:30:41.124709
chest	The chest is the front part of a person’s body under the neck.	ko'krak	грудь	43c54211-1999-4d7d-b0b2-aa7cfa7fb328	8e8664a8-6f3c-44ce-adfe-63d8d6cb9fd3	https://www.essentialenglish.review/apps-data/4000-essential-english-words-2/data/unit-4/wordlist/25084.jpg	b5266e6a-6a14-41b7-b6df-7253c79e0c4d	2025-12-25 15:30:41.124308	2025-12-25 15:30:41.124709
confidence	If you have confidence about something, you are sure of it.	ishonch	уверенность	43c54211-1999-4d7d-b0b2-aa7cfa7fb328	8e8664a8-6f3c-44ce-adfe-63d8d6cb9fd3	https://www.essentialenglish.review/apps-data/4000-essential-english-words-2/data/unit-4/wordlist/25085.jpg	ddbe21bf-4c6c-4ffc-bf36-36c766209ad1	2025-12-25 15:30:41.124308	2025-12-25 15:30:41.124709
consequence	A consequence is a result of a choice or action.	oqibat	последствие	43c54211-1999-4d7d-b0b2-aa7cfa7fb328	8e8664a8-6f3c-44ce-adfe-63d8d6cb9fd3	https://www.essentialenglish.review/apps-data/4000-essential-english-words-2/data/unit-4/wordlist/25086.jpg	276c8294-de24-43f8-b462-6651152b18a8	2025-12-25 15:30:41.124308	2025-12-25 15:30:41.124709
disaster	A disaster is a really bad thing that happens.	falokat	катастрофа	43c54211-1999-4d7d-b0b2-aa7cfa7fb328	8e8664a8-6f3c-44ce-adfe-63d8d6cb9fd3	https://www.essentialenglish.review/apps-data/4000-essential-english-words-2/data/unit-4/wordlist/25087.jpg	2cbb5f8e-9548-4858-8de8-a7defda624ff	2025-12-25 15:30:41.124308	2025-12-25 15:30:41.124709
disturb	To disturb someone means to upset them.	bezovta qilmoq	беспокоить	43c54211-1999-4d7d-b0b2-aa7cfa7fb328	8e8664a8-6f3c-44ce-adfe-63d8d6cb9fd3	https://www.essentialenglish.review/apps-data/4000-essential-english-words-2/data/unit-4/wordlist/25088.jpg	9787e556-11a1-46a5-a8c2-2d723c512278	2025-12-25 15:30:41.124308	2025-12-25 15:30:41.124709
estimate	To estimate something means to make a guess about it.	taxmin qilmoq	оценивать	43c54211-1999-4d7d-b0b2-aa7cfa7fb328	8e8664a8-6f3c-44ce-adfe-63d8d6cb9fd3	https://www.essentialenglish.review/apps-data/4000-essential-english-words-2/data/unit-4/wordlist/25089.jpg	2b043b5c-fde8-48dc-b17d-1640d26b19d0	2025-12-25 15:30:41.124308	2025-12-25 15:30:41.124709
honor	When you honor people or things, you show respect for them.	hurmat qilmoq	почитать	43c54211-1999-4d7d-b0b2-aa7cfa7fb328	8e8664a8-6f3c-44ce-adfe-63d8d6cb9fd3	https://www.essentialenglish.review/apps-data/4000-essential-english-words-2/data/unit-4/wordlist/25090.jpg	a1827ee1-a862-46ab-bc53-e864f6c01452	2025-12-25 15:30:41.124308	2025-12-25 15:30:41.124709
impress	To impress someone means to make that person proud.	taassurot qoldirmoq	впечатлять	43c54211-1999-4d7d-b0b2-aa7cfa7fb328	8e8664a8-6f3c-44ce-adfe-63d8d6cb9fd3	https://www.essentialenglish.review/apps-data/4000-essential-english-words-2/data/unit-4/wordlist/25091.jpg	89533c98-8171-4646-b8b4-3d875ac4dd63	2025-12-25 15:30:41.124308	2025-12-25 15:30:41.124709
marathon	A marathon is a very long foot race just over 42 kilometers.	marafon	марафон	43c54211-1999-4d7d-b0b2-aa7cfa7fb328	8e8664a8-6f3c-44ce-adfe-63d8d6cb9fd3	https://www.essentialenglish.review/apps-data/4000-essential-english-words-2/data/unit-4/wordlist/25092.jpg	1c564e16-23c0-4e75-ba3d-fceaccc2697d	2025-12-25 15:30:41.124308	2025-12-25 15:30:41.124709
narrow	When something is narrow, it is very thin.	tor	узкий	43c54211-1999-4d7d-b0b2-aa7cfa7fb328	8e8664a8-6f3c-44ce-adfe-63d8d6cb9fd3	https://www.essentialenglish.review/apps-data/4000-essential-english-words-2/data/unit-4/wordlist/25093.jpg	31fe24e5-75d6-47a0-89c5-49d87f62d712	2025-12-25 15:30:41.124308	2025-12-25 15:30:41.124709
pale	When something is pale, it does not have a bright color.	rangpar	бледный	05857965-c3c2-4f3f-b061-e673bcea1ad9	8e8664a8-6f3c-44ce-adfe-63d8d6cb9fd3	https://www.essentialenglish.review/apps-data/4000-essential-english-words-2/data/unit-4/wordlist/25094.jpg	5fc8e02b-b64c-42f2-8a76-36a90284fcca	2025-12-25 15:30:41.124308	2025-12-25 15:30:41.124709
rough	When something is rough, it is not even or smooth.	qo'pol	грубый	05857965-c3c2-4f3f-b061-e673bcea1ad9	8e8664a8-6f3c-44ce-adfe-63d8d6cb9fd3	https://www.essentialenglish.review/apps-data/4000-essential-english-words-2/data/unit-4/wordlist/25095.jpg	7efacfe5-79e0-4334-b5ee-7ef40c92f02b	2025-12-25 15:30:41.124308	2025-12-25 15:30:41.124709
satisfy	To satisfy someone means to make them happy.	qondirmoq	удовлетворять	05857965-c3c2-4f3f-b061-e673bcea1ad9	8e8664a8-6f3c-44ce-adfe-63d8d6cb9fd3	https://www.essentialenglish.review/apps-data/4000-essential-english-words-2/data/unit-4/wordlist/25096.jpg	e2d3ef4f-4442-4451-9f53-6eee6dc9c25e	2025-12-25 15:30:41.124308	2025-12-25 15:30:41.124709
scream	To scream means to make a loud noise with your mouth.	qichqirmoq	кричать	05857965-c3c2-4f3f-b061-e673bcea1ad9	8e8664a8-6f3c-44ce-adfe-63d8d6cb9fd3	https://www.essentialenglish.review/apps-data/4000-essential-english-words-2/data/unit-4/wordlist/25097.jpg	69ea6514-e92d-4fb6-a9e3-a0280c93497e	2025-12-25 15:30:41.124308	2025-12-25 15:30:41.124709
sensitive	When someone or something is sensitive, they are easily hurt.	sezgir	чувствительный	05857965-c3c2-4f3f-b061-e673bcea1ad9	8e8664a8-6f3c-44ce-adfe-63d8d6cb9fd3	https://www.essentialenglish.review/apps-data/4000-essential-english-words-2/data/unit-4/wordlist/25098.jpg	80ed7c8c-bde0-4ee9-8abb-3a78e75f4f8b	2025-12-25 15:30:41.124308	2025-12-25 15:30:41.124709
shade	The shade is a dark area that something makes when it blocks the sun.	soya	тень	05857965-c3c2-4f3f-b061-e673bcea1ad9	8e8664a8-6f3c-44ce-adfe-63d8d6cb9fd3	https://www.essentialenglish.review/apps-data/4000-essential-english-words-2/data/unit-4/wordlist/25099.jpg	86bbd76f-ca82-45ea-91ba-a019fe3cb82c	2025-12-25 15:30:41.124308	2025-12-25 15:30:41.124709
supplement	To supplement something is to add something else to it in a good way.	qo‘shimcha	дополнение	05857965-c3c2-4f3f-b061-e673bcea1ad9	8e8664a8-6f3c-44ce-adfe-63d8d6cb9fd3	https://www.essentialenglish.review/apps-data/4000-essential-english-words-2/data/unit-4/wordlist/25100.jpg	b7410162-3fb7-4fb1-8f36-ba782b594d33	2025-12-25 15:30:41.124308	2025-12-25 15:30:41.124709
terror	When someone feels terror, they are scared.	dahshat	террор	05857965-c3c2-4f3f-b061-e673bcea1ad9	8e8664a8-6f3c-44ce-adfe-63d8d6cb9fd3	https://www.essentialenglish.review/apps-data/4000-essential-english-words-2/data/unit-4/wordlist/25101.jpg	eeffe809-8c4d-4070-8599-527c1b071485	2025-12-25 15:30:41.124308	2025-12-25 15:30:41.124709
threat	A threat is something bad that might happen.	tahdid	угроза	05857965-c3c2-4f3f-b061-e673bcea1ad9	8e8664a8-6f3c-44ce-adfe-63d8d6cb9fd3	https://www.essentialenglish.review/apps-data/4000-essential-english-words-2/data/unit-4/wordlist/25102.jpg	08819c2a-3768-4fc0-9b41-b1e627d4db28	2025-12-25 15:30:41.124308	2025-12-25 15:30:41.124709
victim	A victim is a person that had something bad happen to them.	qurbon	жертва	05857965-c3c2-4f3f-b061-e673bcea1ad9	8e8664a8-6f3c-44ce-adfe-63d8d6cb9fd3	https://www.essentialenglish.review/apps-data/4000-essential-english-words-2/data/unit-4/wordlist/25103.jpg	6ff9225f-890a-484a-9653-c6e008814bb6	2025-12-25 15:30:41.124308	2025-12-25 15:30:41.124709
ancestor	An ancestor is a family member from the past.	ajdod	предок	e08511dc-cb01-45ae-b65f-cc627e0f0c05	8e8664a8-6f3c-44ce-adfe-63d8d6cb9fd3	https://www.essentialenglish.review/apps-data/4000-essential-english-words-2/data/unit-5/wordlist/25106.jpg	3219c3c1-badd-464d-bb9a-3194bff7b12e	2025-12-25 15:30:41.124308	2025-12-25 15:30:41.124709
angle	An angle is the direction from which you look at something.	burchak	угол	e08511dc-cb01-45ae-b65f-cc627e0f0c05	8e8664a8-6f3c-44ce-adfe-63d8d6cb9fd3	https://www.essentialenglish.review/apps-data/4000-essential-english-words-2/data/unit-5/wordlist/25107.jpg	94838da7-07a1-4504-8810-9a1e838144ec	2025-12-25 15:30:41.124308	2025-12-25 15:30:41.124709
boot	A boot is a heavy shoe that goes over your ankle.	etik	ботинок	e08511dc-cb01-45ae-b65f-cc627e0f0c05	8e8664a8-6f3c-44ce-adfe-63d8d6cb9fd3	https://www.essentialenglish.review/apps-data/4000-essential-english-words-2/data/unit-5/wordlist/25108.jpg	d8d9fd6f-f5d4-447e-9bec-5e2901e085fe	2025-12-25 15:30:41.124308	2025-12-25 15:30:41.124709
border	A border is the edge of an area.	chegara	граница	e08511dc-cb01-45ae-b65f-cc627e0f0c05	8e8664a8-6f3c-44ce-adfe-63d8d6cb9fd3	https://www.essentialenglish.review/apps-data/4000-essential-english-words-2/data/unit-5/wordlist/25109.jpg	fa0d5a5a-4c10-48fd-b22a-7832a22a0b00	2025-12-25 15:30:41.124308	2025-12-25 15:30:41.124709
congratulate	To congratulate someone is to tell them that you are happy for them.	tabriklamoq	поздравлять	e08511dc-cb01-45ae-b65f-cc627e0f0c05	8e8664a8-6f3c-44ce-adfe-63d8d6cb9fd3	https://www.essentialenglish.review/apps-data/4000-essential-english-words-2/data/unit-5/wordlist/25110.jpg	af977e1f-abe3-43e0-bc03-b20d1d3295a3	2025-12-25 15:30:41.124308	2025-12-25 15:30:41.124709
frame	A frame is a border for a picture or mirror.	ramka	рамка	e08511dc-cb01-45ae-b65f-cc627e0f0c05	8e8664a8-6f3c-44ce-adfe-63d8d6cb9fd3	https://www.essentialenglish.review/apps-data/4000-essential-english-words-2/data/unit-5/wordlist/25111.jpg	795a208f-30b1-4c57-b897-fc86ff1fca16	2025-12-25 15:30:41.124308	2025-12-25 15:30:41.124709
heaven	Heaven is the place that some people believe people go when they die.	jannat	рай	e08511dc-cb01-45ae-b65f-cc627e0f0c05	8e8664a8-6f3c-44ce-adfe-63d8d6cb9fd3	https://www.essentialenglish.review/apps-data/4000-essential-english-words-2/data/unit-5/wordlist/25112.jpg	334d9aa3-c1aa-4368-a945-59c9f5147fc7	2025-12-25 15:30:41.124308	2025-12-25 15:30:41.124709
permit	To permit something is to let someone do it.	ruxsat bermoq	разрешать	c6b59539-9e0d-4743-a8f2-e549e7629c5b	8e8664a8-6f3c-44ce-adfe-63d8d6cb9fd3	https://www.essentialenglish.review/apps-data/4000-essential-english-words-2/data/unit-6/wordlist/25184.jpg	7f2eaa31-0b08-4630-8f14-f7f2170ed09c	2025-12-25 15:30:41.124308	2025-12-25 15:30:41.124709
incredible	If someone or something is incredible, it is hard to believe they are true.	ajoyib	невероятный	e08511dc-cb01-45ae-b65f-cc627e0f0c05	8e8664a8-6f3c-44ce-adfe-63d8d6cb9fd3	https://www.essentialenglish.review/apps-data/4000-essential-english-words-2/data/unit-5/wordlist/25113.jpg	aeab1142-0fd9-4443-9175-ba5b0746fe73	2025-12-25 15:30:41.124308	2025-12-25 15:30:41.124709
legend	A legend is a story from the past.	afsona	легенда	e08511dc-cb01-45ae-b65f-cc627e0f0c05	8e8664a8-6f3c-44ce-adfe-63d8d6cb9fd3	https://www.essentialenglish.review/apps-data/4000-essential-english-words-2/data/unit-5/wordlist/25114.jpg	5e490e6e-9952-455f-b995-b18d69a25eae	2025-12-25 15:30:41.124308	2025-12-25 15:30:41.124709
praise	To praise is to show that you like someone or something.	maqtamoq	хвалить	e08511dc-cb01-45ae-b65f-cc627e0f0c05	8e8664a8-6f3c-44ce-adfe-63d8d6cb9fd3	https://www.essentialenglish.review/apps-data/4000-essential-english-words-2/data/unit-5/wordlist/25115.jpg	4c53cc37-876a-4884-950c-66aab164bd3b	2025-12-25 15:30:41.124308	2025-12-25 15:30:41.124709
proceed	To proceed is to go in a certain direction.	davom ettirmoq	продолжать	e974e438-c9ff-4b04-93f1-0cc9e3474ecf	8e8664a8-6f3c-44ce-adfe-63d8d6cb9fd3	https://www.essentialenglish.review/apps-data/4000-essential-english-words-2/data/unit-5/wordlist/25116.jpg	5444b0df-b425-42b6-9a89-e0f636447770	2025-12-25 15:30:41.124308	2025-12-25 15:30:41.124709
pure	If something is pure, it is very clear and beautiful.	sof	чистый	e974e438-c9ff-4b04-93f1-0cc9e3474ecf	8e8664a8-6f3c-44ce-adfe-63d8d6cb9fd3	https://www.essentialenglish.review/apps-data/4000-essential-english-words-2/data/unit-5/wordlist/25117.jpg	8584927b-03ff-4b34-9241-6241b89a6be3	2025-12-25 15:30:41.124308	2025-12-25 15:30:41.124709
relative	A relative is a family member.	qarindosh	родственник	e974e438-c9ff-4b04-93f1-0cc9e3474ecf	8e8664a8-6f3c-44ce-adfe-63d8d6cb9fd3	https://www.essentialenglish.review/apps-data/4000-essential-english-words-2/data/unit-5/wordlist/25118.jpg	2fa2dcf7-f95f-4b29-8912-cbff2b4b9aa7	2025-12-25 15:30:41.124308	2025-12-25 15:30:41.124709
senior	If one is senior, they are the oldest or have been there the longest.	katta	старший	e974e438-c9ff-4b04-93f1-0cc9e3474ecf	8e8664a8-6f3c-44ce-adfe-63d8d6cb9fd3	https://www.essentialenglish.review/apps-data/4000-essential-english-words-2/data/unit-5/wordlist/25119.jpg	80b76256-e7de-488a-831c-d51a7e5337ad	2025-12-25 15:30:41.124308	2025-12-25 15:30:41.124709
silent	If someone or something is silent, they make no sound.	jim	тихий	e974e438-c9ff-4b04-93f1-0cc9e3474ecf	8e8664a8-6f3c-44ce-adfe-63d8d6cb9fd3	https://www.essentialenglish.review/apps-data/4000-essential-english-words-2/data/unit-5/wordlist/25120.jpg	f983fe91-7f50-48b5-b56b-7d74200d4ffa	2025-12-25 15:30:41.124308	2025-12-25 15:30:41.124709
sink	To sink into something is to slowly fall into it.	cho'kmoq	тонуть	e974e438-c9ff-4b04-93f1-0cc9e3474ecf	8e8664a8-6f3c-44ce-adfe-63d8d6cb9fd3	https://www.essentialenglish.review/apps-data/4000-essential-english-words-2/data/unit-5/wordlist/25121.jpg	b946ed7e-e600-4ac7-bbf7-c41a8401768b	2025-12-25 15:30:41.124308	2025-12-25 15:30:41.124709
superior	If someone or something is superior, they are better than another.	ustun	превосходный	e974e438-c9ff-4b04-93f1-0cc9e3474ecf	8e8664a8-6f3c-44ce-adfe-63d8d6cb9fd3	https://www.essentialenglish.review/apps-data/4000-essential-english-words-2/data/unit-5/wordlist/25122.jpg	1de13768-ea4a-4988-a1b6-34dde4c443ba	2025-12-25 15:30:41.124308	2025-12-25 15:30:41.124709
surround	To surround something is to close in on it from all sides.	o'rab olmoq	окружать	e974e438-c9ff-4b04-93f1-0cc9e3474ecf	8e8664a8-6f3c-44ce-adfe-63d8d6cb9fd3	https://www.essentialenglish.review/apps-data/4000-essential-english-words-2/data/unit-5/wordlist/25123.jpg	57a0620f-e081-4d6f-b931-88c40dc29e72	2025-12-25 15:30:41.124308	2025-12-25 15:30:41.124709
thick	If something is thick, it is wide and solid.	qalin	толстый	e974e438-c9ff-4b04-93f1-0cc9e3474ecf	8e8664a8-6f3c-44ce-adfe-63d8d6cb9fd3	https://www.essentialenglish.review/apps-data/4000-essential-english-words-2/data/unit-5/wordlist/25124.jpg	700054a7-6cb3-4864-a57c-9016ffc3c05d	2025-12-25 15:30:41.124308	2025-12-25 15:30:41.124709
wrap	To wrap is to cover something on all sides.	o'ramoq	заворачивать	e974e438-c9ff-4b04-93f1-0cc9e3474ecf	8e8664a8-6f3c-44ce-adfe-63d8d6cb9fd3	https://www.essentialenglish.review/apps-data/4000-essential-english-words-2/data/unit-5/wordlist/25125.jpg	16d432ec-b9cc-4520-89c9-a522901afb44	2025-12-25 15:30:41.124308	2025-12-25 15:30:41.124709
abroad	If someone goes or travels abroad, they go to another country.	chet elga	за границу	bb01870c-e771-4601-9f53-af5cc99b2a83	8e8664a8-6f3c-44ce-adfe-63d8d6cb9fd3	https://www.essentialenglish.review/apps-data/4000-essential-english-words-2/data/unit-6/wordlist/25169.jpg	565aa11e-0502-46c4-b42d-9296d36a0d9f	2025-12-25 15:30:41.124308	2025-12-25 15:30:41.124709
anger	To anger someone is to make them mad.	jahli chiqmoq	гнев	bb01870c-e771-4601-9f53-af5cc99b2a83	8e8664a8-6f3c-44ce-adfe-63d8d6cb9fd3	https://www.essentialenglish.review/apps-data/4000-essential-english-words-2/data/unit-6/wordlist/25170.jpg	fe192e15-52b2-405d-b353-25d2984f83a9	2025-12-25 15:30:41.124308	2025-12-25 15:30:41.124709
bride	A bride is a woman who is getting married or has just gotten married.	kelin	невеста	bb01870c-e771-4601-9f53-af5cc99b2a83	8e8664a8-6f3c-44ce-adfe-63d8d6cb9fd3	https://www.essentialenglish.review/apps-data/4000-essential-english-words-2/data/unit-6/wordlist/25171.jpg	7ac92a32-5eee-42e7-858b-4aeae95dab6d	2025-12-25 15:30:41.124308	2025-12-25 15:30:41.124709
brief	If something is brief, it only lasts for a short time.	qisqa	краткий	bb01870c-e771-4601-9f53-af5cc99b2a83	8e8664a8-6f3c-44ce-adfe-63d8d6cb9fd3	https://www.essentialenglish.review/apps-data/4000-essential-english-words-2/data/unit-6/wordlist/25172.jpg	527e6f03-78dc-40cc-b7a6-1bf65434a175	2025-12-25 15:30:41.124308	2025-12-25 15:30:41.124709
chase	To chase someone or something is to follow them in order to catch them.	quvmoq	преследовать	bb01870c-e771-4601-9f53-af5cc99b2a83	8e8664a8-6f3c-44ce-adfe-63d8d6cb9fd3	https://www.essentialenglish.review/apps-data/4000-essential-english-words-2/data/unit-6/wordlist/25173.jpg	61d8d524-a5c5-45e3-bb98-d8e244f05b49	2025-12-25 15:30:41.124308	2025-12-25 15:30:41.124709
disappoint	To disappoint is to make one feel sad or unsatisfied.	hafsalasi pir bo'lmoq	разочаровывать	bb01870c-e771-4601-9f53-af5cc99b2a83	8e8664a8-6f3c-44ce-adfe-63d8d6cb9fd3	https://www.essentialenglish.review/apps-data/4000-essential-english-words-2/data/unit-6/wordlist/25174.jpg	3e48b1b8-af71-42c8-ad2a-5d6775e486fe	2025-12-25 15:30:41.124308	2025-12-25 15:30:41.124709
dive	To dive is to jump into water.	sho'ng'imoq	нырять	bb01870c-e771-4601-9f53-af5cc99b2a83	8e8664a8-6f3c-44ce-adfe-63d8d6cb9fd3	https://www.essentialenglish.review/apps-data/4000-essential-english-words-2/data/unit-6/wordlist/25175.jpg	3fd75250-935f-46bf-bc6f-7f6ef14f76d9	2025-12-25 15:30:41.124308	2025-12-25 15:30:41.124709
exchange	To exchange means to give something for another thing in return.	ayirboshlamoq	обмен	bb01870c-e771-4601-9f53-af5cc99b2a83	8e8664a8-6f3c-44ce-adfe-63d8d6cb9fd3	https://www.essentialenglish.review/apps-data/4000-essential-english-words-2/data/unit-6/wordlist/25176.jpg	e5c33043-394b-4683-9012-4cee9c00a459	2025-12-25 15:30:41.124308	2025-12-25 15:30:41.124709
favor	A favor is something you do for someone to help them.	yaxshilik	одолжение	bb01870c-e771-4601-9f53-af5cc99b2a83	8e8664a8-6f3c-44ce-adfe-63d8d6cb9fd3	https://www.essentialenglish.review/apps-data/4000-essential-english-words-2/data/unit-6/wordlist/25177.jpg	1dcb6142-d65c-4fed-a201-14337397bf86	2025-12-25 15:30:41.124308	2025-12-25 15:30:41.124709
fee	A fee is an amount of money that a person or company asks for a service.	haq	плата	bb01870c-e771-4601-9f53-af5cc99b2a83	8e8664a8-6f3c-44ce-adfe-63d8d6cb9fd3	https://www.essentialenglish.review/apps-data/4000-essential-english-words-2/data/unit-6/wordlist/25178.jpg	478c7b7f-b001-49fe-8c26-82213cf93586	2025-12-25 15:30:41.124308	2025-12-25 15:30:41.124709
forever	If something lasts forever, it means it lasts for all time.	abadiy	навсегда	c6b59539-9e0d-4743-a8f2-e549e7629c5b	8e8664a8-6f3c-44ce-adfe-63d8d6cb9fd3	https://www.essentialenglish.review/apps-data/4000-essential-english-words-2/data/unit-6/wordlist/25179.jpg	cd0e8a2c-d9fb-4ac3-88f0-de403de5d4d0	2025-12-25 15:30:41.124308	2025-12-25 15:30:41.124709
guy	A guy is an informal way to call a man.	yigit	парень	c6b59539-9e0d-4743-a8f2-e549e7629c5b	8e8664a8-6f3c-44ce-adfe-63d8d6cb9fd3	https://www.essentialenglish.review/apps-data/4000-essential-english-words-2/data/unit-6/wordlist/25180.jpg	e97d37e7-cc24-43de-a83b-e4b832a3f304	2025-12-25 15:30:41.124308	2025-12-25 15:30:41.124709
lovely	If people or things are lovely, they are good-looking or beautiful.	yoqimli	прекрасный	c6b59539-9e0d-4743-a8f2-e549e7629c5b	8e8664a8-6f3c-44ce-adfe-63d8d6cb9fd3	https://www.essentialenglish.review/apps-data/4000-essential-english-words-2/data/unit-6/wordlist/25181.jpg	a0366853-be84-47d8-8e05-c2e8f3de5958	2025-12-25 15:30:41.124308	2025-12-25 15:30:41.124709
mood	A mood is the way someone is feeling.	kayfiyat	настроение	c6b59539-9e0d-4743-a8f2-e549e7629c5b	8e8664a8-6f3c-44ce-adfe-63d8d6cb9fd3	https://www.essentialenglish.review/apps-data/4000-essential-english-words-2/data/unit-6/wordlist/25182.jpg	c5e0b5c3-1519-417c-b72a-658075fd2327	2025-12-25 15:30:41.124308	2025-12-25 15:30:41.124709
palace	A palace is a very large building. It is often the home of a royal family.	saroy	дворец	c6b59539-9e0d-4743-a8f2-e549e7629c5b	8e8664a8-6f3c-44ce-adfe-63d8d6cb9fd3	https://www.essentialenglish.review/apps-data/4000-essential-english-words-2/data/unit-6/wordlist/25183.jpg	34b37b03-666f-4250-8c30-4a520258bc45	2025-12-25 15:30:41.124308	2025-12-25 15:30:41.124709
protest	To protest something is to argue about it with someone.	norozilik bildirmoq	протестовать	c6b59539-9e0d-4743-a8f2-e549e7629c5b	8e8664a8-6f3c-44ce-adfe-63d8d6cb9fd3	https://www.essentialenglish.review/apps-data/4000-essential-english-words-2/data/unit-6/wordlist/25185.jpg	1044ccfe-bd4c-4aef-bbc3-b7262c6c4cab	2025-12-25 15:30:41.124308	2025-12-25 15:30:41.124709
sculpture	A sculpture is a piece of art that is made from wood, clay, or stone.	haykalcha	скульптура	c6b59539-9e0d-4743-a8f2-e549e7629c5b	8e8664a8-6f3c-44ce-adfe-63d8d6cb9fd3	https://www.essentialenglish.review/apps-data/4000-essential-english-words-2/data/unit-6/wordlist/25186.jpg	262e2531-7d11-4877-aae8-8b8ae9332534	2025-12-25 15:30:41.124308	2025-12-25 15:30:41.124709
tribe	A tribe is a group of people who live in the same culture.	qabila	племя	c6b59539-9e0d-4743-a8f2-e549e7629c5b	8e8664a8-6f3c-44ce-adfe-63d8d6cb9fd3	https://www.essentialenglish.review/apps-data/4000-essential-english-words-2/data/unit-6/wordlist/25187.jpg	0cd7c3cd-a2cf-4a31-becf-0a290f758fa9	2025-12-25 15:30:41.124308	2025-12-25 15:30:41.124709
youth	Youth is a time in people’s lives when they are young.	yoshlik	молодость	c6b59539-9e0d-4743-a8f2-e549e7629c5b	8e8664a8-6f3c-44ce-adfe-63d8d6cb9fd3	https://www.essentialenglish.review/apps-data/4000-essential-english-words-2/data/unit-6/wordlist/25188.jpg	571da7f5-6388-4595-b9ab-c4a4e6623298	2025-12-25 15:30:41.124308	2025-12-25 15:30:41.124709
basis	To do something on time’s basis is how often you do it.	asos	основа	71a32ce7-395b-49a0-bf00-7e835866c751	8e8664a8-6f3c-44ce-adfe-63d8d6cb9fd3	https://www.essentialenglish.review/apps-data/4000-essential-english-words-2/data/unit-7/wordlist/25196.jpg	56265521-d2a3-4b95-b186-8660bc06ae1d	2025-12-25 15:30:41.124308	2025-12-25 15:30:41.124709
biology	Biology is the study of living things.	biologiya	биология	71a32ce7-395b-49a0-bf00-7e835866c751	8e8664a8-6f3c-44ce-adfe-63d8d6cb9fd3	https://www.essentialenglish.review/apps-data/4000-essential-english-words-2/data/unit-7/wordlist/25197.jpg	ba663f26-0474-4ec8-8744-63c716253a3d	2025-12-25 15:30:41.124308	2025-12-25 15:30:41.124709
cage	A cage is something that holds an animal so it cannot leave.	qafas	клетка	71a32ce7-395b-49a0-bf00-7e835866c751	8e8664a8-6f3c-44ce-adfe-63d8d6cb9fd3	https://www.essentialenglish.review/apps-data/4000-essential-english-words-2/data/unit-7/wordlist/25198.jpg	cd29d8c6-fac4-4005-b0e9-b929602cd138	2025-12-25 15:30:41.124308	2025-12-25 15:30:41.124709
colleague	A colleague is somebody you work with.	hamkasb	коллега	71a32ce7-395b-49a0-bf00-7e835866c751	8e8664a8-6f3c-44ce-adfe-63d8d6cb9fd3	https://www.essentialenglish.review/apps-data/4000-essential-english-words-2/data/unit-7/wordlist/25199.jpg	60946be4-f68a-489f-b9df-06fdaa4a6837	2025-12-25 15:30:41.124308	2025-12-25 15:30:41.124709
colony	A colony is a country controlled by another country.	koloniya	колония	71a32ce7-395b-49a0-bf00-7e835866c751	8e8664a8-6f3c-44ce-adfe-63d8d6cb9fd3	https://www.essentialenglish.review/apps-data/4000-essential-english-words-2/data/unit-7/wordlist/25200.jpg	06519e17-2516-46bc-8f4e-79414a775dc0	2025-12-25 15:30:41.124308	2025-12-25 15:30:41.124709
debate	To debate is to seriously discuss something with someone.	munozara	дебаты	71a32ce7-395b-49a0-bf00-7e835866c751	8e8664a8-6f3c-44ce-adfe-63d8d6cb9fd3	https://www.essentialenglish.review/apps-data/4000-essential-english-words-2/data/unit-7/wordlist/25201.jpg	e05b6b9e-dd83-475b-b03a-43d9fe83b2ed	2025-12-25 15:30:41.124308	2025-12-25 15:30:41.124709
depart	To depart is to leave some place so you can go to another place.	jo'nab ketmoq	отправляться	71a32ce7-395b-49a0-bf00-7e835866c751	8e8664a8-6f3c-44ce-adfe-63d8d6cb9fd3	https://www.essentialenglish.review/apps-data/4000-essential-english-words-2/data/unit-7/wordlist/25202.jpg	5aa47b82-6162-4630-b9ee-1b7ffa5524e4	2025-12-25 15:30:41.124308	2025-12-25 15:30:41.124709
depress	To depress someone is to make them sad.	tushkunlikka tushirmoq	угнетать	71a32ce7-395b-49a0-bf00-7e835866c751	8e8664a8-6f3c-44ce-adfe-63d8d6cb9fd3	https://www.essentialenglish.review/apps-data/4000-essential-english-words-2/data/unit-7/wordlist/25203.jpg	92aaf9f8-ba77-4301-bb40-3c7ef87c73c6	2025-12-25 15:30:41.124308	2025-12-25 15:30:41.124709
factual	When something is factual, it is true.	faktik	фактичный	71a32ce7-395b-49a0-bf00-7e835866c751	8e8664a8-6f3c-44ce-adfe-63d8d6cb9fd3	https://www.essentialenglish.review/apps-data/4000-essential-english-words-2/data/unit-7/wordlist/25204.jpg	86509e8e-2174-4412-993a-0996359f996b	2025-12-25 15:30:41.124308	2025-12-25 15:30:41.124709
fascinate	To fascinate someone is to make them really like something.	maftun qilmoq	очаровывать	71a32ce7-395b-49a0-bf00-7e835866c751	8e8664a8-6f3c-44ce-adfe-63d8d6cb9fd3	https://www.essentialenglish.review/apps-data/4000-essential-english-words-2/data/unit-7/wordlist/25205.jpg	0d998c79-faad-4310-bb22-5c329fdb86ea	2025-12-25 15:30:41.124308	2025-12-25 15:30:41.124709
mission	A mission is an important job that is sometimes far away.	missiya	миссия	756f0728-b57f-44a1-9610-294ad947df4d	8e8664a8-6f3c-44ce-adfe-63d8d6cb9fd3	https://www.essentialenglish.review/apps-data/4000-essential-english-words-2/data/unit-7/wordlist/25206.jpg	ef37e4b2-6784-4a9a-87d2-31f4212f1dd1	2025-12-25 15:30:41.124308	2025-12-25 15:30:41.124709
nevertheless	You use nevertheless to show that something goes against a fact.	shunga qaramay	тем не менее	756f0728-b57f-44a1-9610-294ad947df4d	8e8664a8-6f3c-44ce-adfe-63d8d6cb9fd3	https://www.essentialenglish.review/apps-data/4000-essential-english-words-2/data/unit-7/wordlist/25207.jpg	cca55539-a8a0-42ca-9156-4af13328a9ea	2025-12-25 15:30:41.124308	2025-12-25 15:30:41.124709
occupation	An occupation is a person’s job.	kasb	род занятий	756f0728-b57f-44a1-9610-294ad947df4d	8e8664a8-6f3c-44ce-adfe-63d8d6cb9fd3	https://www.essentialenglish.review/apps-data/4000-essential-english-words-2/data/unit-7/wordlist/25208.jpg	7f27ad48-1e45-43c3-bd93-76e35e0d6ea5	2025-12-25 15:30:41.124308	2025-12-25 15:30:41.124709
overseas	If you go overseas, you go to a country on the other side of an ocean.	chet elda	за границей	756f0728-b57f-44a1-9610-294ad947df4d	8e8664a8-6f3c-44ce-adfe-63d8d6cb9fd3	https://www.essentialenglish.review/apps-data/4000-essential-english-words-2/data/unit-7/wordlist/25209.jpg	219b351f-1204-4159-a11f-7e6f5a10373c	2025-12-25 15:30:41.124308	2025-12-25 15:30:41.124709
persuade	To persuade someone is to make them agree to do something.	ko'ndirmoq	убеждать	756f0728-b57f-44a1-9610-294ad947df4d	8e8664a8-6f3c-44ce-adfe-63d8d6cb9fd3	https://www.essentialenglish.review/apps-data/4000-essential-english-words-2/data/unit-7/wordlist/25210.jpg	567f1b7a-7d71-4d95-b6ad-f5b14aeb68de	2025-12-25 15:30:41.124308	2025-12-25 15:30:41.124709
route	A route is the way you go from one place to another.	marshrut	маршрут	756f0728-b57f-44a1-9610-294ad947df4d	8e8664a8-6f3c-44ce-adfe-63d8d6cb9fd3	https://www.essentialenglish.review/apps-data/4000-essential-english-words-2/data/unit-7/wordlist/25211.jpg	0919341f-583d-44a3-875e-61128c022ee0	2025-12-25 15:30:41.124308	2025-12-25 15:30:41.124709
ruins	Ruins are old buildings that are not used anymore.	xarobalar	руины	756f0728-b57f-44a1-9610-294ad947df4d	8e8664a8-6f3c-44ce-adfe-63d8d6cb9fd3	https://www.essentialenglish.review/apps-data/4000-essential-english-words-2/data/unit-7/wordlist/25212.jpg	d4f80715-e4c6-4ed2-9fa7-1bf85e8cd266	2025-12-25 15:30:41.124308	2025-12-25 15:30:41.124709
scholar	A scholar is a person who studies something and knows much about it.	olim	учёный	756f0728-b57f-44a1-9610-294ad947df4d	8e8664a8-6f3c-44ce-adfe-63d8d6cb9fd3	https://www.essentialenglish.review/apps-data/4000-essential-english-words-2/data/unit-7/wordlist/25213.jpg	4613c869-b592-4306-9840-4ec55bab4776	2025-12-25 15:30:41.124308	2025-12-25 15:30:41.124709
significant	When someone or something is significant, they are important.	muhim	значительный	756f0728-b57f-44a1-9610-294ad947df4d	8e8664a8-6f3c-44ce-adfe-63d8d6cb9fd3	https://www.essentialenglish.review/apps-data/4000-essential-english-words-2/data/unit-7/wordlist/25214.jpg	b8fdf088-d45e-49ff-9355-27f3c42c81cd	2025-12-25 15:30:41.124308	2025-12-25 15:30:41.124709
volcano	A volcano is a mountain with a hole on top where hot liquid comes out.	vulqon	вулкан	756f0728-b57f-44a1-9610-294ad947df4d	8e8664a8-6f3c-44ce-adfe-63d8d6cb9fd3	https://www.essentialenglish.review/apps-data/4000-essential-english-words-2/data/unit-7/wordlist/25215.jpg	0ed2e1fa-ecf0-4bf0-953b-fce2e50a070f	2025-12-25 15:30:41.124308	2025-12-25 15:30:41.124709
broad	If something is broad, it is wide.	keng	широкий	369d380c-61ea-4f7a-9b06-49f307e0112d	8e8664a8-6f3c-44ce-adfe-63d8d6cb9fd3	https://www.essentialenglish.review/apps-data/4000-essential-english-words-2/data/unit-8/wordlist/25223.jpg	507cbfe6-65b5-4b13-913c-0c741f68913e	2025-12-25 15:30:41.124308	2025-12-25 15:30:41.124709
bush	A bush is a plant with many thin branches. It is smaller than a tree.	buta	куст	369d380c-61ea-4f7a-9b06-49f307e0112d	8e8664a8-6f3c-44ce-adfe-63d8d6cb9fd3	https://www.essentialenglish.review/apps-data/4000-essential-english-words-2/data/unit-8/wordlist/25224.jpg	6da93f15-3a2b-4ffc-8508-8ab1002a5f16	2025-12-25 15:30:41.124308	2025-12-25 15:30:41.124709
capable	If someone or something is capable of something, they can do it.	qodir	способный	369d380c-61ea-4f7a-9b06-49f307e0112d	8e8664a8-6f3c-44ce-adfe-63d8d6cb9fd3	https://www.essentialenglish.review/apps-data/4000-essential-english-words-2/data/unit-8/wordlist/25225.jpg	3b11e730-8958-4f81-83cb-5bc3b09d203c	2025-12-25 15:30:41.124308	2025-12-25 15:30:41.124709
cheat	To cheat is to be dishonest so that you can win or do well.	aldamoq	обманывать	369d380c-61ea-4f7a-9b06-49f307e0112d	8e8664a8-6f3c-44ce-adfe-63d8d6cb9fd3	https://www.essentialenglish.review/apps-data/4000-essential-english-words-2/data/unit-8/wordlist/25226.jpg	d8f0df94-e729-4cd3-b8ae-fd835a89710d	2025-12-25 15:30:41.124308	2025-12-25 15:30:41.124709
concentrate	To concentrate on someone or something is to give your full attention.	diqqatni jamlamoq	концентрировать	369d380c-61ea-4f7a-9b06-49f307e0112d	8e8664a8-6f3c-44ce-adfe-63d8d6cb9fd3	https://www.essentialenglish.review/apps-data/4000-essential-english-words-2/data/unit-8/wordlist/25227.jpg	65e37a7c-afae-4c84-8930-01213a5e1587	2025-12-25 15:30:41.124308	2025-12-25 15:30:41.124709
conclude	To conclude is to arrive at a logical end by looking at evidence.	xulosaga kelmoq	заключать	369d380c-61ea-4f7a-9b06-49f307e0112d	8e8664a8-6f3c-44ce-adfe-63d8d6cb9fd3	https://www.essentialenglish.review/apps-data/4000-essential-english-words-2/data/unit-8/wordlist/25228.jpg	8297d9fe-f41e-4d96-b824-497534301cec	2025-12-25 15:30:41.124308	2025-12-25 15:30:41.124709
confident	Confident means that one believes they can do something without failing.	ishonchli	уверенный	369d380c-61ea-4f7a-9b06-49f307e0112d	8e8664a8-6f3c-44ce-adfe-63d8d6cb9fd3	https://www.essentialenglish.review/apps-data/4000-essential-english-words-2/data/unit-8/wordlist/25229.jpg	49d69e3c-f31b-4d46-82b0-88d8bb82a80c	2025-12-25 15:30:41.124308	2025-12-25 15:30:41.124709
considerable	If something is considerable, it is large in size, amount or extent.	sezilarli	значительный	369d380c-61ea-4f7a-9b06-49f307e0112d	8e8664a8-6f3c-44ce-adfe-63d8d6cb9fd3	https://www.essentialenglish.review/apps-data/4000-essential-english-words-2/data/unit-8/wordlist/25230.jpg	316af0f7-b23a-4454-bdb7-99b2ee2a5927	2025-12-25 15:30:41.124308	2025-12-25 15:30:41.124709
convey	To convey is to communicate or make ideas known.	yetkazmoq	передавать	369d380c-61ea-4f7a-9b06-49f307e0112d	8e8664a8-6f3c-44ce-adfe-63d8d6cb9fd3	https://www.essentialenglish.review/apps-data/4000-essential-english-words-2/data/unit-8/wordlist/25231.jpg	5b2d930b-453c-4741-b887-6bc6ef6830e7	2025-12-25 15:30:41.124308	2025-12-25 15:30:41.124709
definite	If something is definite, it is certain or sure to be true.	aniq	определённый	369d380c-61ea-4f7a-9b06-49f307e0112d	8e8664a8-6f3c-44ce-adfe-63d8d6cb9fd3	https://www.essentialenglish.review/apps-data/4000-essential-english-words-2/data/unit-8/wordlist/25232.jpg	35177856-cfc7-446b-97da-07ef5ff111e2	2025-12-25 15:30:41.124308	2025-12-25 15:30:41.124709
delight	Delight is a feeling of being very happy with something.	zavq	восторг	0c9d1092-d688-4e72-8ee8-acf925a3d6fe	8e8664a8-6f3c-44ce-adfe-63d8d6cb9fd3	https://www.essentialenglish.review/apps-data/4000-essential-english-words-2/data/unit-8/wordlist/25233.jpg	2298d577-35c4-4b34-b461-6f37e2d40852	2025-12-25 15:30:41.124308	2025-12-25 15:30:41.124709
destination	A destination is the place where someone or something is going to.	manzil	пункт назначения	0c9d1092-d688-4e72-8ee8-acf925a3d6fe	8e8664a8-6f3c-44ce-adfe-63d8d6cb9fd3	https://www.essentialenglish.review/apps-data/4000-essential-english-words-2/data/unit-8/wordlist/25234.jpg	4aeaedc0-e8ac-407c-9a9c-5e0a33ac4a36	2025-12-25 15:30:41.124308	2025-12-25 15:30:41.124709
dictate	To dictate something is to read it aloud so it can be written down.	diktant qilmoq	диктировать	0c9d1092-d688-4e72-8ee8-acf925a3d6fe	8e8664a8-6f3c-44ce-adfe-63d8d6cb9fd3	https://www.essentialenglish.review/apps-data/4000-essential-english-words-2/data/unit-8/wordlist/25235.jpg	ab58df7c-7746-455c-8d3f-50d3a757ae80	2025-12-25 15:30:41.124308	2025-12-25 15:30:41.124709
edge	The edge of something is the part of it that is farthest from the center.	chekka	край	0c9d1092-d688-4e72-8ee8-acf925a3d6fe	8e8664a8-6f3c-44ce-adfe-63d8d6cb9fd3	https://www.essentialenglish.review/apps-data/4000-essential-english-words-2/data/unit-8/wordlist/25236.jpg	71c6ac95-f2c5-4893-91d9-957e865bc995	2025-12-25 15:30:41.124308	2025-12-25 15:30:41.124709
path	A path is a way from one place to another that people can walk along.	yo'l	путь	0c9d1092-d688-4e72-8ee8-acf925a3d6fe	8e8664a8-6f3c-44ce-adfe-63d8d6cb9fd3	https://www.essentialenglish.review/apps-data/4000-essential-english-words-2/data/unit-8/wordlist/25237.jpg	10620e82-f095-47fb-9570-a6dd510fd060	2025-12-25 15:30:41.124308	2025-12-25 15:30:41.124709
resort	To resort to something is to depend on it in order to solve a problem.	choraga murojaat qilmoq	прибегать	0c9d1092-d688-4e72-8ee8-acf925a3d6fe	8e8664a8-6f3c-44ce-adfe-63d8d6cb9fd3	https://www.essentialenglish.review/apps-data/4000-essential-english-words-2/data/unit-8/wordlist/25238.jpg	da544a29-675d-45f1-be7a-d9a32f085d1e	2025-12-25 15:30:41.124308	2025-12-25 15:30:41.124709
shadow	A shadow is the dark area that is made when something blocks light.	soya	тень	0c9d1092-d688-4e72-8ee8-acf925a3d6fe	8e8664a8-6f3c-44ce-adfe-63d8d6cb9fd3	https://www.essentialenglish.review/apps-data/4000-essential-english-words-2/data/unit-8/wordlist/25239.jpg	c5d449ef-46bf-4897-9b54-6c0edfa6583a	2025-12-25 15:30:41.124308	2025-12-25 15:30:41.124709
succeed	To succeed is to complete something that you planned or tried to do.	muvaffaqiyatga erishmoq	преуспевать	0c9d1092-d688-4e72-8ee8-acf925a3d6fe	8e8664a8-6f3c-44ce-adfe-63d8d6cb9fd3	https://www.essentialenglish.review/apps-data/4000-essential-english-words-2/data/unit-8/wordlist/25240.jpg	1dc2a778-ebe8-4e85-806d-463ed8827c3b	2025-12-25 15:30:41.124308	2025-12-25 15:30:41.124709
suspect	To suspect something is to believe that it is true.	gumon qilmoq	подозревать	0c9d1092-d688-4e72-8ee8-acf925a3d6fe	8e8664a8-6f3c-44ce-adfe-63d8d6cb9fd3	https://www.essentialenglish.review/apps-data/4000-essential-english-words-2/data/unit-8/wordlist/25241.jpg	08069648-1f32-45b2-a912-54da1967b0bf	2025-12-25 15:30:41.124308	2025-12-25 15:30:41.124709
valley	A valley is a low area of land between two mountains or hills.	vodiy	долина	0c9d1092-d688-4e72-8ee8-acf925a3d6fe	8e8664a8-6f3c-44ce-adfe-63d8d6cb9fd3	https://www.essentialenglish.review/apps-data/4000-essential-english-words-2/data/unit-8/wordlist/25242.jpg	31ec70d4-eaf4-42f1-a496-dc9f1ce1ca05	2025-12-25 15:30:41.124308	2025-12-25 15:30:41.124709
admire	To admire someone is to like them for what they do.	hayratlanmoq	восхищаться	14c1e416-ac0c-4f65-a612-01bf63933261	8e8664a8-6f3c-44ce-adfe-63d8d6cb9fd3	https://www.essentialenglish.review/apps-data/4000-essential-english-words-2/data/unit-9/wordlist/25249.jpg	bf426858-a17b-472d-a2f7-1f28dfbc6f78	2025-12-25 15:30:41.124308	2025-12-25 15:30:41.124709
aid	To aid someone is to help them when they need something.	yordam bermoq	помощь	14c1e416-ac0c-4f65-a612-01bf63933261	8e8664a8-6f3c-44ce-adfe-63d8d6cb9fd3	https://www.essentialenglish.review/apps-data/4000-essential-english-words-2/data/unit-9/wordlist/25250.jpg	91f8b357-299f-411d-b318-8289f9530caf	2025-12-25 15:30:41.124308	2025-12-25 15:30:41.124709
attempt	To attempt something is to try to do that thing.	urinish	попытка	14c1e416-ac0c-4f65-a612-01bf63933261	8e8664a8-6f3c-44ce-adfe-63d8d6cb9fd3	https://www.essentialenglish.review/apps-data/4000-essential-english-words-2/data/unit-9/wordlist/25251.jpg	c28150f3-f116-48d4-9751-839b39c37643	2025-12-25 15:30:41.124308	2025-12-25 15:30:41.124709
authority	Authority is the power that someone has because of their position.	vakolat	авторитет	14c1e416-ac0c-4f65-a612-01bf63933261	8e8664a8-6f3c-44ce-adfe-63d8d6cb9fd3	https://www.essentialenglish.review/apps-data/4000-essential-english-words-2/data/unit-9/wordlist/25252.jpg	b986889d-98a9-4073-b84c-844ed0263e23	2025-12-25 15:30:41.124308	2025-12-25 15:30:41.124709
capital	A capital is an important city where a country’s leaders live and work.	poytaxt	столица	14c1e416-ac0c-4f65-a612-01bf63933261	8e8664a8-6f3c-44ce-adfe-63d8d6cb9fd3	https://www.essentialenglish.review/apps-data/4000-essential-english-words-2/data/unit-9/wordlist/25253.jpg	4312327e-1557-4686-ad92-60d1349e921e	2025-12-25 15:30:41.124308	2025-12-25 15:30:41.124709
cooperate	To cooperate is to work together to do something.	hamkorlik qilmoq	сотрудничать	14c1e416-ac0c-4f65-a612-01bf63933261	8e8664a8-6f3c-44ce-adfe-63d8d6cb9fd3	https://www.essentialenglish.review/apps-data/4000-essential-english-words-2/data/unit-9/wordlist/25254.jpg	2b1a3e4b-155f-489c-849c-34185920598c	2025-12-25 15:30:41.124308	2025-12-25 15:30:41.124709
defend	To defend someone or something is to protect them from attack.	himoya qilmoq	защищать	14c1e416-ac0c-4f65-a612-01bf63933261	8e8664a8-6f3c-44ce-adfe-63d8d6cb9fd3	https://www.essentialenglish.review/apps-data/4000-essential-english-words-2/data/unit-9/wordlist/25255.jpg	dc8af503-8640-4656-b30c-884d61e2fe86	2025-12-25 15:30:41.124308	2025-12-25 15:30:41.124709
destruction	Destruction is damage to something so bad that it can’t be fixed.	vayronagarchilik	разрушение	14c1e416-ac0c-4f65-a612-01bf63933261	8e8664a8-6f3c-44ce-adfe-63d8d6cb9fd3	https://www.essentialenglish.review/apps-data/4000-essential-english-words-2/data/unit-9/wordlist/25256.jpg	846d75a3-18de-466e-9a38-7ab02a9dee65	2025-12-25 15:30:41.124308	2025-12-25 15:30:41.124709
disorder	Disorder is a lack of order, or a complete mess.	tartibsizlik	беспорядок	14c1e416-ac0c-4f65-a612-01bf63933261	8e8664a8-6f3c-44ce-adfe-63d8d6cb9fd3	https://www.essentialenglish.review/apps-data/4000-essential-english-words-2/data/unit-9/wordlist/25257.jpg	faa8ac7a-7dca-4e6a-9b39-49e6cd2bf5ca	2025-12-25 15:30:41.124308	2025-12-25 15:30:41.124709
division	A division is the act of making smaller groups out of a larger one.	bo'linish	деление	14c1e416-ac0c-4f65-a612-01bf63933261	8e8664a8-6f3c-44ce-adfe-63d8d6cb9fd3	https://www.essentialenglish.review/apps-data/4000-essential-english-words-2/data/unit-9/wordlist/25258.jpg	8c604aa2-5222-4e9e-8560-964d15b92d2a	2025-12-25 15:30:41.124308	2025-12-25 15:30:41.124709
enable	To enable a person is to make it possible for them to do something.	imkon bermoq	давать возможность	a29fcc2d-d208-4b01-9988-95f79d895318	8e8664a8-6f3c-44ce-adfe-63d8d6cb9fd3	https://www.essentialenglish.review/apps-data/4000-essential-english-words-2/data/unit-9/wordlist/25259.jpg	550a1550-87c9-45d1-bcbf-4df241531ff8	2025-12-25 15:30:41.124308	2025-12-25 15:30:41.124709
frustrate	To frustrate is to prevent someone from fulfilling their desire.	hafsalasini pir qilmoq	расстраивать	a29fcc2d-d208-4b01-9988-95f79d895318	8e8664a8-6f3c-44ce-adfe-63d8d6cb9fd3	https://www.essentialenglish.review/apps-data/4000-essential-english-words-2/data/unit-9/wordlist/25260.jpg	5e85de59-7f2c-4e50-935b-82f67003c905	2025-12-25 15:30:41.124308	2025-12-25 15:30:41.124709
govern	To govern is to control the public business of a country, state, or city.	boshqarmoq	управлять	a29fcc2d-d208-4b01-9988-95f79d895318	8e8664a8-6f3c-44ce-adfe-63d8d6cb9fd3	https://www.essentialenglish.review/apps-data/4000-essential-english-words-2/data/unit-9/wordlist/25261.jpg	ce0434d6-1913-4771-a701-d78306e63a64	2025-12-25 15:30:41.124308	2025-12-25 15:30:41.124709
plenty	To have plenty of something is to have more than you need.	ko'p	много	a29fcc2d-d208-4b01-9988-95f79d895318	8e8664a8-6f3c-44ce-adfe-63d8d6cb9fd3	https://www.essentialenglish.review/apps-data/4000-essential-english-words-2/data/unit-9/wordlist/25262.jpg	94707053-de82-43af-952e-f897fd2a2b09	2025-12-25 15:30:41.124308	2025-12-25 15:30:41.124709
relieve	To relieve someone is to make them feel less pain.	yengillatmoq	облегчать	a29fcc2d-d208-4b01-9988-95f79d895318	8e8664a8-6f3c-44ce-adfe-63d8d6cb9fd3	https://www.essentialenglish.review/apps-data/4000-essential-english-words-2/data/unit-9/wordlist/25263.jpg	32bf2079-2de1-4dac-b1b0-8e64de3bb518	2025-12-25 15:30:41.124308	2025-12-25 15:30:41.124709
reputation	Reputation is the opinion that people have about someone.	obro'	репутация	a29fcc2d-d208-4b01-9988-95f79d895318	8e8664a8-6f3c-44ce-adfe-63d8d6cb9fd3	https://www.essentialenglish.review/apps-data/4000-essential-english-words-2/data/unit-9/wordlist/25264.jpg	23a0fd68-f17b-436e-8fd1-62736e4a4e00	2025-12-25 15:30:41.124308	2025-12-25 15:30:41.124709
royal	Royal describes something that belongs to a king or queen.	qirollik	королевский	a29fcc2d-d208-4b01-9988-95f79d895318	8e8664a8-6f3c-44ce-adfe-63d8d6cb9fd3	https://www.essentialenglish.review/apps-data/4000-essential-english-words-2/data/unit-9/wordlist/25265.jpg	1c11a899-a9aa-427b-af22-c00d3dbd6d5b	2025-12-25 15:30:41.124308	2025-12-25 15:30:41.124709
slave	A slave is a person who is not free and must work for someone else.	qul	раб	a29fcc2d-d208-4b01-9988-95f79d895318	8e8664a8-6f3c-44ce-adfe-63d8d6cb9fd3	https://www.essentialenglish.review/apps-data/4000-essential-english-words-2/data/unit-9/wordlist/25266.jpg	580efc12-a9ce-402e-9a64-5bd4339d42f3	2025-12-25 15:30:41.124308	2025-12-25 15:30:41.124709
struggle	To struggle is to fight against someone or something.	kurashmoq	бороться	a29fcc2d-d208-4b01-9988-95f79d895318	8e8664a8-6f3c-44ce-adfe-63d8d6cb9fd3	https://www.essentialenglish.review/apps-data/4000-essential-english-words-2/data/unit-9/wordlist/25267.jpg	e4f8acd5-c567-4586-9a82-a9fe5be4193b	2025-12-25 15:30:41.124308	2025-12-25 15:30:41.124709
stupid	When someone is stupid, they lack intelligence.	ahmoq	глупый	a29fcc2d-d208-4b01-9988-95f79d895318	8e8664a8-6f3c-44ce-adfe-63d8d6cb9fd3	https://www.essentialenglish.review/apps-data/4000-essential-english-words-2/data/unit-9/wordlist/25268.jpg	05fce7ef-a439-4ea4-8fbd-2ad9462c5a6c	2025-12-25 15:30:41.124308	2025-12-25 15:30:41.124709
citizen	A citizen is someone who lives in a certain town or city.	fuqaro	гражданин	44d4608c-90da-4b74-b655-fde340726bc0	8e8664a8-6f3c-44ce-adfe-63d8d6cb9fd3	https://www.essentialenglish.review/apps-data/4000-essential-english-words-2/data/unit-10/wordlist/25276.jpg	2b043c21-2e57-4931-8a53-38502ed20ade	2025-12-25 15:30:41.124308	2025-12-25 15:30:41.124709
council	A council is a group of people who run a city or town.	kengash	совет	44d4608c-90da-4b74-b655-fde340726bc0	8e8664a8-6f3c-44ce-adfe-63d8d6cb9fd3	https://www.essentialenglish.review/apps-data/4000-essential-english-words-2/data/unit-10/wordlist/25277.jpg	e782847f-80ce-4836-925a-b5e9ec6b04bd	2025-12-25 15:30:41.124308	2025-12-25 15:30:41.124709
declare	To declare is to say something officially.	e'lon qilmoq	объявлять	44d4608c-90da-4b74-b655-fde340726bc0	8e8664a8-6f3c-44ce-adfe-63d8d6cb9fd3	https://www.essentialenglish.review/apps-data/4000-essential-english-words-2/data/unit-10/wordlist/25278.jpg	7302b274-89c6-44ef-8ce7-f5df22243ec8	2025-12-25 15:30:41.124308	2025-12-25 15:30:41.124709
enormous	When people or things are enormous, they are very large.	ulkan	огромный	44d4608c-90da-4b74-b655-fde340726bc0	8e8664a8-6f3c-44ce-adfe-63d8d6cb9fd3	https://www.essentialenglish.review/apps-data/4000-essential-english-words-2/data/unit-10/wordlist/25279.jpg	6cb932ec-533b-4e5b-a630-5a053517c9ce	2025-12-25 15:30:41.124308	2025-12-25 15:30:41.124709
extraordinary	When someone or something are extraordinary, they are amazing.	favqulodda	необычайный	44d4608c-90da-4b74-b655-fde340726bc0	8e8664a8-6f3c-44ce-adfe-63d8d6cb9fd3	https://www.essentialenglish.review/apps-data/4000-essential-english-words-2/data/unit-10/wordlist/25280.jpg	44874735-4da0-4afc-8282-e81611136806	2025-12-25 15:30:41.124308	2025-12-25 15:30:41.124709
fog	Fog is a thick cloud that is near the ground or water.	tuman	туман	44d4608c-90da-4b74-b655-fde340726bc0	8e8664a8-6f3c-44ce-adfe-63d8d6cb9fd3	https://www.essentialenglish.review/apps-data/4000-essential-english-words-2/data/unit-10/wordlist/25281.jpg	f76377a2-f850-431c-8d23-5eae0c1f4b2e	2025-12-25 15:30:41.124308	2025-12-25 15:30:41.124709
funeral	A funeral is a ceremony that takes place after a person dies.	dafn marosimi	похороны	44d4608c-90da-4b74-b655-fde340726bc0	8e8664a8-6f3c-44ce-adfe-63d8d6cb9fd3	https://www.essentialenglish.review/apps-data/4000-essential-english-words-2/data/unit-10/wordlist/25282.jpg	5b655d10-bc54-49ee-a1fa-203171df19ab	2025-12-25 15:30:41.124308	2025-12-25 15:30:41.124709
giant	When people or things are giant, they are very big.	dev	гигантский	44d4608c-90da-4b74-b655-fde340726bc0	8e8664a8-6f3c-44ce-adfe-63d8d6cb9fd3	https://www.essentialenglish.review/apps-data/4000-essential-english-words-2/data/unit-10/wordlist/25283.jpg	90dcf02d-80f3-4a0b-9ee0-b090a1ac4ecf	2025-12-25 15:30:41.124308	2025-12-25 15:30:41.124709
impression	An impression is the way of thinking about someone or something.	taassurot	впечатление	44d4608c-90da-4b74-b655-fde340726bc0	8e8664a8-6f3c-44ce-adfe-63d8d6cb9fd3	https://www.essentialenglish.review/apps-data/4000-essential-english-words-2/data/unit-10/wordlist/25284.jpg	8a97d436-73d9-4c69-9614-a3a9191897ea	2025-12-25 15:30:41.124308	2025-12-25 15:30:41.124709
income	Income is how much money a person or business makes.	daromad	доход	44d4608c-90da-4b74-b655-fde340726bc0	8e8664a8-6f3c-44ce-adfe-63d8d6cb9fd3	https://www.essentialenglish.review/apps-data/4000-essential-english-words-2/data/unit-10/wordlist/25285.jpg	5d017842-f39e-494a-9474-1807f9233e4b	2025-12-25 15:30:41.124308	2025-12-25 15:30:41.124709
mad	When someone is mad, they are angry.	aqldan ozgan	сумасшедший	341bfb39-5d6e-4ac7-97f6-f63a50578565	8e8664a8-6f3c-44ce-adfe-63d8d6cb9fd3	https://www.essentialenglish.review/apps-data/4000-essential-english-words-2/data/unit-10/wordlist/25286.jpg	97b0c48c-0948-4ae9-8904-492c96ec33b0	2025-12-25 15:30:41.124308	2025-12-25 15:30:41.124709
ought	If someone ought to do something, then it is the right thing to do.	kerak	следует	341bfb39-5d6e-4ac7-97f6-f63a50578565	8e8664a8-6f3c-44ce-adfe-63d8d6cb9fd3	https://www.essentialenglish.review/apps-data/4000-essential-english-words-2/data/unit-10/wordlist/25287.jpg	a434930c-964e-47f4-87b3-e4780affd202	2025-12-25 15:30:41.124308	2025-12-25 15:30:41.124709
resist	To resist something is to fight against it.	qarshilik ko'rsatmoq	сопротивляться	341bfb39-5d6e-4ac7-97f6-f63a50578565	8e8664a8-6f3c-44ce-adfe-63d8d6cb9fd3	https://www.essentialenglish.review/apps-data/4000-essential-english-words-2/data/unit-10/wordlist/25288.jpg	419d71b6-709b-4b4b-8fc1-473609090aac	2025-12-25 15:30:41.124308	2025-12-25 15:30:41.124709
reveal	To reveal is to show something.	oshkor qilmoq	раскрывать	341bfb39-5d6e-4ac7-97f6-f63a50578565	8e8664a8-6f3c-44ce-adfe-63d8d6cb9fd3	https://www.essentialenglish.review/apps-data/4000-essential-english-words-2/data/unit-10/wordlist/25289.jpg	d42cbfdb-b1b7-4312-809b-1e6c2ec6741a	2025-12-25 15:30:41.124308	2025-12-25 15:30:41.124709
rid	To rid is to make a place free from something or someone.	qutulmoq	избавлять	341bfb39-5d6e-4ac7-97f6-f63a50578565	8e8664a8-6f3c-44ce-adfe-63d8d6cb9fd3	https://www.essentialenglish.review/apps-data/4000-essential-english-words-2/data/unit-10/wordlist/25290.jpg	0bbff93a-8107-49ec-9303-af4db3855ad7	2025-12-25 15:30:41.124308	2025-12-25 15:30:41.124709
sword	A sword is a long sharp weapon.	qilich	меч	341bfb39-5d6e-4ac7-97f6-f63a50578565	8e8664a8-6f3c-44ce-adfe-63d8d6cb9fd3	https://www.essentialenglish.review/apps-data/4000-essential-english-words-2/data/unit-10/wordlist/25291.jpg	7fa54ed5-9873-461b-948f-acaf8978addc	2025-12-25 15:30:41.124308	2025-12-25 15:30:41.124709
candle	A candle is a stick of wax that is lit on fire for light or heat.	sham	свеча	b1e5f3a1-5d06-47ea-a5c2-09dc679a9164	8e8664a8-6f3c-44ce-adfe-63d8d6cb9fd3	https://www.essentialenglish.review/apps-data/4000-essential-english-words-2/data/unit-12/wordlist/25333.jpg	9b966141-af0f-4097-8498-8a8ead868086	2025-12-25 15:30:41.124308	2025-12-25 15:30:41.124709
convert	To convert something means to change it into something else.	o'zgartirmoq	преобразовывать	b1e5f3a1-5d06-47ea-a5c2-09dc679a9164	8e8664a8-6f3c-44ce-adfe-63d8d6cb9fd3	https://www.essentialenglish.review/apps-data/4000-essential-english-words-2/data/unit-12/wordlist/25334.jpg	01795436-c010-488c-a545-7fa229d4809c	2025-12-25 15:30:41.124308	2025-12-25 15:30:41.124709
debt	A debt is an amount of money that a person owes.	qarz	долг	b1e5f3a1-5d06-47ea-a5c2-09dc679a9164	8e8664a8-6f3c-44ce-adfe-63d8d6cb9fd3	https://www.essentialenglish.review/apps-data/4000-essential-english-words-2/data/unit-12/wordlist/25335.jpg	2856d33c-c98b-4431-85dc-a4e3ac73d86c	2025-12-25 15:30:41.124308	2025-12-25 15:30:41.124709
decrease	To decrease something is to make it less than it was before.	kamaytirmoq	уменьшать	b1e5f3a1-5d06-47ea-a5c2-09dc679a9164	8e8664a8-6f3c-44ce-adfe-63d8d6cb9fd3	https://www.essentialenglish.review/apps-data/4000-essential-english-words-2/data/unit-12/wordlist/25336.jpg	8bc3e2c4-81c2-4c1a-a11c-325765c543f3	2025-12-25 15:30:41.124308	2025-12-25 15:30:41.124709
fault	A fault is a mistake.	xato	вина	b1e5f3a1-5d06-47ea-a5c2-09dc679a9164	8e8664a8-6f3c-44ce-adfe-63d8d6cb9fd3	https://www.essentialenglish.review/apps-data/4000-essential-english-words-2/data/unit-12/wordlist/25337.jpg	fc6a65bd-1a40-433e-872e-39573d7f0f26	2025-12-25 15:30:41.124308	2025-12-25 15:30:41.124709
fund	A fund is an amount of money that people have.	fond	фонд	b1e5f3a1-5d06-47ea-a5c2-09dc679a9164	8e8664a8-6f3c-44ce-adfe-63d8d6cb9fd3	https://www.essentialenglish.review/apps-data/4000-essential-english-words-2/data/unit-12/wordlist/25338.jpg	97a565d3-4c68-45f8-bda6-b4e787dceed2	2025-12-25 15:30:41.124308	2025-12-25 15:30:41.124709
generous	When someone is generous, they like to give things to people.	saxiy	щедрый	0ec4a08e-0c50-44f5-a536-3f48030ac75b	8e8664a8-6f3c-44ce-adfe-63d8d6cb9fd3	https://www.essentialenglish.review/apps-data/4000-essential-english-words-2/data/unit-12/wordlist/25339.jpg	b4b0d4ef-93c9-40e5-8046-902d97401aa9	2025-12-25 15:30:41.124308	2025-12-25 15:30:41.124709
ingredient	An ingredient is something that is part of a food dish.	tarkibiy qism	ингредиент	0ec4a08e-0c50-44f5-a536-3f48030ac75b	8e8664a8-6f3c-44ce-adfe-63d8d6cb9fd3	https://www.essentialenglish.review/apps-data/4000-essential-english-words-2/data/unit-12/wordlist/25340.jpg	b0112796-b230-475b-974d-e5b27ab6564b	2025-12-25 15:30:41.124308	2025-12-25 15:30:41.124709
insist	To insist means to be firm in telling people what to do.	talab qilmoq	настаивать	0ec4a08e-0c50-44f5-a536-3f48030ac75b	8e8664a8-6f3c-44ce-adfe-63d8d6cb9fd3	https://www.essentialenglish.review/apps-data/4000-essential-english-words-2/data/unit-12/wordlist/25341.jpg	6e3504fb-12df-432e-897e-795ca461f913	2025-12-25 15:30:41.124308	2025-12-25 15:30:41.124709
mess	A mess is a condition that is not clean or neat.	betartiblik	беспорядок	0ec4a08e-0c50-44f5-a536-3f48030ac75b	8e8664a8-6f3c-44ce-adfe-63d8d6cb9fd3	https://www.essentialenglish.review/apps-data/4000-essential-english-words-2/data/unit-12/wordlist/25342.jpg	96276d66-8b48-446b-8fad-d84ce4e86638	2025-12-25 15:30:41.124308	2025-12-25 15:30:41.124709
metal	Metal is a strong material people use to build things.	metall	металл	0ec4a08e-0c50-44f5-a536-3f48030ac75b	8e8664a8-6f3c-44ce-adfe-63d8d6cb9fd3	https://www.essentialenglish.review/apps-data/4000-essential-english-words-2/data/unit-12/wordlist/25343.jpg	c24c5d4f-5316-4bd1-b5b4-ce0fa06deced	2025-12-25 15:30:41.124308	2025-12-25 15:30:41.124709
monitor	To monitor people or things is to watch them closely.	kuzatmoq	контролировать	0ec4a08e-0c50-44f5-a536-3f48030ac75b	8e8664a8-6f3c-44ce-adfe-63d8d6cb9fd3	https://www.essentialenglish.review/apps-data/4000-essential-english-words-2/data/unit-12/wordlist/25344.jpg	e46d7955-c0dd-446f-97d8-7e93468b2c88	2025-12-25 15:30:41.124308	2025-12-25 15:30:41.124709
oppose	To oppose something means to dislike it or act against it.	qarshi bo'lmoq	противодействовать	0ec4a08e-0c50-44f5-a536-3f48030ac75b	8e8664a8-6f3c-44ce-adfe-63d8d6cb9fd3	https://www.essentialenglish.review/apps-data/4000-essential-english-words-2/data/unit-12/wordlist/25345.jpg	21cbde68-bf0d-4721-b285-6eb7ace021fe	2025-12-25 15:30:41.124308	2025-12-25 15:30:41.124709
passive	If a person is passive, they do not take action to solve problems.	passiv	пассивный	0ec4a08e-0c50-44f5-a536-3f48030ac75b	8e8664a8-6f3c-44ce-adfe-63d8d6cb9fd3	https://www.essentialenglish.review/apps-data/4000-essential-english-words-2/data/unit-12/wordlist/25346.jpg	a41d7483-a8da-4669-9d4e-aaac22e11e48	2025-12-25 15:30:41.124308	2025-12-25 15:30:41.124709
quantity	A quantity is a certain amount of something.	miqdor	количество	0ec4a08e-0c50-44f5-a536-3f48030ac75b	8e8664a8-6f3c-44ce-adfe-63d8d6cb9fd3	https://www.essentialenglish.review/apps-data/4000-essential-english-words-2/data/unit-12/wordlist/25347.jpg	1486c599-d75b-4cdf-a154-b82a588b375c	2025-12-25 15:30:41.124308	2025-12-25 15:30:41.124709
sue	To sue someone is to take them to court for something wrong they did.	sudga bermoq	судиться	0ec4a08e-0c50-44f5-a536-3f48030ac75b	8e8664a8-6f3c-44ce-adfe-63d8d6cb9fd3	https://www.essentialenglish.review/apps-data/4000-essential-english-words-2/data/unit-12/wordlist/25348.jpg	5b5f6737-18e3-469e-9a4c-cbfe72fba9fb	2025-12-25 15:30:41.124308	2025-12-25 15:30:41.124709
anxiety	When someone has anxiety, they have a lot of worries and fear.	tashvish	тревога	cc808d17-dd03-4e83-9c72-fa04f34bacd6	8e8664a8-6f3c-44ce-adfe-63d8d6cb9fd3	https://www.essentialenglish.review/apps-data/4000-essential-english-words-2/data/unit-13/wordlist/25355.jpg	654a85dc-1dac-4557-963a-f2a555692da2	2025-12-25 15:30:41.124308	2025-12-25 15:30:41.124709
army	An army is a large group of people who fight in wars.	armiya	армия	cc808d17-dd03-4e83-9c72-fa04f34bacd6	8e8664a8-6f3c-44ce-adfe-63d8d6cb9fd3	https://www.essentialenglish.review/apps-data/4000-essential-english-words-2/data/unit-13/wordlist/25356.jpg	ab297b2a-0a17-40ed-9645-f27616fc1a89	2025-12-25 15:30:41.124308	2025-12-25 15:30:41.124709
billion	A billion is a very large number: 1,000,000,000.	milliard	миллиард	cc808d17-dd03-4e83-9c72-fa04f34bacd6	8e8664a8-6f3c-44ce-adfe-63d8d6cb9fd3	https://www.essentialenglish.review/apps-data/4000-essential-english-words-2/data/unit-13/wordlist/25357.jpg	570058ff-4722-443a-bf8b-a295026929ee	2025-12-25 15:30:41.124308	2025-12-25 15:30:41.124709
carve	To carve means to cut into something.	o'ymoq	вырезать	cc808d17-dd03-4e83-9c72-fa04f34bacd6	8e8664a8-6f3c-44ce-adfe-63d8d6cb9fd3	https://www.essentialenglish.review/apps-data/4000-essential-english-words-2/data/unit-13/wordlist/25358.jpg	7a418da3-6e46-4e75-8eef-0307df73486c	2025-12-25 15:30:41.124308	2025-12-25 15:30:41.124709
consult	To consult someone means to ask them for help.	maslahat so'ramoq	консультироваться	cc808d17-dd03-4e83-9c72-fa04f34bacd6	8e8664a8-6f3c-44ce-adfe-63d8d6cb9fd3	https://www.essentialenglish.review/apps-data/4000-essential-english-words-2/data/unit-13/wordlist/25359.jpg	828defea-9bcf-4185-b044-5b7dd80fc3c3	2025-12-25 15:30:41.124308	2025-12-25 15:30:41.124709
emergency	An emergency is a time when someone needs help right away.	favqulodda holat	чрезвычайная ситуация	cc808d17-dd03-4e83-9c72-fa04f34bacd6	8e8664a8-6f3c-44ce-adfe-63d8d6cb9fd3	https://www.essentialenglish.review/apps-data/4000-essential-english-words-2/data/unit-13/wordlist/25360.jpg	0163e64c-5162-4703-9aa8-d072d15f55d9	2025-12-25 15:30:41.124308	2025-12-25 15:30:41.124709
fortune	When someone has good fortune, it means they have luck.	boylik	состояние	cc808d17-dd03-4e83-9c72-fa04f34bacd6	8e8664a8-6f3c-44ce-adfe-63d8d6cb9fd3	https://www.essentialenglish.review/apps-data/4000-essential-english-words-2/data/unit-13/wordlist/25361.jpg	548bdba4-0eac-42b6-9fb0-a0b135233ead	2025-12-25 15:30:41.124308	2025-12-25 15:30:41.124709
guarantee	To guarantee means to know something will happen.	kafolatlash	гарантировать	cc808d17-dd03-4e83-9c72-fa04f34bacd6	8e8664a8-6f3c-44ce-adfe-63d8d6cb9fd3	https://www.essentialenglish.review/apps-data/4000-essential-english-words-2/data/unit-13/wordlist/25362.jpg	12c8e925-a02a-4bb8-a86d-6c1020a47d94	2025-12-25 15:30:41.124308	2025-12-25 15:30:41.124709
hike	To hike means to walk in the mountains or forest.	poyga yurish	поход	cc808d17-dd03-4e83-9c72-fa04f34bacd6	8e8664a8-6f3c-44ce-adfe-63d8d6cb9fd3	https://www.essentialenglish.review/apps-data/4000-essential-english-words-2/data/unit-13/wordlist/25363.jpg	961be9b9-a39d-4896-bd4d-9470f3cf5320	2025-12-25 15:30:41.124308	2025-12-25 15:30:41.124709
initial	When something is initial, it is the first thing.	dastlabki	начальный	cc808d17-dd03-4e83-9c72-fa04f34bacd6	8e8664a8-6f3c-44ce-adfe-63d8d6cb9fd3	https://www.essentialenglish.review/apps-data/4000-essential-english-words-2/data/unit-13/wordlist/25364.jpg	7cbb9b28-0cd8-4e1f-9c93-60f4f576d889	2025-12-25 15:30:41.124308	2025-12-25 15:30:41.124709
intense	If something is intense, it is very strong.	qattiq	интенсивный	23251f16-5895-477c-a6ee-8e89dd4eb10d	8e8664a8-6f3c-44ce-adfe-63d8d6cb9fd3	https://www.essentialenglish.review/apps-data/4000-essential-english-words-2/data/unit-13/wordlist/25365.jpg	0f93571e-39f4-4b23-9d4e-c65a800d8d75	2025-12-25 15:30:41.124308	2025-12-25 15:30:41.124709
lend	To lend something is to give it to someone for a short time.	qarzga bermoq	одалживать	23251f16-5895-477c-a6ee-8e89dd4eb10d	8e8664a8-6f3c-44ce-adfe-63d8d6cb9fd3	https://www.essentialenglish.review/apps-data/4000-essential-english-words-2/data/unit-13/wordlist/25366.jpg	5396bcf5-bb3f-48c3-a9be-874674a01b4f	2025-12-25 15:30:41.124308	2025-12-25 15:30:41.124709
peak	The peak is the very top of a mountain.	cho'qqi	пик	23251f16-5895-477c-a6ee-8e89dd4eb10d	8e8664a8-6f3c-44ce-adfe-63d8d6cb9fd3	https://www.essentialenglish.review/apps-data/4000-essential-english-words-2/data/unit-13/wordlist/25367.jpg	bc6ce1e0-4d60-402f-8e16-24b0650d1d13	2025-12-25 15:30:41.124308	2025-12-25 15:30:41.124709
potential	Potential means capable of being but not yet in existence.	salohiyat	потенциальный	23251f16-5895-477c-a6ee-8e89dd4eb10d	8e8664a8-6f3c-44ce-adfe-63d8d6cb9fd3	https://www.essentialenglish.review/apps-data/4000-essential-english-words-2/data/unit-13/wordlist/25368.jpg	1f6d940d-56b4-4c60-8878-bb42a7bc806b	2025-12-25 15:30:41.124308	2025-12-25 15:30:41.124709
pride	When you have pride, you are happy with yourself.	g'urur	гордость	23251f16-5895-477c-a6ee-8e89dd4eb10d	8e8664a8-6f3c-44ce-adfe-63d8d6cb9fd3	https://www.essentialenglish.review/apps-data/4000-essential-english-words-2/data/unit-13/wordlist/25369.jpg	7e777d41-e632-49eb-b782-078c1ed45c51	2025-12-25 15:30:41.124308	2025-12-25 15:30:41.124709
proof	Proof is a fact that shows something is real.	dalil	доказательство	23251f16-5895-477c-a6ee-8e89dd4eb10d	8e8664a8-6f3c-44ce-adfe-63d8d6cb9fd3	https://www.essentialenglish.review/apps-data/4000-essential-english-words-2/data/unit-13/wordlist/25370.jpg	7a811503-f158-48c2-afea-79e4d74151e8	2025-12-25 15:30:41.124308	2025-12-25 15:30:41.124709
quit	To quit something means to stop doing it.	to'xtatmoq	бросать	23251f16-5895-477c-a6ee-8e89dd4eb10d	8e8664a8-6f3c-44ce-adfe-63d8d6cb9fd3	https://www.essentialenglish.review/apps-data/4000-essential-english-words-2/data/unit-13/wordlist/25371.jpg	c4fab969-b695-4b90-9002-a7ce3546d184	2025-12-25 15:30:41.124308	2025-12-25 15:30:41.124709
spin	To spin is to turn around in circles.	aylantirmoq	крутить	23251f16-5895-477c-a6ee-8e89dd4eb10d	8e8664a8-6f3c-44ce-adfe-63d8d6cb9fd3	https://www.essentialenglish.review/apps-data/4000-essential-english-words-2/data/unit-13/wordlist/25372.jpg	e42b5846-d0ab-439f-8083-6c5469508120	2025-12-25 15:30:41.124308	2025-12-25 15:30:41.124709
tiny	When people or things are tiny, they are very small.	juda kichik	крошечный	23251f16-5895-477c-a6ee-8e89dd4eb10d	8e8664a8-6f3c-44ce-adfe-63d8d6cb9fd3	https://www.essentialenglish.review/apps-data/4000-essential-english-words-2/data/unit-13/wordlist/25373.jpg	9dda0b79-6154-4092-8f84-4fdef722e65d	2025-12-25 15:30:41.124308	2025-12-25 15:30:41.124709
tutor	A tutor is someone who gives lessons in a certain subject.	repetitor	репетитор	23251f16-5895-477c-a6ee-8e89dd4eb10d	8e8664a8-6f3c-44ce-adfe-63d8d6cb9fd3	https://www.essentialenglish.review/apps-data/4000-essential-english-words-2/data/unit-13/wordlist/25374.jpg	3566f94a-667f-478c-880a-873037a237b0	2025-12-25 15:30:41.124308	2025-12-25 15:30:41.124709
apparent	If something is apparent, it is easy to see.	aniq	очевидный	6944b5cb-17da-4c0a-9933-f57605547c41	8e8664a8-6f3c-44ce-adfe-63d8d6cb9fd3	https://www.essentialenglish.review/apps-data/4000-essential-english-words-2/data/unit-14/wordlist/25382.jpg	3a3bca13-fd5b-49fb-b604-13b42bd2aad9	2025-12-25 15:30:41.124308	2025-12-25 15:30:41.124709
blind	When people are blind, they cannot see.	ko'r	слепой	6944b5cb-17da-4c0a-9933-f57605547c41	8e8664a8-6f3c-44ce-adfe-63d8d6cb9fd3	https://www.essentialenglish.review/apps-data/4000-essential-english-words-2/data/unit-14/wordlist/25383.jpg	9ea32cc7-a6b8-4c8c-a609-e7fb38485b2a	2025-12-25 15:30:41.124308	2025-12-25 15:30:41.124709
calculate	To calculate is to find an answer using math.	hisoblamoq	вычислять	6944b5cb-17da-4c0a-9933-f57605547c41	8e8664a8-6f3c-44ce-adfe-63d8d6cb9fd3	https://www.essentialenglish.review/apps-data/4000-essential-english-words-2/data/unit-14/wordlist/25384.jpg	fcba9fb6-b25b-4b19-9ffe-3e0dd49a4f3a	2025-12-25 15:30:41.124308	2025-12-25 15:30:41.124709
chat	To chat is to talk with someone.	suhbatlashmoq	болтать	6944b5cb-17da-4c0a-9933-f57605547c41	8e8664a8-6f3c-44ce-adfe-63d8d6cb9fd3	https://www.essentialenglish.review/apps-data/4000-essential-english-words-2/data/unit-14/wordlist/25385.jpg	5d0bcbdf-cf1e-45e3-8661-f7463c061a7f	2025-12-25 15:30:41.124308	2025-12-25 15:30:41.124709
commit	To commit to something is to promise to do it.	va'da bermoq	обязываться	6944b5cb-17da-4c0a-9933-f57605547c41	8e8664a8-6f3c-44ce-adfe-63d8d6cb9fd3	https://www.essentialenglish.review/apps-data/4000-essential-english-words-2/data/unit-14/wordlist/25386.jpg	6f6275a3-8946-4324-a870-8eaee6eb647b	2025-12-25 15:30:41.124308	2025-12-25 15:30:41.124709
compose	To compose something is to make it from smaller parts.	tuzmoq	составлять	6944b5cb-17da-4c0a-9933-f57605547c41	8e8664a8-6f3c-44ce-adfe-63d8d6cb9fd3	https://www.essentialenglish.review/apps-data/4000-essential-english-words-2/data/unit-14/wordlist/25387.jpg	fa5c720d-9b26-49e0-af28-aeb1a6badbf1	2025-12-25 15:30:41.124308	2025-12-25 15:30:41.124709
dormitory	A dormitory is a school building where students live.	yotoqxona	общежитие	6944b5cb-17da-4c0a-9933-f57605547c41	8e8664a8-6f3c-44ce-adfe-63d8d6cb9fd3	https://www.essentialenglish.review/apps-data/4000-essential-english-words-2/data/unit-14/wordlist/25388.jpg	504249ed-4a0f-465e-bf54-08f8afa704a2	2025-12-25 15:30:41.124308	2025-12-25 15:30:41.124709
exhaust	To exhaust someone is to make them tired.	charchatmoq	истощать	6944b5cb-17da-4c0a-9933-f57605547c41	8e8664a8-6f3c-44ce-adfe-63d8d6cb9fd3	https://www.essentialenglish.review/apps-data/4000-essential-english-words-2/data/unit-14/wordlist/25389.jpg	b169a9ad-ab58-470a-ac35-51999a421b08	2025-12-25 15:30:41.124308	2025-12-25 15:30:41.124709
greenhouse	A greenhouse is a small glass building that is used to grow plants.	issiqxona	теплица	6944b5cb-17da-4c0a-9933-f57605547c41	8e8664a8-6f3c-44ce-adfe-63d8d6cb9fd3	https://www.essentialenglish.review/apps-data/4000-essential-english-words-2/data/unit-14/wordlist/25390.jpg	2bf862e3-7650-4257-97cd-c1c63d9bc6e8	2025-12-25 15:30:41.124308	2025-12-25 15:30:41.124709
ignore	To ignore something is to act like you do not see or hear it.	e'tiborsiz qoldirmoq	игнорировать	6944b5cb-17da-4c0a-9933-f57605547c41	8e8664a8-6f3c-44ce-adfe-63d8d6cb9fd3	https://www.essentialenglish.review/apps-data/4000-essential-english-words-2/data/unit-14/wordlist/25391.jpg	9ce037ff-46b9-40cd-813f-84e8c29b147a	2025-12-25 15:30:41.124308	2025-12-25 15:30:41.124709
obvious	If something is obvious, it is clear and easily seen.	aniq	очевидный	4043c25b-bbfa-4d53-830a-d881690b30f1	8e8664a8-6f3c-44ce-adfe-63d8d6cb9fd3	https://www.essentialenglish.review/apps-data/4000-essential-english-words-2/data/unit-14/wordlist/25392.jpg	df827689-8d7a-456c-8014-4ba12d15b393	2025-12-25 15:30:41.124308	2025-12-25 15:30:41.124709
physics	Physics is a science that deals with energy and how it affects things.	fizika	физика	4043c25b-bbfa-4d53-830a-d881690b30f1	8e8664a8-6f3c-44ce-adfe-63d8d6cb9fd3	https://www.essentialenglish.review/apps-data/4000-essential-english-words-2/data/unit-14/wordlist/25393.jpg	4658ae55-d511-4ad8-8f90-16eeb04a2de6	2025-12-25 15:30:41.124308	2025-12-25 15:30:41.124709
portion	A portion of something is a part of it.	qism	порция	4043c25b-bbfa-4d53-830a-d881690b30f1	8e8664a8-6f3c-44ce-adfe-63d8d6cb9fd3	https://www.essentialenglish.review/apps-data/4000-essential-english-words-2/data/unit-14/wordlist/25394.jpg	7181c392-3ada-4a85-b141-7d64c5dec97a	2025-12-25 15:30:41.124308	2025-12-25 15:30:41.124709
remind	To remind someone is to tell them to remember to do something.	eslatmoq	напоминать	4043c25b-bbfa-4d53-830a-d881690b30f1	8e8664a8-6f3c-44ce-adfe-63d8d6cb9fd3	https://www.essentialenglish.review/apps-data/4000-essential-english-words-2/data/unit-14/wordlist/25395.jpg	b7ca26f3-f7d0-4aac-9894-c0444dcf091a	2025-12-25 15:30:41.124308	2025-12-25 15:30:41.124709
secretary	A secretary is a person who works in an office.	kotib	секретарь	4043c25b-bbfa-4d53-830a-d881690b30f1	8e8664a8-6f3c-44ce-adfe-63d8d6cb9fd3	https://www.essentialenglish.review/apps-data/4000-essential-english-words-2/data/unit-14/wordlist/25396.jpg	706b54c0-6ea7-42a8-b716-07e2945e6b77	2025-12-25 15:30:41.124308	2025-12-25 15:30:41.124709
severe	If something is severe, it is very bad or serious.	qattiq	тяжёлый	4043c25b-bbfa-4d53-830a-d881690b30f1	8e8664a8-6f3c-44ce-adfe-63d8d6cb9fd3	https://www.essentialenglish.review/apps-data/4000-essential-english-words-2/data/unit-14/wordlist/25397.jpg	3b97f579-037a-4136-b446-c463d0058975	2025-12-25 15:30:41.124308	2025-12-25 15:30:41.124709
talent	If someone has a talent, they are naturally able to do it well.	talant	талант	4043c25b-bbfa-4d53-830a-d881690b30f1	8e8664a8-6f3c-44ce-adfe-63d8d6cb9fd3	https://www.essentialenglish.review/apps-data/4000-essential-english-words-2/data/unit-14/wordlist/25398.jpg	bbbd85aa-ba15-49b2-bee7-345933fcd65e	2025-12-25 15:30:41.124308	2025-12-25 15:30:41.124709
thesis	A thesis is an idea that needs to be proved.	tezis	тезис	4043c25b-bbfa-4d53-830a-d881690b30f1	8e8664a8-6f3c-44ce-adfe-63d8d6cb9fd3	https://www.essentialenglish.review/apps-data/4000-essential-english-words-2/data/unit-14/wordlist/25399.jpg	03db3463-d4cc-4ddb-934c-1eddf4bca17d	2025-12-25 15:30:41.124308	2025-12-25 15:30:41.124709
uniform	A uniform is a piece of clothing worn by people of the same group.	forma	униформа	4043c25b-bbfa-4d53-830a-d881690b30f1	8e8664a8-6f3c-44ce-adfe-63d8d6cb9fd3	https://www.essentialenglish.review/apps-data/4000-essential-english-words-2/data/unit-14/wordlist/25400.jpg	e74f5834-dd48-46f7-851b-af40be9af0a6	2025-12-25 15:30:41.124308	2025-12-25 15:30:41.124709
gesture	A gesture is a movement of the hands or body.	imlo	жест	fb7cc869-8f50-4ac4-aa0e-d494bc5c9e83	8e8664a8-6f3c-44ce-adfe-63d8d6cb9fd3	https://www.essentialenglish.review/apps-data/4000-essential-english-words-2/data/unit-16/wordlist/25442.jpg	43eda039-4b15-49cf-a0ab-254bff7ce7d7	2025-12-25 15:30:41.124308	2025-12-25 15:30:41.124709
interrupt	To interrupt is to briefly stop someone when they are doing something.	to'satdan gapga kirishmoq	прерывать	fb7cc869-8f50-4ac4-aa0e-d494bc5c9e83	8e8664a8-6f3c-44ce-adfe-63d8d6cb9fd3	https://www.essentialenglish.review/apps-data/4000-essential-english-words-2/data/unit-16/wordlist/25443.jpg	c9e49e48-7455-4842-9fe1-750399de4c94	2025-12-25 15:30:41.124308	2025-12-25 15:30:41.124709
last	To last is to continue or go on for an amount of time.	davom etmoq	длиться	fb7cc869-8f50-4ac4-aa0e-d494bc5c9e83	8e8664a8-6f3c-44ce-adfe-63d8d6cb9fd3	https://www.essentialenglish.review/apps-data/4000-essential-english-words-2/data/unit-16/wordlist/25444.jpg	56c2edb3-328c-42e9-b4cb-a2ab9575277b	2025-12-25 15:30:41.124308	2025-12-25 15:30:41.124709
likeness	Likeness means the state of being like, or resemblance.	o'xshashlik	сходство	2ab94292-8aeb-458c-91c8-66fc086dcfea	8e8664a8-6f3c-44ce-adfe-63d8d6cb9fd3	https://www.essentialenglish.review/apps-data/4000-essential-english-words-2/data/unit-16/wordlist/25445.jpg	d994e1d4-c051-412e-a157-d4f28dd5a94e	2025-12-25 15:30:41.124308	2025-12-25 15:30:41.124709
moreover	Moreover means besides or in addition to something.	bundan tashqari	более того	2ab94292-8aeb-458c-91c8-66fc086dcfea	8e8664a8-6f3c-44ce-adfe-63d8d6cb9fd3	https://www.essentialenglish.review/apps-data/4000-essential-english-words-2/data/unit-16/wordlist/25446.jpg	41c1d073-8230-4654-b92f-67bdde767008	2025-12-25 15:30:41.124308	2025-12-25 15:30:41.124709
perspective	A perspective is the way you think about something.	nuqtai nazar	перспектива	2ab94292-8aeb-458c-91c8-66fc086dcfea	8e8664a8-6f3c-44ce-adfe-63d8d6cb9fd3	https://www.essentialenglish.review/apps-data/4000-essential-english-words-2/data/unit-16/wordlist/25447.jpg	5e0bee01-83a7-4ba9-ba52-e1fac6ba2e8b	2025-12-25 15:30:41.124308	2025-12-25 15:30:41.124709
rational	When something is rational, it is normal or practical.	mantiqiy	рациональный	2ab94292-8aeb-458c-91c8-66fc086dcfea	8e8664a8-6f3c-44ce-adfe-63d8d6cb9fd3	https://www.essentialenglish.review/apps-data/4000-essential-english-words-2/data/unit-16/wordlist/25448.jpg	600df7ce-5e91-4915-b62e-a8808d0e1f5a	2025-12-25 15:30:41.124308	2025-12-25 15:30:41.124709
recover	To recover is to go back to normal after something bad happens.	tiklanish	восстанавливаться	2ab94292-8aeb-458c-91c8-66fc086dcfea	8e8664a8-6f3c-44ce-adfe-63d8d6cb9fd3	https://www.essentialenglish.review/apps-data/4000-essential-english-words-2/data/unit-16/wordlist/25449.jpg	cd2cdcb4-d1f3-4b54-8691-cc959eab588d	2025-12-25 15:30:41.124308	2025-12-25 15:30:41.124709
rely	To rely on something or someone is to trust or depend on them.	ishonmoq	полагаться	2ab94292-8aeb-458c-91c8-66fc086dcfea	8e8664a8-6f3c-44ce-adfe-63d8d6cb9fd3	https://www.essentialenglish.review/apps-data/4000-essential-english-words-2/data/unit-16/wordlist/25450.jpg	d95b0617-a6bb-4eb9-b1a6-43b056dd6d0e	2025-12-25 15:30:41.124308	2025-12-25 15:30:41.124709
shock	To shock people is to surprise them.	hayratda qoldirmoq	шокировать	2ab94292-8aeb-458c-91c8-66fc086dcfea	8e8664a8-6f3c-44ce-adfe-63d8d6cb9fd3	https://www.essentialenglish.review/apps-data/4000-essential-english-words-2/data/unit-16/wordlist/25451.jpg	e1e6c03e-ea55-4720-9ba4-d153fcb8b8dd	2025-12-25 15:30:41.124308	2025-12-25 15:30:41.124709
shy	When people are shy, they are nervous around people strange to them.	uyatchan	застенчивый	2ab94292-8aeb-458c-91c8-66fc086dcfea	8e8664a8-6f3c-44ce-adfe-63d8d6cb9fd3	https://www.essentialenglish.review/apps-data/4000-essential-english-words-2/data/unit-16/wordlist/25452.jpg	6440846a-dab5-42da-817a-04eb0462e81c	2025-12-25 15:30:41.124308	2025-12-25 15:30:41.124709
stare	To stare at something is to look at it for a long time.	tikilmoq	пристально смотреть	2ab94292-8aeb-458c-91c8-66fc086dcfea	8e8664a8-6f3c-44ce-adfe-63d8d6cb9fd3	https://www.essentialenglish.review/apps-data/4000-essential-english-words-2/data/unit-16/wordlist/25453.jpg	32fe83f6-b10c-4893-ad4f-9b10c476310c	2025-12-25 15:30:41.124308	2025-12-25 15:30:41.124709
thus	Thus means as a result or for that reason.	shuning uchun	таким образом	2ab94292-8aeb-458c-91c8-66fc086dcfea	8e8664a8-6f3c-44ce-adfe-63d8d6cb9fd3	https://www.essentialenglish.review/apps-data/4000-essential-english-words-2/data/unit-16/wordlist/25454.jpg	b2fe7ae8-f97a-4135-87c2-d201dccda46b	2025-12-25 15:30:41.124308	2025-12-25 15:30:41.124709
aim	An aim is a goal someone wants to make happen.	maqsad	цель	5c42c6f4-198b-448a-b783-6526091b19ad	8e8664a8-6f3c-44ce-adfe-63d8d6cb9fd3	https://www.essentialenglish.review/apps-data/4000-essential-english-words-2/data/unit-17/wordlist/25462.jpg	1e716651-e559-4f5c-91ca-34958df22f9a	2025-12-25 15:30:41.124308	2025-12-25 15:30:41.124709
attach	To attach is to put two things together.	biriktirmoq	прикреплять	5c42c6f4-198b-448a-b783-6526091b19ad	8e8664a8-6f3c-44ce-adfe-63d8d6cb9fd3	https://www.essentialenglish.review/apps-data/4000-essential-english-words-2/data/unit-17/wordlist/25463.jpg	123198d1-1035-4803-99f1-f033a3d441e7	2025-12-25 15:30:41.124308	2025-12-25 15:30:41.124709
bet	To bet is to risk money on the result of a game or a business.	pul tikmoq	ставить	5c42c6f4-198b-448a-b783-6526091b19ad	8e8664a8-6f3c-44ce-adfe-63d8d6cb9fd3	https://www.essentialenglish.review/apps-data/4000-essential-english-words-2/data/unit-17/wordlist/25464.jpg	dc50292b-cbc3-437e-a9ec-ebd233a452ed	2025-12-25 15:30:41.124308	2025-12-25 15:30:41.124709
carriage	A carriage is a vehicle pulled by a horse.	arava	карета	5c42c6f4-198b-448a-b783-6526091b19ad	8e8664a8-6f3c-44ce-adfe-63d8d6cb9fd3	https://www.essentialenglish.review/apps-data/4000-essential-english-words-2/data/unit-17/wordlist/25465.jpg	940f4d95-038c-40ac-b2ce-b35af12296ce	2025-12-25 15:30:41.124308	2025-12-25 15:30:41.124709
classic	If something is classic, it is typical.	klassik	классический	5c42c6f4-198b-448a-b783-6526091b19ad	8e8664a8-6f3c-44ce-adfe-63d8d6cb9fd3	https://www.essentialenglish.review/apps-data/4000-essential-english-words-2/data/unit-17/wordlist/25466.jpg	2c272ff5-ed51-4f8f-9881-10b182cf9e77	2025-12-25 15:30:41.124308	2025-12-25 15:30:41.124709
commute	To commute is to travel a long distance to get to work.	ishga borish	ездить на работу	5c42c6f4-198b-448a-b783-6526091b19ad	8e8664a8-6f3c-44ce-adfe-63d8d6cb9fd3	https://www.essentialenglish.review/apps-data/4000-essential-english-words-2/data/unit-17/wordlist/25467.jpg	09ed3b0f-32f5-4076-a987-5638197f50b0	2025-12-25 15:30:41.124308	2025-12-25 15:30:41.124709
confirm	To confirm is to make sure something is correct.	tasdiqlamoq	подтверждать	5c42c6f4-198b-448a-b783-6526091b19ad	8e8664a8-6f3c-44ce-adfe-63d8d6cb9fd3	https://www.essentialenglish.review/apps-data/4000-essential-english-words-2/data/unit-17/wordlist/25468.jpg	9985e825-7385-497c-bc27-07c587de7b47	2025-12-25 15:30:41.124308	2025-12-25 15:30:41.124709
criticize	To criticize is to say you do not like someone or something.	tanqid qilmoq	критиковать	5c42c6f4-198b-448a-b783-6526091b19ad	8e8664a8-6f3c-44ce-adfe-63d8d6cb9fd3	https://www.essentialenglish.review/apps-data/4000-essential-english-words-2/data/unit-17/wordlist/25469.jpg	e98940a4-999e-4994-8b3f-859e08e154c4	2025-12-25 15:30:41.124308	2025-12-25 15:30:41.124709
differ	To differ is to not be the same as another person or thing.	farqlanmoq	отличаться	5c42c6f4-198b-448a-b783-6526091b19ad	8e8664a8-6f3c-44ce-adfe-63d8d6cb9fd3	https://www.essentialenglish.review/apps-data/4000-essential-english-words-2/data/unit-17/wordlist/25470.jpg	ad62c468-63e5-4a76-9343-8de0995ae63b	2025-12-25 15:30:41.124308	2025-12-25 15:30:41.124709
expense	An expense is the money that people spend on something.	xarajat	расход	5c42c6f4-198b-448a-b783-6526091b19ad	8e8664a8-6f3c-44ce-adfe-63d8d6cb9fd3	https://www.essentialenglish.review/apps-data/4000-essential-english-words-2/data/unit-17/wordlist/25471.jpg	6c02f612-5569-4e05-904e-b1e05bae7dbd	2025-12-25 15:30:41.124308	2025-12-25 15:30:41.124709
formal	If something is formal, it is done in an official way.	rasmiy	формальный	a7bc1793-7d8c-4562-abcb-3b4afb2772b2	8e8664a8-6f3c-44ce-adfe-63d8d6cb9fd3	https://www.essentialenglish.review/apps-data/4000-essential-english-words-2/data/unit-17/wordlist/25472.jpg	85957e9a-2c4c-4522-ac37-a5fd9464e5be	2025-12-25 15:30:41.124308	2025-12-25 15:30:41.124709
height	Height is how tall someone or something is.	bo'y	рост	a7bc1793-7d8c-4562-abcb-3b4afb2772b2	8e8664a8-6f3c-44ce-adfe-63d8d6cb9fd3	https://www.essentialenglish.review/apps-data/4000-essential-english-words-2/data/unit-17/wordlist/25473.jpg	566d24fa-4982-4776-8689-3bb64bb2bc7a	2025-12-25 15:30:41.124308	2025-12-25 15:30:41.124709
invent	To invent something is to create something that never existed before.	ixtiro qilmoq	изобретать	a7bc1793-7d8c-4562-abcb-3b4afb2772b2	8e8664a8-6f3c-44ce-adfe-63d8d6cb9fd3	https://www.essentialenglish.review/apps-data/4000-essential-english-words-2/data/unit-17/wordlist/25474.jpg	6a4d689a-1f24-48c1-b067-10bc91d5e682	2025-12-25 15:30:41.124308	2025-12-25 15:30:41.124709
junior	If someone is junior in their job, they do not have a lot of power.	kichik	младший	a7bc1793-7d8c-4562-abcb-3b4afb2772b2	8e8664a8-6f3c-44ce-adfe-63d8d6cb9fd3	https://www.essentialenglish.review/apps-data/4000-essential-english-words-2/data/unit-17/wordlist/25475.jpg	acdfe755-029a-465b-8ade-334321a70ae8	2025-12-25 15:30:41.124308	2025-12-25 15:30:41.124709
labor	Labor is the act of doing or making something.	mehnat	труд	a7bc1793-7d8c-4562-abcb-3b4afb2772b2	8e8664a8-6f3c-44ce-adfe-63d8d6cb9fd3	https://www.essentialenglish.review/apps-data/4000-essential-english-words-2/data/unit-17/wordlist/25476.jpg	2f24a368-23a9-46fa-bfcd-e94a1bdd52cc	2025-12-25 15:30:41.124308	2025-12-25 15:30:41.124709
mechanic	A mechanic is someone who fixes vehicles or machines.	mexanik	механик	a7bc1793-7d8c-4562-abcb-3b4afb2772b2	8e8664a8-6f3c-44ce-adfe-63d8d6cb9fd3	https://www.essentialenglish.review/apps-data/4000-essential-english-words-2/data/unit-17/wordlist/25477.jpg	ac5e0d93-4bf4-4ce5-bd87-9b017a8d3eca	2025-12-25 15:30:41.124308	2025-12-25 15:30:41.124709
prime	If something is prime, it is the most important one.	asosiy	первостепенный	a7bc1793-7d8c-4562-abcb-3b4afb2772b2	8e8664a8-6f3c-44ce-adfe-63d8d6cb9fd3	https://www.essentialenglish.review/apps-data/4000-essential-english-words-2/data/unit-17/wordlist/25478.jpg	0443043c-2b6f-4366-b5d6-1c80078be4fe	2025-12-25 15:30:41.124308	2025-12-25 15:30:41.124709
shift	To shift to something is to move into a new place or direction.	o'zgartirmoq	сдвигать	a7bc1793-7d8c-4562-abcb-3b4afb2772b2	8e8664a8-6f3c-44ce-adfe-63d8d6cb9fd3	https://www.essentialenglish.review/apps-data/4000-essential-english-words-2/data/unit-17/wordlist/25479.jpg	8abbb1b5-59f2-45eb-9e9b-148c133a27e8	2025-12-25 15:30:41.124308	2025-12-25 15:30:41.124709
signal	A signal is a sound or action that tells someone to do something.	signal	сигнал	a7bc1793-7d8c-4562-abcb-3b4afb2772b2	8e8664a8-6f3c-44ce-adfe-63d8d6cb9fd3	https://www.essentialenglish.review/apps-data/4000-essential-english-words-2/data/unit-17/wordlist/25480.jpg	824314fc-6538-492b-a376-1c91797b890d	2025-12-25 15:30:41.124308	2025-12-25 15:30:41.124709
sincere	When people are sincere, they tell the truth.	samimiy	искренний	a7bc1793-7d8c-4562-abcb-3b4afb2772b2	8e8664a8-6f3c-44ce-adfe-63d8d6cb9fd3	https://www.essentialenglish.review/apps-data/4000-essential-english-words-2/data/unit-17/wordlist/25481.jpg	2513d214-7e4c-438a-9aec-594b436ede33	2025-12-25 15:30:41.124308	2025-12-25 15:30:41.124709
ability	Ability is the quality of a person being able to do something well.	qobiliyat	способность	47446ffb-66e4-410e-9c8b-eebe9f765800	8e8664a8-6f3c-44ce-adfe-63d8d6cb9fd3	https://www.essentialenglish.review/apps-data/4000-essential-english-words-2/data/unit-18/wordlist/25528.jpg	e8dd5379-5363-46d6-a0d5-fdde81ecccd0	2025-12-25 15:30:41.124308	2025-12-25 15:30:41.124709
agriculture	Agriculture is the growing of food and animals.	qishloq xo'jaligi	сельское хозяйство	47446ffb-66e4-410e-9c8b-eebe9f765800	8e8664a8-6f3c-44ce-adfe-63d8d6cb9fd3	https://www.essentialenglish.review/apps-data/4000-essential-english-words-2/data/unit-18/wordlist/25529.jpg	f11fdc7f-af66-4892-9c76-89839cbb1606	2025-12-25 15:30:41.124308	2025-12-25 15:30:41.124709
cartoon	A cartoon is a funny drawing.	multfilm	мультфильм	47446ffb-66e4-410e-9c8b-eebe9f765800	8e8664a8-6f3c-44ce-adfe-63d8d6cb9fd3	https://www.essentialenglish.review/apps-data/4000-essential-english-words-2/data/unit-18/wordlist/25530.jpg	e2ca685e-52d7-444e-a2de-ebbf738b0c9d	2025-12-25 15:30:41.124308	2025-12-25 15:30:41.124709
ceiling	The ceiling is the top of a room.	ship	потолок	47446ffb-66e4-410e-9c8b-eebe9f765800	8e8664a8-6f3c-44ce-adfe-63d8d6cb9fd3	https://www.essentialenglish.review/apps-data/4000-essential-english-words-2/data/unit-18/wordlist/25531.jpg	3ece9f88-d237-4b84-9afe-59f143962443	2025-12-25 15:30:41.124308	2025-12-25 15:30:41.124709
convince	To convince someone means to make them sure of something.	ishontirmoq	убеждать	47446ffb-66e4-410e-9c8b-eebe9f765800	8e8664a8-6f3c-44ce-adfe-63d8d6cb9fd3	https://www.essentialenglish.review/apps-data/4000-essential-english-words-2/data/unit-18/wordlist/25532.jpg	cf151669-87d5-48e7-9012-d170862089c9	2025-12-25 15:30:41.124308	2025-12-25 15:30:41.124709
curious	When you are curious about something, you want to know more about it.	qiziquvchan	любопытный	47446ffb-66e4-410e-9c8b-eebe9f765800	8e8664a8-6f3c-44ce-adfe-63d8d6cb9fd3	https://www.essentialenglish.review/apps-data/4000-essential-english-words-2/data/unit-18/wordlist/25533.jpg	53ef024b-e4ce-4092-826b-c93f86aac341	2025-12-25 15:30:41.124308	2025-12-25 15:30:41.124709
delay	To delay means to wait to do something.	kechiktirmoq	задерживать	47446ffb-66e4-410e-9c8b-eebe9f765800	8e8664a8-6f3c-44ce-adfe-63d8d6cb9fd3	https://www.essentialenglish.review/apps-data/4000-essential-english-words-2/data/unit-18/wordlist/25534.jpg	9548cfeb-fd97-4c17-921c-6ab5eeb14f68	2025-12-25 15:30:41.124308	2025-12-25 15:30:41.124709
diary	A diary is a book in which people write their personal experiences.	kundalik	дневник	47446ffb-66e4-410e-9c8b-eebe9f765800	8e8664a8-6f3c-44ce-adfe-63d8d6cb9fd3	https://www.essentialenglish.review/apps-data/4000-essential-english-words-2/data/unit-18/wordlist/25535.jpg	e36ddee1-3650-40a7-b4be-a4d2c97c491b	2025-12-25 15:30:41.124308	2025-12-25 15:30:41.124709
element	An element of something is a particular part of it.	element	элемент	47446ffb-66e4-410e-9c8b-eebe9f765800	8e8664a8-6f3c-44ce-adfe-63d8d6cb9fd3	https://www.essentialenglish.review/apps-data/4000-essential-english-words-2/data/unit-18/wordlist/25536.jpg	3fbe291b-6249-4b31-8a99-c77c1311f210	2025-12-25 15:30:41.124308	2025-12-25 15:30:41.124709
faith	When people have faith in something, they believe in it and trust it.	ishonch	вера	47446ffb-66e4-410e-9c8b-eebe9f765800	8e8664a8-6f3c-44ce-adfe-63d8d6cb9fd3	https://www.essentialenglish.review/apps-data/4000-essential-english-words-2/data/unit-18/wordlist/25537.jpg	ef694982-e868-4bed-9021-d35100c2d4e6	2025-12-25 15:30:41.124308	2025-12-25 15:30:41.124709
grain	Grain is food crops such as wheat, corn, rice or oats.	don	зерно	7427324a-6202-49e7-b010-678eb4b57852	8e8664a8-6f3c-44ce-adfe-63d8d6cb9fd3	https://www.essentialenglish.review/apps-data/4000-essential-english-words-2/data/unit-18/wordlist/25538.jpg	c59fbf2c-f889-44de-85f1-f105b6600cff	2025-12-25 15:30:41.124308	2025-12-25 15:30:41.124709
greet	To greet someone means to meet and welcome them.	salomlashmoq	приветствовать	7427324a-6202-49e7-b010-678eb4b57852	8e8664a8-6f3c-44ce-adfe-63d8d6cb9fd3	https://www.essentialenglish.review/apps-data/4000-essential-english-words-2/data/unit-18/wordlist/25539.jpg	393af5f9-a63d-47a6-878e-ddfa07c57542	2025-12-25 15:30:41.124308	2025-12-25 15:30:41.124709
investigate	To investigate means to search for something or learn about it.	tekshirmoq	расследовать	7427324a-6202-49e7-b010-678eb4b57852	8e8664a8-6f3c-44ce-adfe-63d8d6cb9fd3	https://www.essentialenglish.review/apps-data/4000-essential-english-words-2/data/unit-18/wordlist/25540.jpg	7abc9f5e-9909-4f4b-b7ea-0e00881b1028	2025-12-25 15:30:41.124308	2025-12-25 15:30:41.124709
joy	Joy is a feeling you get when you are really happy.	shodlik	радость	7427324a-6202-49e7-b010-678eb4b57852	8e8664a8-6f3c-44ce-adfe-63d8d6cb9fd3	https://www.essentialenglish.review/apps-data/4000-essential-english-words-2/data/unit-18/wordlist/25541.jpg	238b924d-de52-41ff-906f-29ce1871480f	2025-12-25 15:30:41.124308	2025-12-25 15:30:41.124709
label	A label is a tag that tells about something.	yorliq	ярлык	7427324a-6202-49e7-b010-678eb4b57852	8e8664a8-6f3c-44ce-adfe-63d8d6cb9fd3	https://www.essentialenglish.review/apps-data/4000-essential-english-words-2/data/unit-18/wordlist/25542.jpg	53be9a6a-f266-43c6-bd81-f258bbc3b1f5	2025-12-25 15:30:41.124308	2025-12-25 15:30:41.124709
monk	A monk is a religious person who lives a simple life.	rohib	монах	7427324a-6202-49e7-b010-678eb4b57852	8e8664a8-6f3c-44ce-adfe-63d8d6cb9fd3	https://www.essentialenglish.review/apps-data/4000-essential-english-words-2/data/unit-18/wordlist/25543.jpg	95576ab4-a0bf-420b-adb3-a8c9b44f40f8	2025-12-25 15:30:41.124308	2025-12-25 15:30:41.124709
odd	When something is odd, it is unusual.	g'alati	странный	7427324a-6202-49e7-b010-678eb4b57852	8e8664a8-6f3c-44ce-adfe-63d8d6cb9fd3	https://www.essentialenglish.review/apps-data/4000-essential-english-words-2/data/unit-18/wordlist/25544.jpg	19aed98c-cc99-4311-b5b0-af190233c622	2025-12-25 15:30:41.124308	2025-12-25 15:30:41.124709
pause	To pause means to stop doing something for a while.	to'xtamoq	пауза	7427324a-6202-49e7-b010-678eb4b57852	8e8664a8-6f3c-44ce-adfe-63d8d6cb9fd3	https://www.essentialenglish.review/apps-data/4000-essential-english-words-2/data/unit-18/wordlist/25545.jpg	d1304195-ef9b-454d-a6c8-72e8678c533d	2025-12-25 15:30:41.124308	2025-12-25 15:30:41.124709
priest	A priest is a person trained to perform religious duties.	ruhoniy	священник	7427324a-6202-49e7-b010-678eb4b57852	8e8664a8-6f3c-44ce-adfe-63d8d6cb9fd3	https://www.essentialenglish.review/apps-data/4000-essential-english-words-2/data/unit-18/wordlist/25546.jpg	c712a798-fa33-41ca-abe6-bff911bc7fcb	2025-12-25 15:30:41.124308	2025-12-25 15:30:41.124709
profession	A profession is a person’s job.	kasb	профессия	7427324a-6202-49e7-b010-678eb4b57852	8e8664a8-6f3c-44ce-adfe-63d8d6cb9fd3	https://www.essentialenglish.review/apps-data/4000-essential-english-words-2/data/unit-18/wordlist/25547.jpg	b3fb364e-d7f3-4dac-ad47-6969ed3847f6	2025-12-25 15:30:41.124308	2025-12-25 15:30:41.124709
adopt	To adopt someone is to make them as a part of one’s own family.	asrab olmoq	усыновлять	f450d344-a0c9-45de-a1d6-aee95b3bc8a8	8e8664a8-6f3c-44ce-adfe-63d8d6cb9fd3	https://www.essentialenglish.review/apps-data/4000-essential-english-words-2/data/unit-19/wordlist/25555.jpg	7ff5e44f-a93f-4174-97ca-368774a5dc7d	2025-12-25 15:30:41.124308	2025-12-25 15:30:41.124709
beg	To beg is to ask for something one really wants.	iltimos qilmoq	умолять	f450d344-a0c9-45de-a1d6-aee95b3bc8a8	8e8664a8-6f3c-44ce-adfe-63d8d6cb9fd3	https://www.essentialenglish.review/apps-data/4000-essential-english-words-2/data/unit-19/wordlist/25556.jpg	540e2df8-6399-4687-979e-f910a55592da	2025-12-25 15:30:41.124308	2025-12-25 15:30:41.124709
beyond	If A is beyond B, A is farther away.	undan tashqari	за пределами	f450d344-a0c9-45de-a1d6-aee95b3bc8a8	8e8664a8-6f3c-44ce-adfe-63d8d6cb9fd3	https://www.essentialenglish.review/apps-data/4000-essential-english-words-2/data/unit-19/wordlist/25557.jpg	b70c7fe7-b644-4abf-b275-116da91e0854	2025-12-25 15:30:41.124308	2025-12-25 15:30:41.124709
costume	A costume is a set of clothes people wear for a particular occasion.	kostyum	костюм	f450d344-a0c9-45de-a1d6-aee95b3bc8a8	8e8664a8-6f3c-44ce-adfe-63d8d6cb9fd3	https://www.essentialenglish.review/apps-data/4000-essential-english-words-2/data/unit-19/wordlist/25558.jpg	8fb46e06-aeef-4b01-9f31-6c57555433fc	2025-12-25 15:30:41.124308	2025-12-25 15:30:41.124709
exclaim	To exclaim is to say something loudly, usually due to being excited.	hayron bo'lmoq	восклицать	f450d344-a0c9-45de-a1d6-aee95b3bc8a8	8e8664a8-6f3c-44ce-adfe-63d8d6cb9fd3	https://www.essentialenglish.review/apps-data/4000-essential-english-words-2/data/unit-19/wordlist/25559.jpg	d5510d7a-dd58-4b5f-a422-3871b4c24026	2025-12-25 15:30:41.124308	2025-12-25 15:30:41.124709
extend	To extend is to stretch out or reach.	cho'zmoq	протягивать	f450d344-a0c9-45de-a1d6-aee95b3bc8a8	8e8664a8-6f3c-44ce-adfe-63d8d6cb9fd3	https://www.essentialenglish.review/apps-data/4000-essential-english-words-2/data/unit-19/wordlist/25560.jpg	a5e53a85-883e-48ff-bcdd-cf1ee194d5ed	2025-12-25 15:30:41.124308	2025-12-25 15:30:41.124709
fool	A fool is someone who makes unwise choices.	ahmoq	дурак	f450d344-a0c9-45de-a1d6-aee95b3bc8a8	8e8664a8-6f3c-44ce-adfe-63d8d6cb9fd3	https://www.essentialenglish.review/apps-data/4000-essential-english-words-2/data/unit-19/wordlist/25561.jpg	6583a410-d1bd-47d9-bb99-0b7a7a87c1a2	2025-12-25 15:30:41.124308	2025-12-25 15:30:41.124709
forbid	To forbid is to tell someone they cannot do something.	taqiqlamoq	запрещать	f450d344-a0c9-45de-a1d6-aee95b3bc8a8	8e8664a8-6f3c-44ce-adfe-63d8d6cb9fd3	https://www.essentialenglish.review/apps-data/4000-essential-english-words-2/data/unit-19/wordlist/25562.jpg	099cec8c-aa8f-43f9-979d-46d5ae5b2d45	2025-12-25 15:30:41.124308	2025-12-25 15:30:41.124709
illustrate	To illustrate is to show something by drawing a picture.	tasvirlamoq	иллюстрировать	f450d344-a0c9-45de-a1d6-aee95b3bc8a8	8e8664a8-6f3c-44ce-adfe-63d8d6cb9fd3	https://www.essentialenglish.review/apps-data/4000-essential-english-words-2/data/unit-19/wordlist/25563.jpg	e3656fa1-7460-4f3c-b09f-df01b3dca414	2025-12-25 15:30:41.124308	2025-12-25 15:30:41.124709
indeed	Indeed means truly or really.	haqiqatan	действительно	f450d344-a0c9-45de-a1d6-aee95b3bc8a8	8e8664a8-6f3c-44ce-adfe-63d8d6cb9fd3	https://www.essentialenglish.review/apps-data/4000-essential-english-words-2/data/unit-19/wordlist/25564.jpg	f669419f-c29d-4d08-b73c-93ce5fe4ee07	2025-12-25 15:30:41.124308	2025-12-25 15:30:41.124709
interpret	To interpret is to explain what something means.	tarjima qilmoq	интерпретировать	8af6d51e-489b-4d84-9e24-722e3f80ca0e	8e8664a8-6f3c-44ce-adfe-63d8d6cb9fd3	https://www.essentialenglish.review/apps-data/4000-essential-english-words-2/data/unit-19/wordlist/25565.jpg	a821005a-84f6-4c45-8093-4738a4d16736	2025-12-25 15:30:41.124308	2025-12-25 15:30:41.124709
kindly	If people do something kindly, they do it in a nice way.	mehribonlik bilan	любезно	8af6d51e-489b-4d84-9e24-722e3f80ca0e	8e8664a8-6f3c-44ce-adfe-63d8d6cb9fd3	https://www.essentialenglish.review/apps-data/4000-essential-english-words-2/data/unit-19/wordlist/25566.jpg	2675dd22-f1a4-43cb-8d99-499663d81ca7	2025-12-25 15:30:41.124308	2025-12-25 15:30:41.124709
motive	A motive is the reason someone does something.	sabab	мотив	8af6d51e-489b-4d84-9e24-722e3f80ca0e	8e8664a8-6f3c-44ce-adfe-63d8d6cb9fd3	https://www.essentialenglish.review/apps-data/4000-essential-english-words-2/data/unit-19/wordlist/25567.jpg	9336308f-2038-4dc8-bf6e-0e4538c2bb45	2025-12-25 15:30:41.124308	2025-12-25 15:30:41.124709
nest	A nest is a place where a bird lays its eggs.	uya	гнездо	8af6d51e-489b-4d84-9e24-722e3f80ca0e	8e8664a8-6f3c-44ce-adfe-63d8d6cb9fd3	https://www.essentialenglish.review/apps-data/4000-essential-english-words-2/data/unit-19/wordlist/25568.jpg	e1ab842b-92a1-4746-af77-9d48ffbbcb40	2025-12-25 15:30:41.124308	2025-12-25 15:30:41.124709
origin	The origin of someone or something is where they come from.	kelib chiqish	происхождение	8af6d51e-489b-4d84-9e24-722e3f80ca0e	8e8664a8-6f3c-44ce-adfe-63d8d6cb9fd3	https://www.essentialenglish.review/apps-data/4000-essential-english-words-2/data/unit-19/wordlist/25569.jpg	ec5df1bb-ad67-4ebe-bb63-fcbe88ed8d69	2025-12-25 15:30:41.124308	2025-12-25 15:30:41.124709
reception	A reception is a party to welcome a person or celebrate an event.	qabul	приём	8af6d51e-489b-4d84-9e24-722e3f80ca0e	8e8664a8-6f3c-44ce-adfe-63d8d6cb9fd3	https://www.essentialenglish.review/apps-data/4000-essential-english-words-2/data/unit-19/wordlist/25570.jpg	7bcf75b8-5ca1-4fcb-8067-3899c78a1415	2025-12-25 15:30:41.124308	2025-12-25 15:30:41.124709
reject	To reject is to refuse something because you do not want it.	rad etmoq	отвергать	8af6d51e-489b-4d84-9e24-722e3f80ca0e	8e8664a8-6f3c-44ce-adfe-63d8d6cb9fd3	https://www.essentialenglish.review/apps-data/4000-essential-english-words-2/data/unit-19/wordlist/25571.jpg	649d20cc-6d4f-4abc-9758-0b11848e57a3	2025-12-25 15:30:41.124308	2025-12-25 15:30:41.124709
silence	Silence is complete quiet.	jimjitlik	тишина	8af6d51e-489b-4d84-9e24-722e3f80ca0e	8e8664a8-6f3c-44ce-adfe-63d8d6cb9fd3	https://www.essentialenglish.review/apps-data/4000-essential-english-words-2/data/unit-19/wordlist/25572.jpg	61a895e4-dde5-487d-9783-fb5a88d21ded	2025-12-25 15:30:41.124308	2025-12-25 15:30:41.124709
stream	A stream is a small river.	daryo	ручей	8af6d51e-489b-4d84-9e24-722e3f80ca0e	8e8664a8-6f3c-44ce-adfe-63d8d6cb9fd3	https://www.essentialenglish.review/apps-data/4000-essential-english-words-2/data/unit-19/wordlist/25573.jpg	d0a55dd5-65a5-49b1-b18d-359b0176d463	2025-12-25 15:30:41.124308	2025-12-25 15:30:41.124709
tone	Tone is the sound of someone’s voice. It shows how they feel.	ohang	тон	8af6d51e-489b-4d84-9e24-722e3f80ca0e	8e8664a8-6f3c-44ce-adfe-63d8d6cb9fd3	https://www.essentialenglish.review/apps-data/4000-essential-english-words-2/data/unit-19/wordlist/25574.jpg	53a1fa87-e7a0-4bb0-b96b-6a812a1b0b4a	2025-12-25 15:30:41.124308	2025-12-25 15:30:41.124709
accomplish	To accomplish something means to finish it.	bajarish	достигать	58d1b26c-e038-4ccf-aed3-140d15f51293	8e8664a8-6f3c-44ce-adfe-63d8d6cb9fd3	https://www.essentialenglish.review/apps-data/4000-essential-english-words-2/data/unit-20/wordlist/25582.jpg	b5beb93a-4dcb-4c74-a9a8-f9d1ff51430a	2025-12-25 15:30:41.124308	2025-12-25 15:30:41.124709
approve	To approve of something means you like it or are happy about it.	ma'qullamoq	одобрять	58d1b26c-e038-4ccf-aed3-140d15f51293	8e8664a8-6f3c-44ce-adfe-63d8d6cb9fd3	https://www.essentialenglish.review/apps-data/4000-essential-english-words-2/data/unit-20/wordlist/25583.jpg	acec5f2c-0343-470e-9667-301ed338a228	2025-12-25 15:30:41.124308	2025-12-25 15:30:41.124709
approximate	Approximate means to be close to an exact amount, number or time.	taxminan	приблизительный	58d1b26c-e038-4ccf-aed3-140d15f51293	8e8664a8-6f3c-44ce-adfe-63d8d6cb9fd3	https://www.essentialenglish.review/apps-data/4000-essential-english-words-2/data/unit-20/wordlist/25584.jpg	8d92d22c-6c95-46d4-9b90-e84207251981	2025-12-25 15:30:41.124308	2025-12-25 15:30:41.124709
barrier	A barrier is something that is in your way.	to'siq	барьер	58d1b26c-e038-4ccf-aed3-140d15f51293	8e8664a8-6f3c-44ce-adfe-63d8d6cb9fd3	https://www.essentialenglish.review/apps-data/4000-essential-english-words-2/data/unit-20/wordlist/25585.jpg	d3189106-0356-4a74-8c7c-24cd67e28203	2025-12-25 15:30:41.124308	2025-12-25 15:30:41.124709
detect	To detect something means to notice or find something.	aniqlamoq	обнаруживать	58d1b26c-e038-4ccf-aed3-140d15f51293	8e8664a8-6f3c-44ce-adfe-63d8d6cb9fd3	https://www.essentialenglish.review/apps-data/4000-essential-english-words-2/data/unit-20/wordlist/25586.jpg	362b66d8-9e1c-445f-a82e-1b35353c9cfb	2025-12-25 15:30:41.124308	2025-12-25 15:30:41.124709
duty	A duty is something that a person has to do.	vazifa	обязанность	58d1b26c-e038-4ccf-aed3-140d15f51293	8e8664a8-6f3c-44ce-adfe-63d8d6cb9fd3	https://www.essentialenglish.review/apps-data/4000-essential-english-words-2/data/unit-20/wordlist/25587.jpg	08c37174-bc10-4679-b4eb-530493184213	2025-12-25 15:30:41.124308	2025-12-25 15:30:41.124709
elementary	When something is elementary, it is the first or most simple thing.	boshlang'ich	элементарный	58d1b26c-e038-4ccf-aed3-140d15f51293	8e8664a8-6f3c-44ce-adfe-63d8d6cb9fd3	https://www.essentialenglish.review/apps-data/4000-essential-english-words-2/data/unit-20/wordlist/25588.jpg	0af500e3-1909-4b4d-b4ec-c2e66a37f3d6	2025-12-25 15:30:41.124308	2025-12-25 15:30:41.124709
failure	A failure happens when you do not do something right.	muvaffaqiyatsizlik	неудача	58d1b26c-e038-4ccf-aed3-140d15f51293	8e8664a8-6f3c-44ce-adfe-63d8d6cb9fd3	https://www.essentialenglish.review/apps-data/4000-essential-english-words-2/data/unit-20/wordlist/25589.jpg	4c64ff92-6371-4712-8003-ff19721631e0	2025-12-25 15:30:41.124308	2025-12-25 15:30:41.124709
gradual	When something is gradual, it happens slowly.	asta-sekin	постепенный	58d1b26c-e038-4ccf-aed3-140d15f51293	8e8664a8-6f3c-44ce-adfe-63d8d6cb9fd3	https://www.essentialenglish.review/apps-data/4000-essential-english-words-2/data/unit-20/wordlist/25590.jpg	0211b647-21bb-4b90-af23-cf11984f4b34	2025-12-25 15:30:41.124308	2025-12-25 15:30:41.124709
immigrant	An immigrant is a person who moves to a different country.	immigrant	иммигрант	58d1b26c-e038-4ccf-aed3-140d15f51293	8e8664a8-6f3c-44ce-adfe-63d8d6cb9fd3	https://www.essentialenglish.review/apps-data/4000-essential-english-words-2/data/unit-20/wordlist/25591.jpg	65660ff9-9b7e-4de2-b0bd-8e086a69d081	2025-12-25 15:30:41.124308	2025-12-25 15:30:41.124709
insert	To insert something means to put it in something else.	kiritmoq	вставлять	87d6be93-46b4-4a4c-8aac-747ca064a53d	8e8664a8-6f3c-44ce-adfe-63d8d6cb9fd3	https://www.essentialenglish.review/apps-data/4000-essential-english-words-2/data/unit-20/wordlist/25592.jpg	b72483c6-fc4f-464d-a7a5-d0fea9ab72b4	2025-12-25 15:30:41.124308	2025-12-25 15:30:41.124709
instant	An instant is a very short amount of time.	lahza	мгновение	87d6be93-46b4-4a4c-8aac-747ca064a53d	8e8664a8-6f3c-44ce-adfe-63d8d6cb9fd3	https://www.essentialenglish.review/apps-data/4000-essential-english-words-2/data/unit-20/wordlist/25593.jpg	93aa61c6-74ed-435b-9f30-c55ff173e1ce	2025-12-25 15:30:41.124308	2025-12-25 15:30:41.124709
poverty	Poverty is the state of being poor.	kambag'allik	бедность	87d6be93-46b4-4a4c-8aac-747ca064a53d	8e8664a8-6f3c-44ce-adfe-63d8d6cb9fd3	https://www.essentialenglish.review/apps-data/4000-essential-english-words-2/data/unit-20/wordlist/25594.jpg	7d695971-e8b8-4afc-b90b-ad7ae4920321	2025-12-25 15:30:41.124308	2025-12-25 15:30:41.124709
pretend	To pretend means to make believe something is real.	go'yo qilmoq	притворяться	87d6be93-46b4-4a4c-8aac-747ca064a53d	8e8664a8-6f3c-44ce-adfe-63d8d6cb9fd3	https://www.essentialenglish.review/apps-data/4000-essential-english-words-2/data/unit-20/wordlist/25595.jpg	eac2bed9-1040-4818-a2e4-dcf5008d5588	2025-12-25 15:30:41.124308	2025-12-25 15:30:41.124709
rank	A person’s rank is their place in an order of people.	daraja	ранг	87d6be93-46b4-4a4c-8aac-747ca064a53d	8e8664a8-6f3c-44ce-adfe-63d8d6cb9fd3	https://www.essentialenglish.review/apps-data/4000-essential-english-words-2/data/unit-20/wordlist/25596.jpg	f5e8f599-2aa9-4759-996c-f6b058ee46d1	2025-12-25 15:30:41.124308	2025-12-25 15:30:41.124709
recognition	Recognition is getting praise from other people.	tan olish	признание	87d6be93-46b4-4a4c-8aac-747ca064a53d	8e8664a8-6f3c-44ce-adfe-63d8d6cb9fd3	https://www.essentialenglish.review/apps-data/4000-essential-english-words-2/data/unit-20/wordlist/25597.jpg	df77139b-63c8-4ba7-9987-88c31e1c5c2a	2025-12-25 15:30:41.124308	2025-12-25 15:30:41.124709
refrigerate	To refrigerate something means to make it cold.	sovutmoq	охлаждать	87d6be93-46b4-4a4c-8aac-747ca064a53d	8e8664a8-6f3c-44ce-adfe-63d8d6cb9fd3	https://www.essentialenglish.review/apps-data/4000-essential-english-words-2/data/unit-20/wordlist/25598.jpg	525b0cd6-a1e2-43a4-8f80-dacdfe71035c	2025-12-25 15:30:41.124308	2025-12-25 15:30:41.124709
rent	Rent is the money people pay to someone to live in a certain place.	ijara	аренда	87d6be93-46b4-4a4c-8aac-747ca064a53d	8e8664a8-6f3c-44ce-adfe-63d8d6cb9fd3	https://www.essentialenglish.review/apps-data/4000-essential-english-words-2/data/unit-20/wordlist/25599.jpg	c077390b-810c-4fec-90a3-adf54f6f046c	2025-12-25 15:30:41.124308	2025-12-25 15:30:41.124709
retire	To retire is to leave a job, usually because of old age.	nafaqaga chiqmoq	уходить на пенсию	87d6be93-46b4-4a4c-8aac-747ca064a53d	8e8664a8-6f3c-44ce-adfe-63d8d6cb9fd3	https://www.essentialenglish.review/apps-data/4000-essential-english-words-2/data/unit-20/wordlist/25600.jpg	ddfb9c7a-d47a-4372-a046-b7acdf315739	2025-12-25 15:30:41.124308	2025-12-25 15:30:41.124709
statistic	A statistic is a number that tells a fact about something.	statistika	статистика	87d6be93-46b4-4a4c-8aac-747ca064a53d	8e8664a8-6f3c-44ce-adfe-63d8d6cb9fd3	https://www.essentialenglish.review/apps-data/4000-essential-english-words-2/data/unit-20/wordlist/25601.jpg	37b3c887-1f92-4078-9018-41581126496b	2025-12-25 15:30:41.124308	2025-12-25 15:30:41.124709
astronaut	An astronaut is a person that goes into outer space.	astronavt	космонавт	8cf5617e-bd9c-4221-b528-f64504c0bace	8e8664a8-6f3c-44ce-adfe-63d8d6cb9fd3	https://www.essentialenglish.review/apps-data/4000-essential-english-words-2/data/unit-21/wordlist/25609.jpg	ef2ccb67-ef1b-4f80-9550-06af21e6d6b3	2025-12-25 15:30:41.124308	2025-12-25 15:30:41.124709
awake	When you are awake, you are not asleep.	uyg'oq	бодрствующий	8cf5617e-bd9c-4221-b528-f64504c0bace	8e8664a8-6f3c-44ce-adfe-63d8d6cb9fd3	https://www.essentialenglish.review/apps-data/4000-essential-english-words-2/data/unit-21/wordlist/25610.jpg	560db9df-2e88-45f5-8e6a-9ebe681d06dd	2025-12-25 15:30:41.124308	2025-12-25 15:30:41.124709
courage	When you have courage, you are not afraid.	jasorat	мужество	8cf5617e-bd9c-4221-b528-f64504c0bace	8e8664a8-6f3c-44ce-adfe-63d8d6cb9fd3	https://www.essentialenglish.review/apps-data/4000-essential-english-words-2/data/unit-21/wordlist/25611.jpg	4f5d8234-041b-4da9-80ee-751cede2778a	2025-12-25 15:30:41.124308	2025-12-25 15:30:41.124709
float	To float is to move on top of water without sinking.	suzmoq	плавать	8cf5617e-bd9c-4221-b528-f64504c0bace	8e8664a8-6f3c-44ce-adfe-63d8d6cb9fd3	https://www.essentialenglish.review/apps-data/4000-essential-english-words-2/data/unit-21/wordlist/25612.jpg	59494272-52bf-42b6-adb4-957f4d7c20d4	2025-12-25 15:30:41.124308	2025-12-25 15:30:41.124709
grant	To grant something is to allow someone to have it.	bermoq	предоставлять	8cf5617e-bd9c-4221-b528-f64504c0bace	8e8664a8-6f3c-44ce-adfe-63d8d6cb9fd3	https://www.essentialenglish.review/apps-data/4000-essential-english-words-2/data/unit-21/wordlist/25613.jpg	3d7d0964-de5e-45a1-9dec-4d0b5ab1d3e5	2025-12-25 15:30:41.124308	2025-12-25 15:30:41.124709
gravity	Gravity is the force that makes things fall to Earth.	gravitatsiya	гравитация	8cf5617e-bd9c-4221-b528-f64504c0bace	8e8664a8-6f3c-44ce-adfe-63d8d6cb9fd3	https://www.essentialenglish.review/apps-data/4000-essential-english-words-2/data/unit-21/wordlist/25614.jpg	9af241ed-0ff1-4d39-9a7a-50d615c41771	2025-12-25 15:30:41.124308	2025-12-25 15:30:41.124709
jewel	A jewel is a beautiful stone that is worth a lot of money.	zargarlik buyumi	драгоценность	8cf5617e-bd9c-4221-b528-f64504c0bace	8e8664a8-6f3c-44ce-adfe-63d8d6cb9fd3	https://www.essentialenglish.review/apps-data/4000-essential-english-words-2/data/unit-21/wordlist/25615.jpg	ccf6b6a9-4df9-4eaa-878f-a0da706ce0ce	2025-12-25 15:30:41.124308	2025-12-25 15:30:41.124709
miner	A miner is a person who works in a mine.	konchi	шахтёр	8cf5617e-bd9c-4221-b528-f64504c0bace	8e8664a8-6f3c-44ce-adfe-63d8d6cb9fd3	https://www.essentialenglish.review/apps-data/4000-essential-english-words-2/data/unit-21/wordlist/25616.jpg	8538424e-528b-4cc4-a406-79987187cc1c	2025-12-25 15:30:41.124308	2025-12-25 15:30:41.124709
mineral	A mineral is a type of substance found in the Earth.	mineral	минерал	8cf5617e-bd9c-4221-b528-f64504c0bace	8e8664a8-6f3c-44ce-adfe-63d8d6cb9fd3	https://www.essentialenglish.review/apps-data/4000-essential-english-words-2/data/unit-21/wordlist/25617.jpg	29d222d5-6899-4ab2-a674-4dd0e625746a	2025-12-25 15:30:41.124308	2025-12-25 15:30:41.124709
participate	To participate is to take part in something.	qatnashmoq	участвовать	8cf5617e-bd9c-4221-b528-f64504c0bace	8e8664a8-6f3c-44ce-adfe-63d8d6cb9fd3	https://www.essentialenglish.review/apps-data/4000-essential-english-words-2/data/unit-21/wordlist/25618.jpg	62899daa-d54a-404f-a6b2-1e03df5d0112	2025-12-25 15:30:41.124308	2025-12-25 15:30:41.124709
permission	Permission means the act of allowing the doing of something.	ruxsat	разрешение	cb6fc17d-3e93-4c5b-8aa8-4e347ce8c643	8e8664a8-6f3c-44ce-adfe-63d8d6cb9fd3	https://www.essentialenglish.review/apps-data/4000-essential-english-words-2/data/unit-21/wordlist/25619.jpg	dec380c8-34bd-429a-b32c-c2b2d1c437c4	2025-12-25 15:30:41.124308	2025-12-25 15:30:41.124709
pour	To pour a liquid means to make it come out of a container.	quymoq	наливать	cb6fc17d-3e93-4c5b-8aa8-4e347ce8c643	8e8664a8-6f3c-44ce-adfe-63d8d6cb9fd3	https://www.essentialenglish.review/apps-data/4000-essential-english-words-2/data/unit-21/wordlist/25620.jpg	084a8198-465d-417a-8ae4-67e4c4421948	2025-12-25 15:30:41.124308	2025-12-25 15:30:41.124709
presence	Someone or something’s presence is the fact they are there.	mavjudlik	присутствие	cb6fc17d-3e93-4c5b-8aa8-4e347ce8c643	8e8664a8-6f3c-44ce-adfe-63d8d6cb9fd3	https://www.essentialenglish.review/apps-data/4000-essential-english-words-2/data/unit-21/wordlist/25621.jpg	5c6eafcc-3ddf-4a39-ac0c-6f3cd239d977	2025-12-25 15:30:41.124308	2025-12-25 15:30:41.124709
raw	If a material is raw, it is natural and has not been processed.	xom	сырой	cb6fc17d-3e93-4c5b-8aa8-4e347ce8c643	8e8664a8-6f3c-44ce-adfe-63d8d6cb9fd3	https://www.essentialenglish.review/apps-data/4000-essential-english-words-2/data/unit-21/wordlist/25622.jpg	12fbae8f-9a19-42ac-b145-d4b9cd503299	2025-12-25 15:30:41.124308	2025-12-25 15:30:41.124709
satellite	A satellite is something that is sent into space to get information.	sun'iy yo'ldosh	спутник	cb6fc17d-3e93-4c5b-8aa8-4e347ce8c643	8e8664a8-6f3c-44ce-adfe-63d8d6cb9fd3	https://www.essentialenglish.review/apps-data/4000-essential-english-words-2/data/unit-21/wordlist/25623.jpg	1cb77194-5866-460c-b3cb-d890989302c3	2025-12-25 15:30:41.124308	2025-12-25 15:30:41.124709
scale	The scale of something is its size, especially when it is very large.	miqyos	масштаб	cb6fc17d-3e93-4c5b-8aa8-4e347ce8c643	8e8664a8-6f3c-44ce-adfe-63d8d6cb9fd3	https://www.essentialenglish.review/apps-data/4000-essential-english-words-2/data/unit-21/wordlist/25624.jpg	5806f29a-fae4-4964-aafc-78354fd8bf12	2025-12-25 15:30:41.124308	2025-12-25 15:30:41.124709
skip	To skip something is to not do it.	o'tkazib yubormoq	пропускать	cb6fc17d-3e93-4c5b-8aa8-4e347ce8c643	8e8664a8-6f3c-44ce-adfe-63d8d6cb9fd3	https://www.essentialenglish.review/apps-data/4000-essential-english-words-2/data/unit-21/wordlist/25625.jpg	9e9301e5-6dc1-4d26-b194-13e0d61528b5	2025-12-25 15:30:41.124308	2025-12-25 15:30:41.124709
stretch	To stretch is to make your arms or legs reach out.	cho'zmoq	растягивать	cb6fc17d-3e93-4c5b-8aa8-4e347ce8c643	8e8664a8-6f3c-44ce-adfe-63d8d6cb9fd3	https://www.essentialenglish.review/apps-data/4000-essential-english-words-2/data/unit-21/wordlist/25626.jpg	06978515-77e7-4bb5-a92b-cc7c911fb040	2025-12-25 15:30:41.124308	2025-12-25 15:30:41.124709
telescope	A telescope is a tool people use to look at the stars.	teleskop	телескоп	cb6fc17d-3e93-4c5b-8aa8-4e347ce8c643	8e8664a8-6f3c-44ce-adfe-63d8d6cb9fd3	https://www.essentialenglish.review/apps-data/4000-essential-english-words-2/data/unit-21/wordlist/25627.jpg	0cf87caf-32f2-4fb8-ada3-e19cdf13fa9e	2025-12-25 15:30:41.124308	2025-12-25 15:30:41.124709
underground	When something is underground, it is below the surface of the Earth.	yer ostida	под землёй	cb6fc17d-3e93-4c5b-8aa8-4e347ce8c643	8e8664a8-6f3c-44ce-adfe-63d8d6cb9fd3	https://www.essentialenglish.review/apps-data/4000-essential-english-words-2/data/unit-21/wordlist/25628.jpg	02d93e2e-8197-4e4a-bdaa-7e8eeeac5204	2025-12-25 15:30:41.124308	2025-12-25 15:30:41.124709
alarm	An alarm is something that warns people of danger.	signal	тревога	60b416d1-4306-4f8f-9736-52c14171863e	8e8664a8-6f3c-44ce-adfe-63d8d6cb9fd3	https://www.essentialenglish.review/apps-data/4000-essential-english-words-2/data/unit-22/wordlist/25636.jpg	dd4483e6-9c30-4f22-b724-c3e7fbc14553	2025-12-25 15:30:41.124308	2025-12-25 15:30:41.124709
apart	When people or things are apart, they are not close together.	alohida	отдельно	60b416d1-4306-4f8f-9736-52c14171863e	8e8664a8-6f3c-44ce-adfe-63d8d6cb9fd3	https://www.essentialenglish.review/apps-data/4000-essential-english-words-2/data/unit-22/wordlist/25637.jpg	2f762add-b09e-479f-981a-c1a7a8bae7ad	2025-12-25 15:30:41.124308	2025-12-25 15:30:41.124709
arrest	To arrest someone means to catch them for doing something bad.	qamoqqa olmoq	арестовывать	60b416d1-4306-4f8f-9736-52c14171863e	8e8664a8-6f3c-44ce-adfe-63d8d6cb9fd3	https://www.essentialenglish.review/apps-data/4000-essential-english-words-2/data/unit-22/wordlist/25638.jpg	89d16044-4c82-40c3-8d56-c70d0884df2a	2025-12-25 15:30:41.124308	2025-12-25 15:30:41.124709
award	An award is a prize someone gets for doing something well.	mukofot	награда	60b416d1-4306-4f8f-9736-52c14171863e	8e8664a8-6f3c-44ce-adfe-63d8d6cb9fd3	https://www.essentialenglish.review/apps-data/4000-essential-english-words-2/data/unit-22/wordlist/25639.jpg	4bb5a3f6-9865-441f-87c2-9191ac6e6355	2025-12-25 15:30:41.124308	2025-12-25 15:30:41.124709
breed	A breed is a group of animals within a species.	zot	порода	60b416d1-4306-4f8f-9736-52c14171863e	8e8664a8-6f3c-44ce-adfe-63d8d6cb9fd3	https://www.essentialenglish.review/apps-data/4000-essential-english-words-2/data/unit-22/wordlist/25640.jpg	d76a6598-aa62-49fa-8020-544147f0e015	2025-12-25 15:30:41.124308	2025-12-25 15:30:41.124709
bucket	A bucket is a round containerto put things in.	chelak	ведро	60b416d1-4306-4f8f-9736-52c14171863e	8e8664a8-6f3c-44ce-adfe-63d8d6cb9fd3	https://www.essentialenglish.review/apps-data/4000-essential-english-words-2/data/unit-22/wordlist/25641.jpg	af8abbeb-027d-45e1-a4e2-874767512087	2025-12-25 15:30:41.124308	2025-12-25 15:30:41.124709
contest	A contest is a game or a race.	tanlov	конкурс	60b416d1-4306-4f8f-9736-52c14171863e	8e8664a8-6f3c-44ce-adfe-63d8d6cb9fd3	https://www.essentialenglish.review/apps-data/4000-essential-english-words-2/data/unit-22/wordlist/25642.jpg	cfb72f0e-afa9-4ffd-ba51-bbba68bc994e	2025-12-25 15:30:41.124308	2025-12-25 15:30:41.124709
convict	To convict someone means to prove that they did a bad thing.	ayblamoq	осуждать	60b416d1-4306-4f8f-9736-52c14171863e	8e8664a8-6f3c-44ce-adfe-63d8d6cb9fd3	https://www.essentialenglish.review/apps-data/4000-essential-english-words-2/data/unit-22/wordlist/25643.jpg	4b2d7131-db94-4585-9d37-16c09424e31f	2025-12-25 15:30:41.124308	2025-12-25 15:30:41.124709
garage	A garage is the part of a house where people put their cars.	garaj	гараж	60b416d1-4306-4f8f-9736-52c14171863e	8e8664a8-6f3c-44ce-adfe-63d8d6cb9fd3	https://www.essentialenglish.review/apps-data/4000-essential-english-words-2/data/unit-22/wordlist/25644.jpg	9ed986b4-52be-47a8-aef2-cad7a37693ad	2025-12-25 15:30:41.124308	2025-12-25 15:30:41.124709
journalist	A journalist is a person who writes news stories.	jurnalist	журналист	60b416d1-4306-4f8f-9736-52c14171863e	8e8664a8-6f3c-44ce-adfe-63d8d6cb9fd3	https://www.essentialenglish.review/apps-data/4000-essential-english-words-2/data/unit-22/wordlist/25645.jpg	965a85fb-6327-47bd-aac7-26fc134429f0	2025-12-25 15:30:41.124308	2025-12-25 15:30:41.124709
pup	A pup is a young dog.	kuchukcha	щенок	50a7fc88-9fdc-45cb-8765-fb700d5194cb	8e8664a8-6f3c-44ce-adfe-63d8d6cb9fd3	https://www.essentialenglish.review/apps-data/4000-essential-english-words-2/data/unit-22/wordlist/25646.jpg	b18b5ced-7d7f-49f1-8bd0-8011d3b9e9a4	2025-12-25 15:30:41.124308	2025-12-25 15:30:41.124709
qualify	To qualify is to get, or to be declared, adequate or good enough.	malakaga ega bo'lmoq	квалифицировать	50a7fc88-9fdc-45cb-8765-fb700d5194cb	8e8664a8-6f3c-44ce-adfe-63d8d6cb9fd3	https://www.essentialenglish.review/apps-data/4000-essential-english-words-2/data/unit-22/wordlist/25647.jpg	0d125301-5d4c-44f9-89b7-3664c76ece84	2025-12-25 15:30:41.124308	2025-12-25 15:30:41.124709
repair	To repair something is to fix it.	ta'mirlash	ремонтировать	50a7fc88-9fdc-45cb-8765-fb700d5194cb	8e8664a8-6f3c-44ce-adfe-63d8d6cb9fd3	https://www.essentialenglish.review/apps-data/4000-essential-english-words-2/data/unit-22/wordlist/25648.jpg	cf0978ec-5ac6-4223-a33d-a4647646d6c2	2025-12-25 15:30:41.124308	2025-12-25 15:30:41.124709
resume	To resume something means to start it again after taking a break.	qayta boshlash	возобновлять	50a7fc88-9fdc-45cb-8765-fb700d5194cb	8e8664a8-6f3c-44ce-adfe-63d8d6cb9fd3	https://www.essentialenglish.review/apps-data/4000-essential-english-words-2/data/unit-22/wordlist/25649.jpg	3d356d6f-adff-4cd1-8041-880d5340a732	2025-12-25 15:30:41.124308	2025-12-25 15:30:41.124709
rob	To rob a person or place is to take their property by using force.	o'g'irlash	грабить	50a7fc88-9fdc-45cb-8765-fb700d5194cb	8e8664a8-6f3c-44ce-adfe-63d8d6cb9fd3	https://www.essentialenglish.review/apps-data/4000-essential-english-words-2/data/unit-22/wordlist/25650.jpg	124ff197-e6f2-49ce-af9f-40b8e41654ac	2025-12-25 15:30:41.124308	2025-12-25 15:30:41.124709
slip	To slip means to slide and fall down.	sirpanish	поскальзываться	50a7fc88-9fdc-45cb-8765-fb700d5194cb	8e8664a8-6f3c-44ce-adfe-63d8d6cb9fd3	https://www.essentialenglish.review/apps-data/4000-essential-english-words-2/data/unit-22/wordlist/25651.jpg	692af215-d3d6-4dc0-a4b3-21a12038857a	2025-12-25 15:30:41.124308	2025-12-25 15:30:41.124709
somewhat	Somewhat means to some degree, but not to a large degree.	bir qadar	несколько	50a7fc88-9fdc-45cb-8765-fb700d5194cb	8e8664a8-6f3c-44ce-adfe-63d8d6cb9fd3	https://www.essentialenglish.review/apps-data/4000-essential-english-words-2/data/unit-22/wordlist/25652.jpg	b63c9608-b1cf-4091-8643-a54082bd9c6b	2025-12-25 15:30:41.124308	2025-12-25 15:30:41.124709
stable	When something is stable, it will not fall over.	barqaror	стабильный	50a7fc88-9fdc-45cb-8765-fb700d5194cb	8e8664a8-6f3c-44ce-adfe-63d8d6cb9fd3	https://www.essentialenglish.review/apps-data/4000-essential-english-words-2/data/unit-22/wordlist/25653.jpg	17f8971a-e04a-4b0e-a39b-943e39656b69	2025-12-25 15:30:41.124308	2025-12-25 15:30:41.124709
tissue	A tissue is a soft piece of paper people use to wipe their noses.	qog'oz doka	салфетка	50a7fc88-9fdc-45cb-8765-fb700d5194cb	8e8664a8-6f3c-44ce-adfe-63d8d6cb9fd3	https://www.essentialenglish.review/apps-data/4000-essential-english-words-2/data/unit-22/wordlist/25654.jpg	e31951e9-f5f1-4049-b144-9ee9b3808170	2025-12-25 15:30:41.124308	2025-12-25 15:30:41.124709
yard	A yard is the ground just outside of a person’s house.	hovli	двор	50a7fc88-9fdc-45cb-8765-fb700d5194cb	8e8664a8-6f3c-44ce-adfe-63d8d6cb9fd3	https://www.essentialenglish.review/apps-data/4000-essential-english-words-2/data/unit-22/wordlist/25655.jpg	cabd7bb4-8b0d-48b3-989f-69479959e21e	2025-12-25 15:30:41.124308	2025-12-25 15:30:41.124709
alike	If two things or people are alike, they are similar in some way.	o'xshash	похожий	71f11429-62bd-486a-83e5-99656334b1d3	8e8664a8-6f3c-44ce-adfe-63d8d6cb9fd3	https://www.essentialenglish.review/apps-data/4000-essential-english-words-2/data/unit-23/wordlist/25662.jpg	ad55838b-0547-4754-968a-cadf6636044c	2025-12-25 15:30:41.124308	2025-12-25 15:30:41.124709
annoy	To annoy someone means to bother them.	zeriktirmoq	раздражать	71f11429-62bd-486a-83e5-99656334b1d3	8e8664a8-6f3c-44ce-adfe-63d8d6cb9fd3	https://www.essentialenglish.review/apps-data/4000-essential-english-words-2/data/unit-23/wordlist/25663.jpg	8c77d64f-b645-4768-bd73-14188ff9a5a8	2025-12-25 15:30:41.124308	2025-12-25 15:30:41.124709
architecture	Architecture is the style or way a building is made.	arxitektura	архитектура	71f11429-62bd-486a-83e5-99656334b1d3	8e8664a8-6f3c-44ce-adfe-63d8d6cb9fd3	https://www.essentialenglish.review/apps-data/4000-essential-english-words-2/data/unit-23/wordlist/25664.jpg	706e2d9d-c8cc-4521-878b-e6ed3c524211	2025-12-25 15:30:41.124308	2025-12-25 15:30:41.124709
artificial	If something is artificial, it is made to look like something natural.	sun'iy	искусственный	71f11429-62bd-486a-83e5-99656334b1d3	8e8664a8-6f3c-44ce-adfe-63d8d6cb9fd3	https://www.essentialenglish.review/apps-data/4000-essential-english-words-2/data/unit-23/wordlist/25665.jpg	967fbe86-cdbe-4390-b53a-a7919e42844c	2025-12-25 15:30:41.124308	2025-12-25 15:30:41.124709
chain	A chain is a series of connected loops often used to keep things in place.	zanjir	цепь	71f11429-62bd-486a-83e5-99656334b1d3	8e8664a8-6f3c-44ce-adfe-63d8d6cb9fd3	https://www.essentialenglish.review/apps-data/4000-essential-english-words-2/data/unit-23/wordlist/25666.jpg	5416b01e-93df-465a-990c-f190527f6773	2025-12-25 15:30:41.124308	2025-12-25 15:30:41.124709
distinct	If something is distinct, it is easily noticed or different from other things.	aniq	отчётливый	71f11429-62bd-486a-83e5-99656334b1d3	8e8664a8-6f3c-44ce-adfe-63d8d6cb9fd3	https://www.essentialenglish.review/apps-data/4000-essential-english-words-2/data/unit-23/wordlist/25667.jpg	01c1c9de-c332-4d68-816f-789bbf8938c1	2025-12-25 15:30:41.124308	2025-12-25 15:30:41.124709
distinguish	To distinguish is to recognize differences between things.	farqlash	различать	71f11429-62bd-486a-83e5-99656334b1d3	8e8664a8-6f3c-44ce-adfe-63d8d6cb9fd3	https://www.essentialenglish.review/apps-data/4000-essential-english-words-2/data/unit-23/wordlist/25668.jpg	09802bc7-0dec-43c5-999d-4226467f21ef	2025-12-25 15:30:41.124308	2025-12-25 15:30:41.124709
dust	Dust is very tiny pieces of dirt or other matter.	chang	пыль	71f11429-62bd-486a-83e5-99656334b1d3	8e8664a8-6f3c-44ce-adfe-63d8d6cb9fd3	https://www.essentialenglish.review/apps-data/4000-essential-english-words-2/data/unit-23/wordlist/25669.jpg	f5ef691f-270d-439c-9a84-6378007de8b3	2025-12-25 15:30:41.124308	2025-12-25 15:30:41.124709
excitement	Excitement means to feel a lot of happiness about something.	hayajon	волнение	71f11429-62bd-486a-83e5-99656334b1d3	8e8664a8-6f3c-44ce-adfe-63d8d6cb9fd3	https://www.essentialenglish.review/apps-data/4000-essential-english-words-2/data/unit-23/wordlist/25670.jpg	203d3963-5924-4de2-9c63-239a6be74596	2025-12-25 15:30:41.124308	2025-12-25 15:30:41.124709
heal	To heal means to make a part of the body healthy again after injury.	tuzalmoq	заживать	71f11429-62bd-486a-83e5-99656334b1d3	8e8664a8-6f3c-44ce-adfe-63d8d6cb9fd3	https://www.essentialenglish.review/apps-data/4000-essential-english-words-2/data/unit-23/wordlist/25671.jpg	a70b0ac8-7da4-4165-a4dd-2098c216e7e3	2025-12-25 15:30:41.124308	2025-12-25 15:30:41.124709
inherit	To inherit is to get something from someone who has died.	meros qilib olmoq	наследовать	148c4b23-de78-41f2-8ac5-a58f884819ad	8e8664a8-6f3c-44ce-adfe-63d8d6cb9fd3	https://www.essentialenglish.review/apps-data/4000-essential-english-words-2/data/unit-23/wordlist/25672.jpg	db976833-f9b0-4274-9313-d26c9ec9c26e	2025-12-25 15:30:41.124308	2025-12-25 15:30:41.124709
manner	A manner is the way someone does something.	usul	манера	148c4b23-de78-41f2-8ac5-a58f884819ad	8e8664a8-6f3c-44ce-adfe-63d8d6cb9fd3	https://www.essentialenglish.review/apps-data/4000-essential-english-words-2/data/unit-23/wordlist/25673.jpg	87d05f3a-8a09-4f59-8bff-3efc3670277f	2025-12-25 15:30:41.124308	2025-12-25 15:30:41.124709
mount	Something mounts when it becomes stronger over time.	ko'tarilmoq	возрастать	148c4b23-de78-41f2-8ac5-a58f884819ad	8e8664a8-6f3c-44ce-adfe-63d8d6cb9fd3	https://www.essentialenglish.review/apps-data/4000-essential-english-words-2/data/unit-23/wordlist/25674.jpg	46eca477-3d7d-4afa-aa85-e22eda33c8ab	2025-12-25 15:30:41.124308	2025-12-25 15:30:41.124709
roof	A roof is the outside top part of a building.	tom	крыша	148c4b23-de78-41f2-8ac5-a58f884819ad	8e8664a8-6f3c-44ce-adfe-63d8d6cb9fd3	https://www.essentialenglish.review/apps-data/4000-essential-english-words-2/data/unit-23/wordlist/25675.jpg	e080a920-a6f2-4875-868d-b1aabadd0d88	2025-12-25 15:30:41.124308	2025-12-25 15:30:41.124709
shortage	A shortage is a lack of something you need or want.	kamchilik	нехватка	148c4b23-de78-41f2-8ac5-a58f884819ad	8e8664a8-6f3c-44ce-adfe-63d8d6cb9fd3	https://www.essentialenglish.review/apps-data/4000-essential-english-words-2/data/unit-23/wordlist/25676.jpg	2969d1b9-8bf8-4aca-b2ea-4e0c7839f89d	2025-12-25 15:30:41.124308	2025-12-25 15:30:41.124709
solid	If something is solid, it is made of firm material.	qattiq	твёрдый	148c4b23-de78-41f2-8ac5-a58f884819ad	8e8664a8-6f3c-44ce-adfe-63d8d6cb9fd3	https://www.essentialenglish.review/apps-data/4000-essential-english-words-2/data/unit-23/wordlist/25677.jpg	4f2ade66-11cd-4fbc-a6dc-5af05341e3f4	2025-12-25 15:30:41.124308	2025-12-25 15:30:41.124709
stock	A stock is a stored amount of something.	zaxira	запас	148c4b23-de78-41f2-8ac5-a58f884819ad	8e8664a8-6f3c-44ce-adfe-63d8d6cb9fd3	https://www.essentialenglish.review/apps-data/4000-essential-english-words-2/data/unit-23/wordlist/25678.jpg	9b9cd2af-f210-4e06-b202-c68967f9f732	2025-12-25 15:30:41.124308	2025-12-25 15:30:41.124709
substance	A substance is any specific material or mixture of materials.	modda	вещество	148c4b23-de78-41f2-8ac5-a58f884819ad	8e8664a8-6f3c-44ce-adfe-63d8d6cb9fd3	https://www.essentialenglish.review/apps-data/4000-essential-english-words-2/data/unit-23/wordlist/25679.jpg	3b7febce-58b1-4169-b356-3dbb37d69991	2025-12-25 15:30:41.124308	2025-12-25 15:30:41.124709
tomb	A tomb is a grave where a dead person is buried.	maqbara	гробница	148c4b23-de78-41f2-8ac5-a58f884819ad	8e8664a8-6f3c-44ce-adfe-63d8d6cb9fd3	https://www.essentialenglish.review/apps-data/4000-essential-english-words-2/data/unit-23/wordlist/25680.jpg	5d468062-7545-4d61-8c37-d5793b140a50	2025-12-25 15:30:41.124308	2025-12-25 15:30:41.124709
wound	A wound is an injury to the body.	yara	рана	148c4b23-de78-41f2-8ac5-a58f884819ad	8e8664a8-6f3c-44ce-adfe-63d8d6cb9fd3	https://www.essentialenglish.review/apps-data/4000-essential-english-words-2/data/unit-23/wordlist/25681.jpg	7cd04d87-a7c9-4012-93ab-e563ee64a0bd	2025-12-25 15:30:41.124308	2025-12-25 15:30:41.124709
bath	A bath is water in a tub. People take a bath to get clean.	vanna	ванна	d06800fb-f2b0-4d0d-b2ae-5fcc6e002711	8e8664a8-6f3c-44ce-adfe-63d8d6cb9fd3	https://www.essentialenglish.review/apps-data/4000-essential-english-words-2/data/unit-24/wordlist/25688.jpg	56b83ebf-cc09-4fcb-a696-90344b940f48	2025-12-25 15:30:41.124308	2025-12-25 15:30:41.124709
bend	To bend is to move something so it is not straight.	egmoq	сгибать	d06800fb-f2b0-4d0d-b2ae-5fcc6e002711	8e8664a8-6f3c-44ce-adfe-63d8d6cb9fd3	https://www.essentialenglish.review/apps-data/4000-essential-english-words-2/data/unit-24/wordlist/25689.jpg	1d2def3b-edc2-4dc8-9e88-a55226167fbc	2025-12-25 15:30:41.124308	2025-12-25 15:30:41.124709
chew	To chew is to move your mouth to break up food.	chaynash	жевать	d06800fb-f2b0-4d0d-b2ae-5fcc6e002711	8e8664a8-6f3c-44ce-adfe-63d8d6cb9fd3	https://www.essentialenglish.review/apps-data/4000-essential-english-words-2/data/unit-24/wordlist/25690.jpg	354d5262-e0c3-47d0-8e43-5515bef7330a	2025-12-25 15:30:41.124308	2025-12-25 15:30:41.124709
disabled	When a person is disabled, they cannot do what a normal person can do.	nogiron	инвалид	d06800fb-f2b0-4d0d-b2ae-5fcc6e002711	8e8664a8-6f3c-44ce-adfe-63d8d6cb9fd3	https://www.essentialenglish.review/apps-data/4000-essential-english-words-2/data/unit-24/wordlist/25691.jpg	6c7d0e9a-54b7-412b-af5c-a1618f62b328	2025-12-25 15:30:41.124308	2025-12-25 15:30:41.124709
fantastic	If something is fantastic, it is really good.	ajoyib	фантастический	d06800fb-f2b0-4d0d-b2ae-5fcc6e002711	8e8664a8-6f3c-44ce-adfe-63d8d6cb9fd3	https://www.essentialenglish.review/apps-data/4000-essential-english-words-2/data/unit-24/wordlist/25692.jpg	7c253f6b-6718-4c84-b25b-ae0ff9b9ae6c	2025-12-25 15:30:41.124308	2025-12-25 15:30:41.124709
fiction	Fiction is a story that is not true.	fantastika	фантастика	d06800fb-f2b0-4d0d-b2ae-5fcc6e002711	8e8664a8-6f3c-44ce-adfe-63d8d6cb9fd3	https://www.essentialenglish.review/apps-data/4000-essential-english-words-2/data/unit-24/wordlist/25693.jpg	42fbbb04-a625-4b18-83d0-50f05d1595ef	2025-12-25 15:30:41.124308	2025-12-25 15:30:41.124709
flag	A flag is a piece of colored cloth that represents something.	bayroq	флаг	d06800fb-f2b0-4d0d-b2ae-5fcc6e002711	8e8664a8-6f3c-44ce-adfe-63d8d6cb9fd3	https://www.essentialenglish.review/apps-data/4000-essential-english-words-2/data/unit-24/wordlist/25694.jpg	a7202465-c4db-4728-9b51-ccdbf1b5dbe6	2025-12-25 15:30:41.124308	2025-12-25 15:30:41.124709
inspect	To inspect is to look at something carefully.	tekshirmoq	инспектировать	d06800fb-f2b0-4d0d-b2ae-5fcc6e002711	8e8664a8-6f3c-44ce-adfe-63d8d6cb9fd3	https://www.essentialenglish.review/apps-data/4000-essential-english-words-2/data/unit-24/wordlist/25695.jpg	9c5a8f22-1f07-47e4-bfaa-91a5de667919	2025-12-25 15:30:41.124308	2025-12-25 15:30:41.124709
journal	A journal is a type of magazine that deals with an academic subject.	jurnal	журнал	d06800fb-f2b0-4d0d-b2ae-5fcc6e002711	8e8664a8-6f3c-44ce-adfe-63d8d6cb9fd3	https://www.essentialenglish.review/apps-data/4000-essential-english-words-2/data/unit-24/wordlist/25696.jpg	148ae63a-6924-4c1b-831f-5912354b2aef	2025-12-25 15:30:41.124308	2025-12-25 15:30:41.124709
liquid	A liquid is a substance that is neither solid nor gas.	suyuqlik	жидкость	d06800fb-f2b0-4d0d-b2ae-5fcc6e002711	8e8664a8-6f3c-44ce-adfe-63d8d6cb9fd3	https://www.essentialenglish.review/apps-data/4000-essential-english-words-2/data/unit-24/wordlist/25697.jpg	e22655b9-7ba6-4625-9631-a546c089cf02	2025-12-25 15:30:41.124308	2025-12-25 15:30:41.124709
marvel	To marvel at something is to feel surprise and interest in it.	hayratlanmoq	восхищаться	006e086e-fb2b-4fe4-aa8f-5e3c9f3cb0b7	8e8664a8-6f3c-44ce-adfe-63d8d6cb9fd3	https://www.essentialenglish.review/apps-data/4000-essential-english-words-2/data/unit-24/wordlist/25698.jpg	bfae59f0-5ae2-48ef-9b26-77dcd2920cdd	2025-12-25 15:30:41.124308	2025-12-25 15:30:41.124709
nutrient	A nutrient is something that a living thing needs to keep it alive.	ozuqa	питательное вещество	006e086e-fb2b-4fe4-aa8f-5e3c9f3cb0b7	8e8664a8-6f3c-44ce-adfe-63d8d6cb9fd3	https://www.essentialenglish.review/apps-data/4000-essential-english-words-2/data/unit-24/wordlist/25699.jpg	00238a8a-0edd-4b60-9921-c03b9b61e228	2025-12-25 15:30:41.124308	2025-12-25 15:30:41.124709
overcome	To overcome a problem is to successfully fix it.	yengmoq	преодолевать	006e086e-fb2b-4fe4-aa8f-5e3c9f3cb0b7	8e8664a8-6f3c-44ce-adfe-63d8d6cb9fd3	https://www.essentialenglish.review/apps-data/4000-essential-english-words-2/data/unit-24/wordlist/25700.jpg	2f005fba-db15-4687-a66a-425f668ccc32	2025-12-25 15:30:41.124308	2025-12-25 15:30:41.124709
recall	To recall something is to remember it.	eslamoq	вспоминать	006e086e-fb2b-4fe4-aa8f-5e3c9f3cb0b7	8e8664a8-6f3c-44ce-adfe-63d8d6cb9fd3	https://www.essentialenglish.review/apps-data/4000-essential-english-words-2/data/unit-24/wordlist/25701.jpg	a3187950-7052-4b3a-8c0d-5d31a8fe3ec2	2025-12-25 15:30:41.124308	2025-12-25 15:30:41.124709
regret	To regret something is to wish that it didn’t happen.	afsuslanmoq	сожалеть	006e086e-fb2b-4fe4-aa8f-5e3c9f3cb0b7	8e8664a8-6f3c-44ce-adfe-63d8d6cb9fd3	https://www.essentialenglish.review/apps-data/4000-essential-english-words-2/data/unit-24/wordlist/25702.jpg	f506cd59-4bda-40c1-8993-9b98fd171150	2025-12-25 15:30:41.124308	2025-12-25 15:30:41.124709
soul	A soul is a person’s spirit.	ruh	душа	006e086e-fb2b-4fe4-aa8f-5e3c9f3cb0b7	8e8664a8-6f3c-44ce-adfe-63d8d6cb9fd3	https://www.essentialenglish.review/apps-data/4000-essential-english-words-2/data/unit-24/wordlist/25703.jpg	a8845b9e-0a1e-4845-b798-a41ea0228200	2025-12-25 15:30:41.124308	2025-12-25 15:30:41.124709
sufficient	When something is sufficient, you have enough of it.	yetarli	достаточный	006e086e-fb2b-4fe4-aa8f-5e3c9f3cb0b7	8e8664a8-6f3c-44ce-adfe-63d8d6cb9fd3	https://www.essentialenglish.review/apps-data/4000-essential-english-words-2/data/unit-24/wordlist/25704.jpg	0a427b32-5c57-4b4e-b195-258f26ec4241	2025-12-25 15:30:41.124308	2025-12-25 15:30:41.124709
surgery	Surgery is medical treatment when the doctor cuts open your body.	jarrohlik	хирургия	006e086e-fb2b-4fe4-aa8f-5e3c9f3cb0b7	8e8664a8-6f3c-44ce-adfe-63d8d6cb9fd3	https://www.essentialenglish.review/apps-data/4000-essential-english-words-2/data/unit-24/wordlist/25705.jpg	1a0a4709-1e84-4e49-9b16-3d2a889a845b	2025-12-25 15:30:41.124308	2025-12-25 15:30:41.124709
tough	If something is tough, it is difficult.	qiyin	трудный	006e086e-fb2b-4fe4-aa8f-5e3c9f3cb0b7	8e8664a8-6f3c-44ce-adfe-63d8d6cb9fd3	https://www.essentialenglish.review/apps-data/4000-essential-english-words-2/data/unit-24/wordlist/25706.jpg	80ec2086-404c-4ff7-874e-05e59350de67	2025-12-25 15:30:41.124308	2025-12-25 15:30:41.124709
tube	A tube is a pipe through which water or air passes.	quvur	труба	006e086e-fb2b-4fe4-aa8f-5e3c9f3cb0b7	8e8664a8-6f3c-44ce-adfe-63d8d6cb9fd3	https://www.essentialenglish.review/apps-data/4000-essential-english-words-2/data/unit-24/wordlist/25707.jpg	8e68d182-8c99-4869-bece-7c15ad379c8f	2025-12-25 15:30:41.124308	2025-12-25 15:30:41.124709
admit	To admit something means to say that it is true.	tan olmoq	признавать	afd31265-0abb-4709-b5e6-920963171b53	8e8664a8-6f3c-44ce-adfe-63d8d6cb9fd3	https://www.essentialenglish.review/apps-data/4000-essential-english-words-2/data/unit-25/wordlist/25715.jpg	3de3361d-1d73-4827-ac23-d9af553f48dd	2025-12-25 15:30:41.124308	2025-12-25 15:30:41.124709
bin	A bin is a container that holds things.	idish	контейнер	afd31265-0abb-4709-b5e6-920963171b53	8e8664a8-6f3c-44ce-adfe-63d8d6cb9fd3	https://www.essentialenglish.review/apps-data/4000-essential-english-words-2/data/unit-25/wordlist/25716.jpg	3832410f-3d99-4551-b30a-cd8918574b37	2025-12-25 15:30:41.124308	2025-12-25 15:30:41.124709
bowl	A bowl is a deep, round dish that holds food or liquid.	kosa	миска	afd31265-0abb-4709-b5e6-920963171b53	8e8664a8-6f3c-44ce-adfe-63d8d6cb9fd3	https://www.essentialenglish.review/apps-data/4000-essential-english-words-2/data/unit-25/wordlist/25717.jpg	3c27a0fd-4e68-4b05-bc3c-cc28103d85ba	2025-12-25 15:30:41.124308	2025-12-25 15:30:41.124709
cabin	A cabin is a small house made of wood.	kabina	кабина	afd31265-0abb-4709-b5e6-920963171b53	8e8664a8-6f3c-44ce-adfe-63d8d6cb9fd3	https://www.essentialenglish.review/apps-data/4000-essential-english-words-2/data/unit-25/wordlist/25718.jpg	254e009b-1594-4e4c-b0bb-72024838f587	2025-12-25 15:30:41.124308	2025-12-25 15:30:41.124709
cash	Cash is money in the form of paper or coins.	naqd pul	наличные	afd31265-0abb-4709-b5e6-920963171b53	8e8664a8-6f3c-44ce-adfe-63d8d6cb9fd3	https://www.essentialenglish.review/apps-data/4000-essential-english-words-2/data/unit-25/wordlist/25719.jpg	e53772ab-20da-4500-9abd-8c26e3a67b0f	2025-12-25 15:30:41.124308	2025-12-25 15:30:41.124709
criminal	A criminal is a person who does something against the law.	jinoyatchi	преступник	afd31265-0abb-4709-b5e6-920963171b53	8e8664a8-6f3c-44ce-adfe-63d8d6cb9fd3	https://www.essentialenglish.review/apps-data/4000-essential-english-words-2/data/unit-25/wordlist/25720.jpg	0dc92a8f-10fd-453f-b8fd-e8fb267ccdd8	2025-12-25 15:30:41.124308	2025-12-25 15:30:41.124709
dozen	A dozen is a group of twelve things.	o'n ikki dona	дюжина	afd31265-0abb-4709-b5e6-920963171b53	8e8664a8-6f3c-44ce-adfe-63d8d6cb9fd3	https://www.essentialenglish.review/apps-data/4000-essential-english-words-2/data/unit-25/wordlist/25721.jpg	8b32917f-3a5f-4a39-9c65-5731b7535bd3	2025-12-25 15:30:41.124308	2025-12-25 15:30:41.124709
elder	An elder is a person who is older than the people around them.	katta yoshli	старший	afd31265-0abb-4709-b5e6-920963171b53	8e8664a8-6f3c-44ce-adfe-63d8d6cb9fd3	https://www.essentialenglish.review/apps-data/4000-essential-english-words-2/data/unit-25/wordlist/25722.jpg	26c96003-e226-4b23-8f9a-5bd0c6bbed68	2025-12-25 15:30:41.124308	2025-12-25 15:30:41.124709
facial	If something is facial, it is related to a person’s face.	yuzga oid	лицевой	afd31265-0abb-4709-b5e6-920963171b53	8e8664a8-6f3c-44ce-adfe-63d8d6cb9fd3	https://www.essentialenglish.review/apps-data/4000-essential-english-words-2/data/unit-25/wordlist/25723.jpg	efe76070-f50e-4fc2-847f-43e4d7dc400e	2025-12-25 15:30:41.124308	2025-12-25 15:30:41.124709
fence	A fence is a structure around a house or field.	to'siq	забор	afd31265-0abb-4709-b5e6-920963171b53	8e8664a8-6f3c-44ce-adfe-63d8d6cb9fd3	https://www.essentialenglish.review/apps-data/4000-essential-english-words-2/data/unit-25/wordlist/25724.jpg	485adc39-9397-4ae2-ae9d-ae2c180a1bb7	2025-12-25 15:30:41.124308	2025-12-25 15:30:41.124709
inspire	To inspire means to make a person want to do something.	ilhomlantirmoq	вдохновлять	54ab2350-4694-4051-91bf-b0fb904bd9d2	8e8664a8-6f3c-44ce-adfe-63d8d6cb9fd3	https://www.essentialenglish.review/apps-data/4000-essential-english-words-2/data/unit-25/wordlist/25725.jpg	c4dffd24-cf1b-4f21-8062-5017132ae1a6	2025-12-25 15:30:41.124308	2025-12-25 15:30:41.124709
mere	When something is mere, it is small or not important.	faqat	всего лишь	54ab2350-4694-4051-91bf-b0fb904bd9d2	8e8664a8-6f3c-44ce-adfe-63d8d6cb9fd3	https://www.essentialenglish.review/apps-data/4000-essential-english-words-2/data/unit-25/wordlist/25726.jpg	a9342be1-9cb1-4a49-af1f-e6fdb77f6b6c	2025-12-25 15:30:41.124308	2025-12-25 15:30:41.124709
neat	If something is neat, it is very clean or organized well.	pokiza	аккуратный	54ab2350-4694-4051-91bf-b0fb904bd9d2	8e8664a8-6f3c-44ce-adfe-63d8d6cb9fd3	https://www.essentialenglish.review/apps-data/4000-essential-english-words-2/data/unit-25/wordlist/25727.jpg	497edf22-7767-49c1-891c-48f3a3617093	2025-12-25 15:30:41.124308	2025-12-25 15:30:41.124709
occasion	An occasion is a time when something important happens.	tadbir	событие	54ab2350-4694-4051-91bf-b0fb904bd9d2	8e8664a8-6f3c-44ce-adfe-63d8d6cb9fd3	https://www.essentialenglish.review/apps-data/4000-essential-english-words-2/data/unit-25/wordlist/25728.jpg	501e351b-b684-4edd-82c6-0b790ffce64e	2025-12-25 15:30:41.124308	2025-12-25 15:30:41.124709
penalty	A penalty is a punishment, given when someone breaks a rule or law.	jazo	штраф	54ab2350-4694-4051-91bf-b0fb904bd9d2	8e8664a8-6f3c-44ce-adfe-63d8d6cb9fd3	https://www.essentialenglish.review/apps-data/4000-essential-english-words-2/data/unit-25/wordlist/25729.jpg	8ba7ce01-fce2-4ee9-8130-6bdba97a1505	2025-12-25 15:30:41.124308	2025-12-25 15:30:41.124709
rude	When someone is rude, they are mean and not polite.	qo'pol	грубый	54ab2350-4694-4051-91bf-b0fb904bd9d2	8e8664a8-6f3c-44ce-adfe-63d8d6cb9fd3	https://www.essentialenglish.review/apps-data/4000-essential-english-words-2/data/unit-25/wordlist/25730.jpg	32c761e2-870f-47a7-82b8-190b784a6de1	2025-12-25 15:30:41.124308	2025-12-25 15:30:41.124709
settle	To settle a problem means to end it by finding a solution.	hal qilmoq	урегулировать	54ab2350-4694-4051-91bf-b0fb904bd9d2	8e8664a8-6f3c-44ce-adfe-63d8d6cb9fd3	https://www.essentialenglish.review/apps-data/4000-essential-english-words-2/data/unit-25/wordlist/25731.jpg	dfb07f43-aa56-4031-b8e2-feaa2b3965ad	2025-12-25 15:30:41.124308	2025-12-25 15:30:41.124709
vehicle	A vehicle is a thing that moves people or things to another place.	transport vositasi	транспортное средство	54ab2350-4694-4051-91bf-b0fb904bd9d2	8e8664a8-6f3c-44ce-adfe-63d8d6cb9fd3	https://www.essentialenglish.review/apps-data/4000-essential-english-words-2/data/unit-25/wordlist/25732.jpg	7916afd4-1d6a-42b8-b2e7-e5f2f4dff2a3	2025-12-25 15:30:41.124308	2025-12-25 15:30:41.124709
wallet	A wallet is a thing that holds money and fits in a pocket.	hamyon	кошелёк	54ab2350-4694-4051-91bf-b0fb904bd9d2	8e8664a8-6f3c-44ce-adfe-63d8d6cb9fd3	https://www.essentialenglish.review/apps-data/4000-essential-english-words-2/data/unit-25/wordlist/25733.jpg	65534779-5a52-4ccb-a5a7-f31aaf9b7ca6	2025-12-25 15:30:41.124308	2025-12-25 15:30:41.124709
yell	To yell is to say something very loudly.	baqirmoq	кричать	54ab2350-4694-4051-91bf-b0fb904bd9d2	8e8664a8-6f3c-44ce-adfe-63d8d6cb9fd3	https://www.essentialenglish.review/apps-data/4000-essential-english-words-2/data/unit-25/wordlist/25734.jpg	b19a5ab3-e5b0-4167-8951-4055c6f39e90	2025-12-25 15:30:41.124308	2025-12-25 15:30:41.124709
accuse	To accuse someone of something is to blame them for doing it.	ayblamoq	обвинять	c54e9e24-7de3-4081-9aaa-1d05a307aa1d	8e8664a8-6f3c-44ce-adfe-63d8d6cb9fd3	https://www.essentialenglish.review/apps-data/4000-essential-english-words-2/data/unit-26/wordlist/25742.jpg	40129679-08a5-45d5-bf75-81a6d1505f3e	2025-12-25 15:30:41.124308	2025-12-25 15:30:41.124709
adjust	To adjust something means to change it so it is better.	sozlamoq, moslamoq	настраивать	c54e9e24-7de3-4081-9aaa-1d05a307aa1d	8e8664a8-6f3c-44ce-adfe-63d8d6cb9fd3	https://www.essentialenglish.review/apps-data/4000-essential-english-words-2/data/unit-26/wordlist/25744.jpg	b215e36c-0316-4cee-a023-8fb53645a7b0	2025-12-25 15:30:41.124308	2025-12-25 15:30:41.124709
amuse	To amuse someone means to do something that is funny or entertaining.	kuldirmoq, ko‘ngil ochmoq	развлекать	c54e9e24-7de3-4081-9aaa-1d05a307aa1d	8e8664a8-6f3c-44ce-adfe-63d8d6cb9fd3	https://www.essentialenglish.review/apps-data/4000-essential-english-words-2/data/unit-26/wordlist/25745.jpg	4c1373ca-e7a8-4b69-a901-adeb83134516	2025-12-25 15:30:41.124308	2025-12-25 15:30:41.124709
coral	Coral is the hard, colorful material formed by the shells of animals.	marjon	коралл	c54e9e24-7de3-4081-9aaa-1d05a307aa1d	8e8664a8-6f3c-44ce-adfe-63d8d6cb9fd3	https://www.essentialenglish.review/apps-data/4000-essential-english-words-2/data/unit-26/wordlist/25746.jpg	4318dd56-a14c-4a77-90d4-8ad089258187	2025-12-25 15:30:41.124308	2025-12-25 15:30:41.124709
cotton	Cotton is a cloth made from the fibers of the cotton plant.	paxta	хлопок	c54e9e24-7de3-4081-9aaa-1d05a307aa1d	8e8664a8-6f3c-44ce-adfe-63d8d6cb9fd3	https://www.essentialenglish.review/apps-data/4000-essential-english-words-2/data/unit-26/wordlist/25747.jpg	40426da2-2cc2-4a64-8d5f-a5fd33549447	2025-12-25 15:30:41.124308	2025-12-25 15:30:41.124709
crash	To crash means to hit and break something.	urilmoq, to‘qnashmoq	врезаться	c54e9e24-7de3-4081-9aaa-1d05a307aa1d	8e8664a8-6f3c-44ce-adfe-63d8d6cb9fd3	https://www.essentialenglish.review/apps-data/4000-essential-english-words-2/data/unit-26/wordlist/25748.jpg	fe495dcb-8318-4b5a-8847-3c4e5feaaa26	2025-12-25 15:30:41.124308	2025-12-25 15:30:41.124709
deck	A deck is a wooden floor built outside of a house or the floor of a ship.	paluba, yog‘och pol	палуба	c54e9e24-7de3-4081-9aaa-1d05a307aa1d	8e8664a8-6f3c-44ce-adfe-63d8d6cb9fd3	https://www.essentialenglish.review/apps-data/4000-essential-english-words-2/data/unit-26/wordlist/25749.jpg	98b561e4-9cec-4ec7-8a30-9d232b5fe7a6	2025-12-25 15:30:41.124308	2025-12-25 15:30:41.124709
engage	To engage in something means to do it.	shug‘ullanmoq	заниматься	c54e9e24-7de3-4081-9aaa-1d05a307aa1d	8e8664a8-6f3c-44ce-adfe-63d8d6cb9fd3	https://www.essentialenglish.review/apps-data/4000-essential-english-words-2/data/unit-26/wordlist/25750.jpg	a2578d04-0893-4b6d-9d61-ae607b2103f3	2025-12-25 15:30:41.124308	2025-12-25 15:30:41.124709
firm	When something is firm, it is solid but not too hard.	qattiq, mustahkam	твёрдый	c54e9e24-7de3-4081-9aaa-1d05a307aa1d	8e8664a8-6f3c-44ce-adfe-63d8d6cb9fd3	https://www.essentialenglish.review/apps-data/4000-essential-english-words-2/data/unit-26/wordlist/25751.jpg	985f6b27-d488-466a-87cb-f5724d989e62	2025-12-25 15:30:41.124308	2025-12-25 15:30:41.124709
fuel	Fuel is something that creates heat or energy.	yoqilg‘i	топливо	c54e9e24-7de3-4081-9aaa-1d05a307aa1d	8e8664a8-6f3c-44ce-adfe-63d8d6cb9fd3	https://www.essentialenglish.review/apps-data/4000-essential-english-words-2/data/unit-26/wordlist/25752.jpg	8364d74e-2ca1-4459-975b-432def92f579	2025-12-25 15:30:41.124308	2025-12-25 15:30:41.124709
grand	When something is grand, it is big and liked by people.	ulkan, buyuk	величественный	3f910293-bf11-41de-bad3-91a65fa76aa9	8e8664a8-6f3c-44ce-adfe-63d8d6cb9fd3	https://www.essentialenglish.review/apps-data/4000-essential-english-words-2/data/unit-26/wordlist/25753.jpg	a639846e-3f8f-408e-830b-b7c7c67c0fa6	2025-12-25 15:30:41.124308	2025-12-25 15:30:41.124709
hurricane	A hurricane is a bad storm that happens over the ocean.	dovul	ураган	3f910293-bf11-41de-bad3-91a65fa76aa9	8e8664a8-6f3c-44ce-adfe-63d8d6cb9fd3	https://www.essentialenglish.review/apps-data/4000-essential-english-words-2/data/unit-26/wordlist/25754.jpg	37366472-cb00-42ff-ab1b-b9a97bc8d34e	2025-12-25 15:30:41.124308	2025-12-25 15:30:41.124709
loss	A loss means the act or an instance of losing something.	yo‘qotish	потеря	3f910293-bf11-41de-bad3-91a65fa76aa9	8e8664a8-6f3c-44ce-adfe-63d8d6cb9fd3	https://www.essentialenglish.review/apps-data/4000-essential-english-words-2/data/unit-26/wordlist/25755.jpg	38173bee-0d2c-4669-81a2-bbecb0d15beb	2025-12-25 15:30:41.124308	2025-12-25 15:30:41.124709
plain	If something is simple, it is plain and not decorated.	oddiy	простой	3f910293-bf11-41de-bad3-91a65fa76aa9	8e8664a8-6f3c-44ce-adfe-63d8d6cb9fd3	https://www.essentialenglish.review/apps-data/4000-essential-english-words-2/data/unit-26/wordlist/25756.jpg	4e306876-be63-42f0-a0a2-87634af3e977	2025-12-25 15:30:41.124308	2025-12-25 15:30:41.124709
reef	A reef is a group of rocks or coral that rise to or near the ocean.	rif	риф	3f910293-bf11-41de-bad3-91a65fa76aa9	8e8664a8-6f3c-44ce-adfe-63d8d6cb9fd3	https://www.essentialenglish.review/apps-data/4000-essential-english-words-2/data/unit-26/wordlist/25757.jpg	42775a5b-2924-47f2-bfad-be4db9a1a482	2025-12-25 15:30:41.124308	2025-12-25 15:30:41.124709
shut	To shut something means to close it tightly.	yopmoq	закрывать	3f910293-bf11-41de-bad3-91a65fa76aa9	8e8664a8-6f3c-44ce-adfe-63d8d6cb9fd3	https://www.essentialenglish.review/apps-data/4000-essential-english-words-2/data/unit-26/wordlist/25758.jpg	8c60098a-39a9-4a23-acf4-3774ff085c43	2025-12-25 15:30:41.124308	2025-12-25 15:30:41.124709
strict	When someone is strict, they make sure others follow rules.	qattiqqo‘l	строгий	3f910293-bf11-41de-bad3-91a65fa76aa9	8e8664a8-6f3c-44ce-adfe-63d8d6cb9fd3	https://www.essentialenglish.review/apps-data/4000-essential-english-words-2/data/unit-26/wordlist/25759.jpg	14a9c1e3-5518-42ca-ad9c-4fbeb0ad50db	2025-12-25 15:30:41.124308	2025-12-25 15:30:41.124709
surf	To surf means to use a special board to ride on waves in the ocean.	serfing qilmoq	заниматься сёрфингом	3f910293-bf11-41de-bad3-91a65fa76aa9	8e8664a8-6f3c-44ce-adfe-63d8d6cb9fd3	https://www.essentialenglish.review/apps-data/4000-essential-english-words-2/data/unit-26/wordlist/25760.jpg	f49fa6f4-1ae0-43fd-a01f-aba1ee7264f6	2025-12-25 15:30:41.124308	2025-12-25 15:30:41.124709
task	A task is a piece of work to be done that is usually difficult.	vazifa	задача	3f910293-bf11-41de-bad3-91a65fa76aa9	8e8664a8-6f3c-44ce-adfe-63d8d6cb9fd3	https://www.essentialenglish.review/apps-data/4000-essential-english-words-2/data/unit-26/wordlist/25761.jpg	5ce9f098-2e29-4d40-9c46-83387b093beb	2025-12-25 15:30:41.124308	2025-12-25 15:30:41.124709
zone	A zone is an area that has different qualities from the ones around it.	zona	зона	3f910293-bf11-41de-bad3-91a65fa76aa9	8e8664a8-6f3c-44ce-adfe-63d8d6cb9fd3	https://www.essentialenglish.review/apps-data/4000-essential-english-words-2/data/unit-26/wordlist/25762.jpg	57c938ed-9534-44e7-bfa7-249a33c81459	2025-12-25 15:30:41.124308	2025-12-25 15:30:41.124709
apologize	To apologize means to say you are sorry for something you did wrong.	uzr so‘ramoq	извиняться	f7045bcd-e982-4dea-ba58-a5d67ab9edf0	8e8664a8-6f3c-44ce-adfe-63d8d6cb9fd3	https://www.essentialenglish.review/apps-data/4000-essential-english-words-2/data/unit-27/wordlist/25801.jpg	a78759f9-6d6a-4295-8d6f-7998688e8404	2025-12-25 15:30:41.124308	2025-12-25 15:30:41.124709
bold	If someone is bold, they are not afraid to do risky things.	jasur	смелый	f7045bcd-e982-4dea-ba58-a5d67ab9edf0	8e8664a8-6f3c-44ce-adfe-63d8d6cb9fd3	https://www.essentialenglish.review/apps-data/4000-essential-english-words-2/data/unit-27/wordlist/25802.jpg	d62b9c72-d21f-4ac4-8bab-eaeb17af37f7	2025-12-25 15:30:41.124308	2025-12-25 15:30:41.124709
capture	To capture means to catch or take control of something.	qo‘lga olmoq	захватывать	f7045bcd-e982-4dea-ba58-a5d67ab9edf0	8e8664a8-6f3c-44ce-adfe-63d8d6cb9fd3	https://www.essentialenglish.review/apps-data/4000-essential-english-words-2/data/unit-27/wordlist/25803.jpg	5cb2f748-f92b-4623-85e7-3d58b596dd8f	2025-12-25 15:30:41.124308	2025-12-25 15:30:41.124709
cardinal	A cardinal is a leader in the Catholic Church.	kardinal	кардинал	f7045bcd-e982-4dea-ba58-a5d67ab9edf0	8e8664a8-6f3c-44ce-adfe-63d8d6cb9fd3	https://www.essentialenglish.review/apps-data/4000-essential-english-words-2/data/unit-27/wordlist/25804.jpg	7dc2948b-dd3b-4a52-a133-8e67cf3d90ce	2025-12-25 15:30:41.124308	2025-12-25 15:30:41.124709
duke	A duke is a man of high rank in the nobility.	gersog	герцог	f7045bcd-e982-4dea-ba58-a5d67ab9edf0	8e8664a8-6f3c-44ce-adfe-63d8d6cb9fd3	https://www.essentialenglish.review/apps-data/4000-essential-english-words-2/data/unit-27/wordlist/25805.jpg	39bf885a-ca91-4dc2-83dc-5c8b5e51a497	2025-12-25 15:30:41.124308	2025-12-25 15:30:41.124709
expose	To expose means to show something hidden.	oshkor qilmoq	разоблачать	f7045bcd-e982-4dea-ba58-a5d67ab9edf0	8e8664a8-6f3c-44ce-adfe-63d8d6cb9fd3	https://www.essentialenglish.review/apps-data/4000-essential-english-words-2/data/unit-27/wordlist/25806.jpg	1099f27e-8703-4363-8d45-a38ae7a12ee3	2025-12-25 15:30:41.124308	2025-12-25 15:30:41.124709
guilty	If someone is guilty, they have done something wrong.	aybdor	виновный	f7045bcd-e982-4dea-ba58-a5d67ab9edf0	8e8664a8-6f3c-44ce-adfe-63d8d6cb9fd3	https://www.essentialenglish.review/apps-data/4000-essential-english-words-2/data/unit-27/wordlist/25807.jpg	e114868a-04d6-48d9-a0fb-83c654a2b295	2025-12-25 15:30:41.124308	2025-12-25 15:30:41.124709
hire	To hire means to pay someone to work.	ishga olmoq	нанимать	f7045bcd-e982-4dea-ba58-a5d67ab9edf0	8e8664a8-6f3c-44ce-adfe-63d8d6cb9fd3	https://www.essentialenglish.review/apps-data/4000-essential-english-words-2/data/unit-27/wordlist/25808.jpg	744c6578-d88c-4317-993d-49540a0b476f	2025-12-25 15:30:41.124308	2025-12-25 15:30:41.124709
innocent	If someone is innocent, they did not do anything wrong.	aybsiz	невиновный	f7045bcd-e982-4dea-ba58-a5d67ab9edf0	8e8664a8-6f3c-44ce-adfe-63d8d6cb9fd3	https://www.essentialenglish.review/apps-data/4000-essential-english-words-2/data/unit-27/wordlist/25809.jpg	12d4697c-7a8d-4049-89fa-7a6bcb6469da	2025-12-25 15:30:41.124308	2025-12-25 15:30:41.124709
jail	A jail is a place where criminals are kept.	qamoqxona	тюрьма	f7045bcd-e982-4dea-ba58-a5d67ab9edf0	8e8664a8-6f3c-44ce-adfe-63d8d6cb9fd3	https://www.essentialenglish.review/apps-data/4000-essential-english-words-2/data/unit-27/wordlist/25810.jpg	89f07ac8-7b39-40c0-8c0a-f81b792ca143	2025-12-25 15:30:41.124308	2025-12-25 15:30:41.124709
minister	A minister is a government official or religious leader.	vazir	министр	85b98b67-88d5-43df-88a3-3491d95bbe11	8e8664a8-6f3c-44ce-adfe-63d8d6cb9fd3	https://www.essentialenglish.review/apps-data/4000-essential-english-words-2/data/unit-27/wordlist/25811.jpg	91026227-4b2c-477e-919b-d5d7f142b06f	2025-12-25 15:30:41.124308	2025-12-25 15:30:41.124709
ordinary	If something is ordinary, it is not special.	oddiy	обычный	85b98b67-88d5-43df-88a3-3491d95bbe11	8e8664a8-6f3c-44ce-adfe-63d8d6cb9fd3	https://www.essentialenglish.review/apps-data/4000-essential-english-words-2/data/unit-27/wordlist/25812.jpg	301c51fe-44ce-4ce1-8ca4-3373fa959673	2025-12-25 15:30:41.124308	2025-12-25 15:30:41.124709
permanent	If something is permanent, it lasts forever.	doimiy	постоянный	85b98b67-88d5-43df-88a3-3491d95bbe11	8e8664a8-6f3c-44ce-adfe-63d8d6cb9fd3	https://www.essentialenglish.review/apps-data/4000-essential-english-words-2/data/unit-27/wordlist/25813.jpg	d898ddeb-1190-48a8-a739-ae8653f3499d	2025-12-25 15:30:41.124308	2025-12-25 15:30:41.124709
preserve	To preserve means to keep something safe.	saqlab qolmoq	сохранять	85b98b67-88d5-43df-88a3-3491d95bbe11	8e8664a8-6f3c-44ce-adfe-63d8d6cb9fd3	https://www.essentialenglish.review/apps-data/4000-essential-english-words-2/data/unit-27/wordlist/25814.jpg	d2269d6b-6e48-47d5-8464-5d1be33b990d	2025-12-25 15:30:41.124308	2025-12-25 15:30:41.124709
pronounce	To pronounce means to say a word correctly.	talaffuz qilmoq	произносить	85b98b67-88d5-43df-88a3-3491d95bbe11	8e8664a8-6f3c-44ce-adfe-63d8d6cb9fd3	https://www.essentialenglish.review/apps-data/4000-essential-english-words-2/data/unit-27/wordlist/25815.jpg	c5d0fcb5-18cd-48bd-abe5-fff733245dde	2025-12-25 15:30:41.124308	2025-12-25 15:30:41.124709
resemble	To resemble means to look like someone or something.	o‘xshamoq	походить	85b98b67-88d5-43df-88a3-3491d95bbe11	8e8664a8-6f3c-44ce-adfe-63d8d6cb9fd3	https://www.essentialenglish.review/apps-data/4000-essential-english-words-2/data/unit-27/wordlist/25816.jpg	17508419-b79c-4c7a-a0aa-9b6b9b822187	2025-12-25 15:30:41.124308	2025-12-25 15:30:41.124709
symptom	A symptom is a sign of illness.	alomat	симптом	85b98b67-88d5-43df-88a3-3491d95bbe11	8e8664a8-6f3c-44ce-adfe-63d8d6cb9fd3	https://www.essentialenglish.review/apps-data/4000-essential-english-words-2/data/unit-27/wordlist/25817.jpg	bf692637-b46e-47de-af10-65fca5fffc0d	2025-12-25 15:30:41.124308	2025-12-25 15:30:41.124709
tobacco	Tobacco is used to make cigarettes.	tamaki	табак	85b98b67-88d5-43df-88a3-3491d95bbe11	8e8664a8-6f3c-44ce-adfe-63d8d6cb9fd3	https://www.essentialenglish.review/apps-data/4000-essential-english-words-2/data/unit-27/wordlist/25818.jpg	c160dc40-3318-4622-b61f-f1fab982ed67	2025-12-25 15:30:41.124308	2025-12-25 15:30:41.124709
twin	A twin is one of two children born at the same time.	egizak	близнец	85b98b67-88d5-43df-88a3-3491d95bbe11	8e8664a8-6f3c-44ce-adfe-63d8d6cb9fd3	https://www.essentialenglish.review/apps-data/4000-essential-english-words-2/data/unit-27/wordlist/25819.jpg	fa19024c-b3c7-45fa-b194-7f09adc8cea6	2025-12-25 15:30:41.124308	2025-12-25 15:30:41.124709
witch	A witch is a woman believed to have magic powers.	jodugar	ведьма	85b98b67-88d5-43df-88a3-3491d95bbe11	8e8664a8-6f3c-44ce-adfe-63d8d6cb9fd3	https://www.essentialenglish.review/apps-data/4000-essential-english-words-2/data/unit-27/wordlist/25820.jpg	80c42c94-41ba-4255-a215-86a099577c73	2025-12-25 15:30:41.124308	2025-12-25 15:30:41.124709
ancestor	An ancestor is a family member from the past.	ajdod	предок	faa2de33-8530-4328-8f46-2ec23fb6923f	8e8664a8-6f3c-44ce-adfe-63d8d6cb9fd3	https://www.essentialenglish.review/apps-data/4000-essential-english-words-2/data/unit-28/wordlist/25901.jpg	e29423d4-4ae6-43f3-8bd6-c7eb74fd85e5	2025-12-25 15:30:41.124308	2025-12-25 15:30:41.124709
angle	An angle is the space between two lines that meet.	burchak	угол	faa2de33-8530-4328-8f46-2ec23fb6923f	8e8664a8-6f3c-44ce-adfe-63d8d6cb9fd3	https://www.essentialenglish.review/apps-data/4000-essential-english-words-2/data/unit-28/wordlist/25902.jpg	c29cf2f9-6aa1-46c9-be20-1b1fbfe73fc2	2025-12-25 15:30:41.124308	2025-12-25 15:30:41.124709
boot	A boot is a type of shoe that covers the foot and ankle.	etik	сапог	faa2de33-8530-4328-8f46-2ec23fb6923f	8e8664a8-6f3c-44ce-adfe-63d8d6cb9fd3	https://www.essentialenglish.review/apps-data/4000-essential-english-words-2/data/unit-28/wordlist/25903.jpg	a381f3ae-6469-4254-8c5d-a1f8a42940d5	2025-12-25 15:30:41.124308	2025-12-25 15:30:41.124709
border	A border is the edge of a country or area.	chegara	граница	faa2de33-8530-4328-8f46-2ec23fb6923f	8e8664a8-6f3c-44ce-adfe-63d8d6cb9fd3	https://www.essentialenglish.review/apps-data/4000-essential-english-words-2/data/unit-28/wordlist/25904.jpg	950a21e9-5d42-4e84-969f-56fef3893b88	2025-12-25 15:30:41.124308	2025-12-25 15:30:41.124709
congratulate	To congratulate means to tell someone you are happy for them.	tabriklamoq	поздравлять	faa2de33-8530-4328-8f46-2ec23fb6923f	8e8664a8-6f3c-44ce-adfe-63d8d6cb9fd3	https://www.essentialenglish.review/apps-data/4000-essential-english-words-2/data/unit-28/wordlist/25905.jpg	02a82897-739f-4fab-a032-e423e58dd90a	2025-12-25 15:30:41.124308	2025-12-25 15:30:41.124709
frame	A frame is a border that holds a picture or object.	romka	рамка	faa2de33-8530-4328-8f46-2ec23fb6923f	8e8664a8-6f3c-44ce-adfe-63d8d6cb9fd3	https://www.essentialenglish.review/apps-data/4000-essential-english-words-2/data/unit-28/wordlist/25906.jpg	744323ee-ad45-4756-8ace-f3428114a9e5	2025-12-25 15:30:41.124308	2025-12-25 15:30:41.124709
heaven	Heaven is believed to be the place where good people go after death.	jannat	небо	faa2de33-8530-4328-8f46-2ec23fb6923f	8e8664a8-6f3c-44ce-adfe-63d8d6cb9fd3	https://www.essentialenglish.review/apps-data/4000-essential-english-words-2/data/unit-28/wordlist/25907.jpg	6089af8e-ab9d-422b-9082-d4d55078bd54	2025-12-25 15:30:41.124308	2025-12-25 15:30:41.124709
incredible	If something is incredible, it is hard to believe.	aql bovar qilmas	невероятный	faa2de33-8530-4328-8f46-2ec23fb6923f	8e8664a8-6f3c-44ce-adfe-63d8d6cb9fd3	https://www.essentialenglish.review/apps-data/4000-essential-english-words-2/data/unit-28/wordlist/25908.jpg	c1f475c9-113e-44ba-b61c-b1f1e5be3736	2025-12-25 15:30:41.124308	2025-12-25 15:30:41.124709
legend	A legend is a story from the past that may not be true.	afsona	легенда	faa2de33-8530-4328-8f46-2ec23fb6923f	8e8664a8-6f3c-44ce-adfe-63d8d6cb9fd3	https://www.essentialenglish.review/apps-data/4000-essential-english-words-2/data/unit-28/wordlist/25909.jpg	0d8d6427-ce7a-4b91-82ef-396b1a815b98	2025-12-25 15:30:41.124308	2025-12-25 15:30:41.124709
praise	To praise means to say good things about someone.	maqtamoq	хвалить	faa2de33-8530-4328-8f46-2ec23fb6923f	8e8664a8-6f3c-44ce-adfe-63d8d6cb9fd3	https://www.essentialenglish.review/apps-data/4000-essential-english-words-2/data/unit-28/wordlist/25910.jpg	7e5505c3-7988-4a48-9541-bc4548d6b0b5	2025-12-25 15:30:41.124308	2025-12-25 15:30:41.124709
relate	To relate means to tell a story or connect to something.	bog‘lamoq, aytib bermoq	рассказывать	c53cb334-1873-465f-a737-c0dffae3d001	8e8664a8-6f3c-44ce-adfe-63d8d6cb9fd3	https://www.essentialenglish.review/apps-data/4000-essential-english-words-2/data/unit-28/wordlist/25911.jpg	0b7cebeb-1523-4f31-9697-c6b32bad3967	2025-12-25 15:30:41.124308	2025-12-25 15:30:41.124709
religion	Religion is a belief in a god or gods.	din	религия	c53cb334-1873-465f-a737-c0dffae3d001	8e8664a8-6f3c-44ce-adfe-63d8d6cb9fd3	https://www.essentialenglish.review/apps-data/4000-essential-english-words-2/data/unit-28/wordlist/25912.jpg	e9a79d9e-41f0-48d5-b6ae-04e0b5cb8fef	2025-12-25 15:30:41.124308	2025-12-25 15:30:41.124709
score	A score is the number of points in a game or test.	ball	счёт	c53cb334-1873-465f-a737-c0dffae3d001	8e8664a8-6f3c-44ce-adfe-63d8d6cb9fd3	https://www.essentialenglish.review/apps-data/4000-essential-english-words-2/data/unit-28/wordlist/25913.jpg	40e4c859-5f09-4cbc-86e1-6af079d08d0e	2025-12-25 15:30:41.124308	2025-12-25 15:30:41.124709
surface	The surface is the outside of something.	yuza	поверхность	c53cb334-1873-465f-a737-c0dffae3d001	8e8664a8-6f3c-44ce-adfe-63d8d6cb9fd3	https://www.essentialenglish.review/apps-data/4000-essential-english-words-2/data/unit-28/wordlist/25914.jpg	928414aa-0691-42cb-8a39-88aed4cbdfe3	2025-12-25 15:30:41.124308	2025-12-25 15:30:41.124709
theory	A theory is an idea used to explain something.	nazariya	теория	c53cb334-1873-465f-a737-c0dffae3d001	8e8664a8-6f3c-44ce-adfe-63d8d6cb9fd3	https://www.essentialenglish.review/apps-data/4000-essential-english-words-2/data/unit-28/wordlist/25915.jpg	d6f08212-5f70-430c-8757-0d788f09465a	2025-12-25 15:30:41.124308	2025-12-25 15:30:41.124709
weapon	A weapon is something used to fight or hurt others.	qurol	оружие	c53cb334-1873-465f-a737-c0dffae3d001	8e8664a8-6f3c-44ce-adfe-63d8d6cb9fd3	https://www.essentialenglish.review/apps-data/4000-essential-english-words-2/data/unit-28/wordlist/25916.jpg	3a5e8e57-0e41-434d-a3cf-af7fe3d49bf8	2025-12-25 15:30:41.124308	2025-12-25 15:30:41.124709
wood	Wood is the hard material from trees.	yog‘och	дерево	c53cb334-1873-465f-a737-c0dffae3d001	8e8664a8-6f3c-44ce-adfe-63d8d6cb9fd3	https://www.essentialenglish.review/apps-data/4000-essential-english-words-2/data/unit-28/wordlist/25917.jpg	dfa7b269-6bb6-4c75-a167-f98ae3e85eb4	2025-12-25 15:30:41.124308	2025-12-25 15:30:41.124709
worship	To worship means to show love and respect for a god.	sig‘inmoq	поклоняться	c53cb334-1873-465f-a737-c0dffae3d001	8e8664a8-6f3c-44ce-adfe-63d8d6cb9fd3	https://www.essentialenglish.review/apps-data/4000-essential-english-words-2/data/unit-28/wordlist/25918.jpg	5c1408e8-7589-4785-8e20-69839861a748	2025-12-25 15:30:41.124308	2025-12-25 15:30:41.124709
yield	To yield means to produce or give something.	hosil bermoq	давать урожай	c53cb334-1873-465f-a737-c0dffae3d001	8e8664a8-6f3c-44ce-adfe-63d8d6cb9fd3	https://www.essentialenglish.review/apps-data/4000-essential-english-words-2/data/unit-28/wordlist/25919.jpg	7a87be67-6f5b-4ad9-8c73-3320f1256feb	2025-12-25 15:30:41.124308	2025-12-25 15:30:41.124709
youth	Youth is the time when someone is young.	yoshlik	молодость	c53cb334-1873-465f-a737-c0dffae3d001	8e8664a8-6f3c-44ce-adfe-63d8d6cb9fd3	https://www.essentialenglish.review/apps-data/4000-essential-english-words-2/data/unit-28/wordlist/25920.jpg	9d9b86da-46f6-430b-9387-08b703874304	2025-12-25 15:30:41.124308	2025-12-25 15:30:41.124709
atmosphere	The atmosphere is the air around the Earth.	atmosfera	атмосфера	4a772488-aeea-4814-a56e-7f311d8e74dc	8e8664a8-6f3c-44ce-adfe-63d8d6cb9fd3	https://www.essentialenglish.review/apps-data/4000-essential-english-words-2/data/unit-29/wordlist/26001.jpg	71f2b0a0-3311-443c-b77c-94378d0f4d93	2025-12-25 15:30:41.124308	2025-12-25 15:30:41.124709
author	An author is a person who writes books.	muallif	автор	4a772488-aeea-4814-a56e-7f311d8e74dc	8e8664a8-6f3c-44ce-adfe-63d8d6cb9fd3	https://www.essentialenglish.review/apps-data/4000-essential-english-words-2/data/unit-29/wordlist/26002.jpg	4c71a40e-557a-47b7-9a95-0c068c9656ac	2025-12-25 15:30:41.124308	2025-12-25 15:30:41.124709
break	A break is a short time to rest.	tanaffus	перерыв	4a772488-aeea-4814-a56e-7f311d8e74dc	8e8664a8-6f3c-44ce-adfe-63d8d6cb9fd3	https://www.essentialenglish.review/apps-data/4000-essential-english-words-2/data/unit-29/wordlist/26003.jpg	b641655e-4073-4726-b876-70e77d8b4f01	2025-12-25 15:30:41.124308	2025-12-25 15:30:41.124709
bus	A bus is a large vehicle that carries many people.	avtobus	автобус	4a772488-aeea-4814-a56e-7f311d8e74dc	8e8664a8-6f3c-44ce-adfe-63d8d6cb9fd3	https://www.essentialenglish.review/apps-data/4000-essential-english-words-2/data/unit-29/wordlist/26004.jpg	7c186f99-b060-41ee-b43f-64adeeea91ba	2025-12-25 15:30:41.124308	2025-12-25 15:30:41.124709
challenge	A challenge is something difficult to do.	sinov	испытание	4a772488-aeea-4814-a56e-7f311d8e74dc	8e8664a8-6f3c-44ce-adfe-63d8d6cb9fd3	https://www.essentialenglish.review/apps-data/4000-essential-english-words-2/data/unit-29/wordlist/26005.jpg	188acede-933a-44e5-9abd-95c6ff118732	2025-12-25 15:30:41.124308	2025-12-25 15:30:41.124709
chemistry	Chemistry is the study of substances and reactions.	kimyo	химия	4a772488-aeea-4814-a56e-7f311d8e74dc	8e8664a8-6f3c-44ce-adfe-63d8d6cb9fd3	https://www.essentialenglish.review/apps-data/4000-essential-english-words-2/data/unit-29/wordlist/26006.jpg	1924ea60-4281-4cfa-9130-7e2c9982d6c2	2025-12-25 15:30:41.124308	2025-12-25 15:30:41.124709
cycle	A cycle is a process that repeats.	aylanma, sikl	цикл	4a772488-aeea-4814-a56e-7f311d8e74dc	8e8664a8-6f3c-44ce-adfe-63d8d6cb9fd3	https://www.essentialenglish.review/apps-data/4000-essential-english-words-2/data/unit-29/wordlist/26007.jpg	68374c1c-2505-4a49-9e15-acea3ba11c3e	2025-12-25 15:30:41.124308	2025-12-25 15:30:41.124709
debate	A debate is a formal discussion.	bahs	дебаты	4a772488-aeea-4814-a56e-7f311d8e74dc	8e8664a8-6f3c-44ce-adfe-63d8d6cb9fd3	https://www.essentialenglish.review/apps-data/4000-essential-english-words-2/data/unit-29/wordlist/26008.jpg	27edfe42-8038-48ed-ba83-49c489dfac76	2025-12-25 15:30:41.124308	2025-12-25 15:30:41.124709
explore	To explore means to travel and learn about a place.	o‘rganmoq, kashf qilmoq	исследовать	4a772488-aeea-4814-a56e-7f311d8e74dc	8e8664a8-6f3c-44ce-adfe-63d8d6cb9fd3	https://www.essentialenglish.review/apps-data/4000-essential-english-words-2/data/unit-29/wordlist/26009.jpg	640d8369-d3d7-465b-8730-01d51139aa89	2025-12-25 15:30:41.124308	2025-12-25 15:30:41.124709
fuel	Fuel is something used to produce energy.	yoqilg‘i	топливо	4a772488-aeea-4814-a56e-7f311d8e74dc	8e8664a8-6f3c-44ce-adfe-63d8d6cb9fd3	https://www.essentialenglish.review/apps-data/4000-essential-english-words-2/data/unit-29/wordlist/26010.jpg	e73efb95-ca3b-4b7b-af00-e17c2d913f3f	2025-12-25 15:30:41.124308	2025-12-25 15:30:41.124709
judge	To judge means to form an opinion.	baholamoq	судить	acb24d9e-7555-4fca-8c0a-c3832e51f022	8e8664a8-6f3c-44ce-adfe-63d8d6cb9fd3	https://www.essentialenglish.review/apps-data/4000-essential-english-words-2/data/unit-29/wordlist/26011.jpg	2fe4618f-824d-4ae8-bc6c-5d020d07f901	2025-12-25 15:30:41.124308	2025-12-25 15:30:41.124709
location	A location is a place or position.	joylashuv	местоположение	acb24d9e-7555-4fca-8c0a-c3832e51f022	8e8664a8-6f3c-44ce-adfe-63d8d6cb9fd3	https://www.essentialenglish.review/apps-data/4000-essential-english-words-2/data/unit-29/wordlist/26012.jpg	35110674-21d3-4e71-b84a-c7c85aa60247	2025-12-25 15:30:41.124308	2025-12-25 15:30:41.124709
method	A method is a way of doing something.	usul	метод	acb24d9e-7555-4fca-8c0a-c3832e51f022	8e8664a8-6f3c-44ce-adfe-63d8d6cb9fd3	https://www.essentialenglish.review/apps-data/4000-essential-english-words-2/data/unit-29/wordlist/26013.jpg	01f048d4-51a4-476b-8c35-4fe7732ac4f0	2025-12-25 15:30:41.124308	2025-12-25 15:30:41.124709
occasion	An occasion is a special event.	voqea	случай	acb24d9e-7555-4fca-8c0a-c3832e51f022	8e8664a8-6f3c-44ce-adfe-63d8d6cb9fd3	https://www.essentialenglish.review/apps-data/4000-essential-english-words-2/data/unit-29/wordlist/26014.jpg	ef64a1b1-4d9f-4430-b57a-4e7cf9045dc6	2025-12-25 15:30:41.124308	2025-12-25 15:30:41.124709
opportunity	An opportunity is a chance to do something.	imkoniyat	возможность	acb24d9e-7555-4fca-8c0a-c3832e51f022	8e8664a8-6f3c-44ce-adfe-63d8d6cb9fd3	https://www.essentialenglish.review/apps-data/4000-essential-english-words-2/data/unit-29/wordlist/26015.jpg	f96691ed-8f04-4e05-904f-839835e22eb1	2025-12-25 15:30:41.124308	2025-12-25 15:30:41.124709
prize	A prize is something given as a reward.	mukofot	приз	acb24d9e-7555-4fca-8c0a-c3832e51f022	8e8664a8-6f3c-44ce-adfe-63d8d6cb9fd3	https://www.essentialenglish.review/apps-data/4000-essential-english-words-2/data/unit-29/wordlist/26016.jpg	b2ef1622-f0c5-42a7-a8fd-5377f96bb201	2025-12-25 15:30:41.124308	2025-12-25 15:30:41.124709
range	A range is a group of things between limits.	oraliq, diapazon	диапазон	acb24d9e-7555-4fca-8c0a-c3832e51f022	8e8664a8-6f3c-44ce-adfe-63d8d6cb9fd3	https://www.essentialenglish.review/apps-data/4000-essential-english-words-2/data/unit-29/wordlist/26017.jpg	75c72924-c584-4c2c-a4b5-f6798be15bad	2025-12-25 15:30:41.124308	2025-12-25 15:30:41.124709
recognize	To recognize means to know someone or something.	tanimoq	узнавать	acb24d9e-7555-4fca-8c0a-c3832e51f022	8e8664a8-6f3c-44ce-adfe-63d8d6cb9fd3	https://www.essentialenglish.review/apps-data/4000-essential-english-words-2/data/unit-29/wordlist/26018.jpg	5c17eab5-74c8-49cc-96dc-41f2dd6b5d92	2025-12-25 15:30:41.124308	2025-12-25 15:30:41.124709
respond	To respond means to reply or react.	javob bermoq	отвечать	acb24d9e-7555-4fca-8c0a-c3832e51f022	8e8664a8-6f3c-44ce-adfe-63d8d6cb9fd3	https://www.essentialenglish.review/apps-data/4000-essential-english-words-2/data/unit-29/wordlist/26019.jpg	fc5033fc-3219-4722-8ccc-89031a4f6a99	2025-12-25 15:30:41.124308	2025-12-25 15:30:41.124709
reward	A reward is something given for good work.	mukofot	награда	acb24d9e-7555-4fca-8c0a-c3832e51f022	8e8664a8-6f3c-44ce-adfe-63d8d6cb9fd3	https://www.essentialenglish.review/apps-data/4000-essential-english-words-2/data/unit-29/wordlist/26020.jpg	58c63989-a671-43ee-893a-1d30c3a0aa0b	2025-12-25 15:30:41.124308	2025-12-25 15:30:41.124709
admit	To admit means to say that something is true.	tan olmoq	признавать	427d38d6-02e8-446a-b872-e4866dd4dd0d	8e8664a8-6f3c-44ce-adfe-63d8d6cb9fd3	https://www.essentialenglish.review/apps-data/4000-essential-english-words-2/data/unit-30/wordlist/26101.jpg	d8f19671-e92c-408b-9ec4-0ddac48d3f8f	2025-12-25 15:30:41.124308	2025-12-25 15:30:41.124709
astonish	To astonish means to surprise someone greatly.	hayratga solmoq	поражать	427d38d6-02e8-446a-b872-e4866dd4dd0d	8e8664a8-6f3c-44ce-adfe-63d8d6cb9fd3	https://www.essentialenglish.review/apps-data/4000-essential-english-words-2/data/unit-30/wordlist/26102.jpg	f0e7f209-8594-478c-a327-67d679f6b8e8	2025-12-25 15:30:41.124308	2025-12-25 15:30:41.124709
comprehend	To comprehend means to understand something.	tushunmoq	понимать	427d38d6-02e8-446a-b872-e4866dd4dd0d	8e8664a8-6f3c-44ce-adfe-63d8d6cb9fd3	https://www.essentialenglish.review/apps-data/4000-essential-english-words-2/data/unit-30/wordlist/26103.jpg	d87c92f6-68b7-40b1-8e64-287600c7221a	2025-12-25 15:30:41.124308	2025-12-25 15:30:41.124709
confirm	To confirm means to say something is correct or true.	tasdiqlamoq	подтверждать	427d38d6-02e8-446a-b872-e4866dd4dd0d	8e8664a8-6f3c-44ce-adfe-63d8d6cb9fd3	https://www.essentialenglish.review/apps-data/4000-essential-english-words-2/data/unit-30/wordlist/26104.jpg	c97bf36c-f504-4029-bcfc-4781cdf1a7e5	2025-12-25 15:30:41.124308	2025-12-25 15:30:41.124709
confuse	To confuse means to make something hard to understand.	chalkashtirmoq	путать	427d38d6-02e8-446a-b872-e4866dd4dd0d	8e8664a8-6f3c-44ce-adfe-63d8d6cb9fd3	https://www.essentialenglish.review/apps-data/4000-essential-english-words-2/data/unit-30/wordlist/26105.jpg	715c21d8-4dbe-479f-ac4f-6f99cc3c0841	2025-12-25 15:30:41.124308	2025-12-25 15:30:41.124709
describe	To describe means to explain how something looks or feels.	tasvirlamoq	описывать	427d38d6-02e8-446a-b872-e4866dd4dd0d	8e8664a8-6f3c-44ce-adfe-63d8d6cb9fd3	https://www.essentialenglish.review/apps-data/4000-essential-english-words-2/data/unit-30/wordlist/26106.jpg	eb8130f6-8642-450b-bde6-f367fec354b9	2025-12-25 15:30:41.124308	2025-12-25 15:30:41.124709
determine	To determine means to decide or find out something.	aniqlamoq	определять	427d38d6-02e8-446a-b872-e4866dd4dd0d	8e8664a8-6f3c-44ce-adfe-63d8d6cb9fd3	https://www.essentialenglish.review/apps-data/4000-essential-english-words-2/data/unit-30/wordlist/26107.jpg	16e74c77-435c-4245-b3dc-ce195ced3f76	2025-12-25 15:30:41.124308	2025-12-25 15:30:41.124709
estimate	To estimate means to guess an amount or number.	taxmin qilmoq	оценивать	427d38d6-02e8-446a-b872-e4866dd4dd0d	8e8664a8-6f3c-44ce-adfe-63d8d6cb9fd3	https://www.essentialenglish.review/apps-data/4000-essential-english-words-2/data/unit-30/wordlist/26108.jpg	20ea0833-2f69-4b2f-b4fb-6d7d50a6eec1	2025-12-25 15:30:41.124308	2025-12-25 15:30:41.124709
examine	To examine means to look at something carefully.	tekshirmoq	осматривать	427d38d6-02e8-446a-b872-e4866dd4dd0d	8e8664a8-6f3c-44ce-adfe-63d8d6cb9fd3	https://www.essentialenglish.review/apps-data/4000-essential-english-words-2/data/unit-30/wordlist/26109.jpg	bccbf668-362d-4352-a790-764a5cccfed7	2025-12-25 15:30:41.124308	2025-12-25 15:30:41.124709
frustrate	To frustrate means to make someone feel upset or annoyed.	ranjitmoq, asabiylashtirmoq	раздражать	427d38d6-02e8-446a-b872-e4866dd4dd0d	8e8664a8-6f3c-44ce-adfe-63d8d6cb9fd3	https://www.essentialenglish.review/apps-data/4000-essential-english-words-2/data/unit-30/wordlist/26110.jpg	4f5dd2bd-d8aa-4822-ae2c-392bcf96a21b	2025-12-25 15:30:41.124308	2025-12-25 15:30:41.124709
illustrate	To illustrate means to explain using pictures or examples.	misol bilan tushuntirmoq	иллюстрировать	0f68b5b9-493e-486d-9627-e5efc5edcd9f	8e8664a8-6f3c-44ce-adfe-63d8d6cb9fd3	https://www.essentialenglish.review/apps-data/4000-essential-english-words-2/data/unit-30/wordlist/26111.jpg	bc79eb91-1152-481d-81ff-a7cb840bd724	2025-12-25 15:30:41.124308	2025-12-25 15:30:41.124709
imply	To imply means to suggest something without saying it directly.	ishora qilmoq	подразумевать	0f68b5b9-493e-486d-9627-e5efc5edcd9f	8e8664a8-6f3c-44ce-adfe-63d8d6cb9fd3	https://www.essentialenglish.review/apps-data/4000-essential-english-words-2/data/unit-30/wordlist/26112.jpg	7add80da-6fc9-4b76-b117-064c3329090c	2025-12-25 15:30:41.124308	2025-12-25 15:30:41.124709
interpret	To interpret means to explain the meaning of something.	talqin qilmoq	интерпретировать	0f68b5b9-493e-486d-9627-e5efc5edcd9f	8e8664a8-6f3c-44ce-adfe-63d8d6cb9fd3	https://www.essentialenglish.review/apps-data/4000-essential-english-words-2/data/unit-30/wordlist/26113.jpg	3ad0e245-6ccb-4813-ab70-9b9698e4ebfe	2025-12-25 15:30:41.124308	2025-12-25 15:30:41.124709
observe	To observe means to watch something carefully.	kuzatmoq	наблюдать	0f68b5b9-493e-486d-9627-e5efc5edcd9f	8e8664a8-6f3c-44ce-adfe-63d8d6cb9fd3	https://www.essentialenglish.review/apps-data/4000-essential-english-words-2/data/unit-30/wordlist/26114.jpg	dbc6ac59-b94b-4950-af53-0793a869e55d	2025-12-25 15:30:41.124308	2025-12-25 15:30:41.124709
organize	To organize means to arrange things neatly.	tartibga solmoq	организовывать	0f68b5b9-493e-486d-9627-e5efc5edcd9f	8e8664a8-6f3c-44ce-adfe-63d8d6cb9fd3	https://www.essentialenglish.review/apps-data/4000-essential-english-words-2/data/unit-30/wordlist/26115.jpg	5fe81000-5ef4-4f25-957e-94db825684ea	2025-12-25 15:30:41.124308	2025-12-25 15:30:41.124709
persuade	To persuade means to make someone agree.	ko‘ndirmoq	убеждать	0f68b5b9-493e-486d-9627-e5efc5edcd9f	8e8664a8-6f3c-44ce-adfe-63d8d6cb9fd3	https://www.essentialenglish.review/apps-data/4000-essential-english-words-2/data/unit-30/wordlist/26116.jpg	5c76cdae-8b06-44f2-aa8d-ba24b997b9a4	2025-12-25 15:30:41.124308	2025-12-25 15:30:41.124709
predict	To predict means to say what will happen.	bashorat qilmoq	предсказывать	0f68b5b9-493e-486d-9627-e5efc5edcd9f	8e8664a8-6f3c-44ce-adfe-63d8d6cb9fd3	https://www.essentialenglish.review/apps-data/4000-essential-english-words-2/data/unit-30/wordlist/26117.jpg	4db64a5c-579a-4fa9-a4cf-6cce132cb4d4	2025-12-25 15:30:41.124308	2025-12-25 15:30:41.124709
reveal	To reveal means to show something hidden.	oshkor qilmoq	раскрывать	0f68b5b9-493e-486d-9627-e5efc5edcd9f	8e8664a8-6f3c-44ce-adfe-63d8d6cb9fd3	https://www.essentialenglish.review/apps-data/4000-essential-english-words-2/data/unit-30/wordlist/26118.jpg	9a2f0995-9c8d-43eb-8f32-d6eef18d6bab	2025-12-25 15:30:41.124308	2025-12-25 15:30:41.124709
summarize	To summarize means to give the main points.	qisqacha bayon qilmoq	кратко излагать	0f68b5b9-493e-486d-9627-e5efc5edcd9f	8e8664a8-6f3c-44ce-adfe-63d8d6cb9fd3	https://www.essentialenglish.review/apps-data/4000-essential-english-words-2/data/unit-30/wordlist/26119.jpg	4a7199e0-abc5-4e88-aeaf-8db71db8c18a	2025-12-25 15:30:41.124308	2025-12-25 15:30:41.124709
theory	A theory is an idea that explains something.	nazariya	теория	0f68b5b9-493e-486d-9627-e5efc5edcd9f	8e8664a8-6f3c-44ce-adfe-63d8d6cb9fd3	https://www.essentialenglish.review/apps-data/4000-essential-english-words-2/data/unit-30/wordlist/26120.jpg	852fa156-fa29-4c53-b239-e62db30d9087	2025-12-25 15:30:41.124308	2025-12-25 15:30:41.124709
\.


--
-- Data for Name: groups; Type: TABLE DATA; Schema: public; Owner: postgres
--

COPY public.groups (group_name, group_days, group_level, id, created_at, updated_at) FROM stdin;
ENG 2185	Odd Days	Upper-Intermediate	9bdc95ed-1264-45fb-bdbf-303ea2330c5a	2025-12-22 13:55:08.40262	2025-12-22 13:55:08.403397
\.


--
-- Data for Name: murphy_books; Type: TABLE DATA; Schema: public; Owner: postgres
--

COPY public.murphy_books (book_name, id, created_at, updated_at) FROM stdin;
English Grammar In Use Fifth Edition	06bc65e1-e732-4119-b34f-5d8a2aee5dfd	2025-12-18 14:57:38.430404	2025-12-18 14:57:38.431982
bgdcfd	8be83cae-dc82-4339-b787-a1ac69c99194	2025-12-22 15:03:08.222325	2025-12-22 15:03:08.223246
\.


--
-- Data for Name: murphy_exercise_questions; Type: TABLE DATA; Schema: public; Owner: postgres
--

COPY public.murphy_exercise_questions (exercise_id, field, id, created_at, updated_at) FROM stdin;
034ccd68-e28e-493e-9032-322014980126	{"question": "The puncture / mend <br> {%answer%}", "correct_answers": ["The puncture has been mended"]}	0ab2b2c6-59a6-4126-bdd4-b23bd22d091a	2025-12-22 09:02:49.46208	2025-12-22 09:02:49.462525
034ccd68-e28e-493e-9032-322014980126	{"question": "The concert / cancel <br> {%answer%}", "correct_answers": ["The concert has been cancelled"]}	9823bec3-d537-414b-85b9-8f609583160f	2025-12-22 09:02:49.46208	2025-12-22 09:02:49.462525
034ccd68-e28e-493e-9032-322014980126	{"question": "Jane Jones / elect <br> {%answer%}", "correct_answers": ["Jane Jones has been elected"]}	d0b65a1f-1741-4279-99dc-09742918b3a9	2025-12-22 09:02:49.46208	2025-12-22 09:02:49.462525
034ccd68-e28e-493e-9032-322014980126	{"question": "The rabbit / disappear (Active voice!!!) <br> {%answer%}", "correct_answers": ["The rabbit has disappeared"]}	3cc26030-89f9-4f20-b6ea-a3c712e0fcff	2025-12-22 09:02:49.46208	2025-12-22 09:02:49.462525
034ccd68-e28e-493e-9032-322014980126	{"question": "The sculpture / steal <br> {%answer%}", "correct_answers": ["The sculpture has been stolen"]}	27eb68d3-5412-40a5-adb3-346cec16ee16	2025-12-22 09:02:49.46208	2025-12-22 09:02:49.462525
034ccd68-e28e-493e-9032-322014980126	{"question": "The students / pass <br> {%answer%}", "correct_answers": ["The students have passed"]}	e4709bdb-1f61-465c-b40f-b527d02ece05	2025-12-22 09:02:49.46208	2025-12-22 09:02:49.462525
deb2f785-e65c-4c0b-8766-0c80402bd030	{"question": "Look, this is a secret. Come into the garden where we {%answer%} (not / overhear). <br>", "correct_answers": ["won't be overheard", "will not be overheard"]}	c5c2369f-f790-444a-bcf1-42519d316493	2025-12-22 09:02:49.46208	2025-12-22 09:02:49.462525
deb2f785-e65c-4c0b-8766-0c80402bd030	{"question": "If you hadn’t been so late for work, you {%answer%} (not / sack). <br>", "correct_answers": ["wouldn’t have been sacked", "would not have been sacked"]}	6e0db19c-8d2a-47f9-9aa9-2798782f8be1	2025-12-22 09:02:49.46208	2025-12-22 09:02:49.462525
deb2f785-e65c-4c0b-8766-0c80402bd030	{"question": "This office is very inefficient. The phone {%answer%} (never / answer)  promptly, no proper records {%answer%} (keep), and, worst of all, no report {%answer%}  (written) since I started work here. <br>", "correct_answers": ["is never answered", "are  kept", "have been written"]}	3d517861-baab-44ad-942a-ad24a2971736	2025-12-22 09:02:49.46208	2025-12-22 09:02:49.462525
deb2f785-e65c-4c0b-8766-0c80402bd030	{"question": "Can you come to the police station? The man who {%answer%} (suspect) of  stealing your wallet {%answer%} (arrest) and {%answer%} (question)  at the moment. The police hope he {%answer%} (identify), either by you or another  witness. <br>", "correct_answers": ["is suspected", "has been  arrested", "is being  questioned", "will be  identified"]}	0c7f3551-26ed-4963-a14a-7f2a23f33010	2025-12-22 09:02:49.46208	2025-12-22 09:02:49.462525
deb2f785-e65c-4c0b-8766-0c80402bd030	{"question": "I was so worried about my garden while I was in hospital, but I have very good neighbours.  When I got home, I could see that the vegetables {%answer%} (water) every day  and the grass {%answer%} (cut) regularly.", "correct_answers": ["had been watered", "had  been cut"]}	2210d8ad-4098-4d0f-8944-9f2572836699	2025-12-22 09:02:49.46208	2025-12-22 09:02:49.462525
deb2f785-e65c-4c0b-8766-0c80402bd030	{"question": "We had hoped to see several famous paintings, but the gallery {%answer%} (reorganised) at the time of our visit last month and most of the really valuable works {%answer%} (move) for safe keeping.", "correct_answers": ["was being reorganised", "had been moved"]}	8490af1c-f110-4c59-a9ec-de20b7b4d241	2025-12-22 09:02:49.46208	2025-12-22 09:02:49.462525
9495352c-b6f5-4c1c-b5d2-5e42b4a91298	{"options": ["We have been shown", "We were shown"], "question": "Hi Sara, <br> How are you? I’m having a great time in Namibia. <br> Our group is small and we’re being looked after very well by our guide. <br> {%answer%}  some amazing things already", "correct_answers": ["We have been shown"]}	5c79fc12-2454-4491-bb6a-2fb2bfb4e9fc	2025-12-22 09:02:49.46208	2025-12-22 09:02:49.462525
9495352c-b6f5-4c1c-b5d2-5e42b4a91298	{"options": ["We've seen", "We've been seen"], "question": "and {%answer%}  some fantastic landscapes. <br>", "correct_answers": ["We've seen"]}	0e29ac08-0b83-4951-8f59-04ebbdd56a27	2025-12-22 09:02:49.46208	2025-12-22 09:02:49.462525
9495352c-b6f5-4c1c-b5d2-5e42b4a91298	{"options": ["We were driven", "We were driving"], "question": "Last weekend we went to a National Park. {%answer%}  to a watering", "correct_answers": ["We were driven"]}	5c47f698-3d7b-4de5-ae04-d4b14d15c031	2025-12-22 09:02:49.46208	2025-12-22 09:02:49.462525
9495352c-b6f5-4c1c-b5d2-5e42b4a91298	{"options": ["could be seeing", "could be seen"], "question": "to a watering hole where an amazing range of animals {%answer%} . We were told that", "correct_answers": ["could be seen"]}	9b6513e8-1929-4926-be82-fc422c058cf0	2025-12-22 09:02:49.46208	2025-12-22 09:02:49.462525
9495352c-b6f5-4c1c-b5d2-5e42b4a91298	{"options": ["were risen", "have risen"], "question": "the numbers {%answer%} since the ", "correct_answers": ["have risen"]}	4757df8c-e6d6-46b7-b46b-6c221b477671	2025-12-22 09:02:49.46208	2025-12-22 09:02:49.462525
9495352c-b6f5-4c1c-b5d2-5e42b4a91298	{"options": ["founded", "was founded"], "question": "National Park {%answer%} .", "correct_answers": ["was founded"]}	3f0ed4bc-cb57-45d9-8dd1-dbc86ba383e8	2025-12-22 09:02:49.46208	2025-12-22 09:02:49.462525
224e7a2e-e848-45c7-830d-0b079d6202ae	{"question": "Paper money {%answer%}", "correct_answers": ["was invented by the Chinese"]}	b778a55a-aaa6-4fb6-a32a-962ab15b6cb4	2025-12-24 09:54:15.549488	2025-12-24 09:54:15.549855
224e7a2e-e848-45c7-830d-0b079d6202ae	{"question": "Radium {%answer%}", "correct_answers": ["was discovered by Marie Curie"]}	4c6880d0-3ab1-42ea-bcd4-b51390c8903e	2025-12-24 09:54:15.549488	2025-12-24 09:54:15.549855
241636bc-4ab9-4827-af0d-3afd5b6805fc	{"sentence": "My neighbour is proud of her grandson who born last week.  <br> {%answer%}", "rewritten": ["who was born"]}	05ad710b-5c0d-4bdb-9d1a-47ff4d77d8ea	2025-12-24 09:54:15.549488	2025-12-24 09:54:15.549855
241636bc-4ab9-4827-af0d-3afd5b6805fc	{"sentence": "’m very fond of this old necklace because it was belonged to my grandmother.  <br> {%answer%}", "rewritten": ["it belonged to my grandmother", "belonged", "it belonged"]}	e191de9d-2766-4858-a251-d66bab6ecac8	2025-12-24 09:54:15.549488	2025-12-24 09:54:15.549855
241636bc-4ab9-4827-af0d-3afd5b6805fc	{"sentence": "My family live in Dubai, but I was educated in Switzerland.  <br> {%answer%}", "rewritten": ["ok"]}	9ccdca4e-61e8-48f1-8f8a-ee1730946e2c	2025-12-24 09:54:15.549488	2025-12-24 09:54:15.549855
241636bc-4ab9-4827-af0d-3afd5b6805fc	{"sentence": "I’m afraid I can’t lend you my car. It’s repairing this week. <br> {%answer%}", "rewritten": ["It’s being repaired this week"]}	f4babd1b-7968-43e5-a0d5-c406080b8fe2	2025-12-24 09:54:15.549488	2025-12-24 09:54:15.549855
241636bc-4ab9-4827-af0d-3afd5b6805fc	{"sentence": "The bridge was collapsed during the floods, but fortunately no one was using it at the time. <br> {%answer%}", "rewritten": ["The bridge collapsed"]}	289cbf4e-0696-4e93-b1cc-cdb0dbf0a6a8	2025-12-24 09:54:15.549488	2025-12-24 09:54:15.549855
241636bc-4ab9-4827-af0d-3afd5b6805fc	{"sentence": "If you don’t watch the barbecue carefully, someone will get burn. <br> {%answer%}", "rewritten": ["someone will get burnt", "someone will get burned"]}	e09f86bb-fbf8-4e19-89f6-d4ddf1458a67	2025-12-24 09:54:15.549488	2025-12-24 09:54:15.549855
241636bc-4ab9-4827-af0d-3afd5b6805fc	{"sentence": "The word <strong>stupid</strong> was in my report, but it wasn’t referred to you. <br> {%answer%}", "rewritten": ["it didn’t refer to you", "it did not refer to you"]}	e74c0d66-d758-4bba-950b-a0d79c2b8c2f	2025-12-24 09:54:15.549488	2025-12-24 09:54:15.549855
241636bc-4ab9-4827-af0d-3afd5b6805fc	{"sentence": "I’m sorry I’m late. I got held up in the traffic again. <br> {%answer%}", "rewritten": ["ok"]}	c89d9bba-6002-4a08-9a82-2adf72c0332c	2025-12-24 09:54:15.549488	2025-12-24 09:54:15.549855
241636bc-4ab9-4827-af0d-3afd5b6805fc	{"sentence": "When did you realise that your bag had been disappeared? <br> {%answer%}", "rewritten": ["your bag had disappeared"]}	aa7f0b76-536e-4af2-8151-27533921c9db	2025-12-24 09:54:15.549488	2025-12-24 09:54:15.549855
241636bc-4ab9-4827-af0d-3afd5b6805fc	{"sentence": "Children under the age of sixteen do not allow in the jacuzzi. <br> {%answer%}", "rewritten": ["are not allowed in the jacuzz", "aren't allowed in the jacuzz"]}	0d12b047-4705-42bd-8451-202b7ab7c920	2025-12-24 09:54:15.549488	2025-12-24 09:54:15.549855
0732c474-3a1b-4080-b2ab-0cc985929163	{"question": "He is a well-known expert on animal diseases and his opinions {%answer%} greatly respected.", "correct_answers": ["are"]}	a86bc3b9-44eb-4d02-8529-13456f0ab732	2025-12-25 15:33:08.159866	2025-12-25 15:33:08.160234
9495352c-b6f5-4c1c-b5d2-5e42b4a91298	{"options": ["I’d been warned", "I’d been warning"], "question": "{%answer%} that the accommodation there was quite basic, but it  was fine. ", "correct_answers": ["I'd been warned"]}	033ba79d-d1a9-47f1-a66f-c642b815bcd6	2025-12-22 09:02:49.46208	2025-12-22 09:02:49.462525
9495352c-b6f5-4c1c-b5d2-5e42b4a91298	{"options": ["We were given", "We were giving"], "question": "{%answer%} a big tent each, and there are outdoor showers  and so on,  ", "correct_answers": ["We were given"]}	dda18c6e-73d1-4905-b371-ce96efc2288d	2025-12-22 09:02:49.46208	2025-12-22 09:02:49.462525
9495352c-b6f5-4c1c-b5d2-5e42b4a91298	{"options": ["are kept", "have kept"], "question": "which {%answer%} very clean. <br>", "correct_answers": ["are kept"]}	aa770da7-b523-4f89-8120-0d359bb2510d	2025-12-22 09:02:49.46208	2025-12-22 09:02:49.462525
9495352c-b6f5-4c1c-b5d2-5e42b4a91298	{"options": ["was sent/sent"], "question": "Our guide tells us lots of funny stories. He {%answer%} to South Africa by his family  to work in a bank, ", "correct_answers": ["was sent"]}	80b557b3-d97b-4b90-a2d2-cdf3d91c7a96	2025-12-22 09:02:49.46208	2025-12-22 09:02:49.462525
9495352c-b6f5-4c1c-b5d2-5e42b4a91298	{"options": ["hated", "was hated"], "question": "but he {%answer%} it.", "correct_answers": ["hated"]}	d7398f71-7c2b-45cd-aade-ac870dd97053	2025-12-22 09:02:49.46208	2025-12-22 09:02:49.462525
9495352c-b6f5-4c1c-b5d2-5e42b4a91298	{"options": ["has behaved", "behaved"], "question": "So he {%answer%} very  badly ", "correct_answers": ["behaved"]}	841eb44e-3f88-4375-aa3d-0f9f120555e3	2025-12-22 09:02:49.46208	2025-12-22 09:02:49.462525
9495352c-b6f5-4c1c-b5d2-5e42b4a91298	{"options": ["lose", "lost his job"], "question": "in order to {%answer%} . He kept us laughing for hours. <br>", "correct_answers": ["lose"]}	5debfdab-a67f-4b2e-9b49-70a05b327eaf	2025-12-22 09:02:49.46208	2025-12-22 09:02:49.462525
9495352c-b6f5-4c1c-b5d2-5e42b4a91298	{"options": ["we’ll be joined", "we’ll be joining"], "question": "Tomorrow {%answer%} another group and going to see some rock ", "correct_answers": ["we'll be joining"]}	c2b9bbf6-d6cc-4a0b-a894-611f3ac1c450	2025-12-22 09:02:49.46208	2025-12-22 09:02:49.462525
9495352c-b6f5-4c1c-b5d2-5e42b4a91298	{"options": ["They were discovered", "They discovered"], "question": "paintings. {%answer%} quite recently, so we’re one of the", "correct_answers": ["They were discovered"]}	b4c6c05f-726f-47f4-a7cf-2443ad31b44d	2025-12-22 09:02:49.46208	2025-12-22 09:02:49.462525
9495352c-b6f5-4c1c-b5d2-5e42b4a91298	{"options": ["to be shown", "to have shown"], "question": "first groups {%answer%} them.", "correct_answers": ["to be shown"]}	90741df9-f66d-4d07-a59c-bcde2e9b9c30	2025-12-22 09:02:49.46208	2025-12-22 09:02:49.462525
9495352c-b6f5-4c1c-b5d2-5e42b4a91298	{"options": ["get connected", "have connected"], "question": "I’ll email again when I can {%answer%} to the internet. <br> <br> Love, Max", "correct_answers": ["get connected"]}	9b6a2469-c1ea-4710-81a1-f14b7fa61762	2025-12-22 09:02:49.46208	2025-12-22 09:02:49.462525
18c00267-7560-4454-805d-ea114d1259d7	{"question": "My hairdresser kept me waiting for half an hour. <br> I {%answer%} <br> <br>", "correct_answers": ["was kept waiting for half an hour by my hairdresser"]}	c0f0ae86-3b43-4be9-8780-13133640492c	2025-12-22 09:02:49.46208	2025-12-22 09:02:49.462525
18c00267-7560-4454-805d-ea114d1259d7	{"question": "Do you suppose your brother could have sent that text?  <br> Do you suppose that text {%answer%} <br> <br>", "correct_answers": ["could have been sent by your brother"]}	7f310fb3-df20-49b4-8272-479b19ce8182	2025-12-22 09:02:49.46208	2025-12-22 09:02:49.462525
18c00267-7560-4454-805d-ea114d1259d7	{"question": "Solar panels supply all the power for this house. <br> All the power for this house {%answer%} <br> <br>", "correct_answers": ["is supplied by solar panels"]}	95f70143-f5ed-4eae-a880-e93094715748	2025-12-22 09:02:49.46208	2025-12-22 09:02:49.462525
18c00267-7560-4454-805d-ea114d1259d7	{"question": "During the summer, the cafe was employing more waiters every week. <br> During the summer, more waiters {%answer%} <br> <br>", "correct_answers": ["were employed by the cafe every week"]}	1355e996-dadc-4763-ae67-2d0d7f658789	2025-12-22 09:02:49.46208	2025-12-22 09:02:49.462525
18c00267-7560-4454-805d-ea114d1259d7	{"question": "Nobody informed the police that there had been a mistake. <br> The police {%answer%} <br> <br>", "correct_answers": ["weren’t informed that there had been a mistake", "were not informed that there  had been a mistake"]}	fb939715-2cc9-44ae-904c-36c6cd574b47	2025-12-22 09:02:49.46208	2025-12-22 09:02:49.462525
18c00267-7560-4454-805d-ea114d1259d7	{"question": "Where will your company post you next year? <br> Where will you {%answer%} <br> <br>", "correct_answers": ["be posted by your company next year"]}	486fe85d-b87c-4963-8713-415ec9c52c72	2025-12-22 09:02:49.46208	2025-12-22 09:02:49.462525
18c00267-7560-4454-805d-ea114d1259d7	{"question": "The news about the war worried Josephine. <br> Josephine {%answer%} <br> <br>", "correct_answers": ["was worried by the news about the war"]}	1ca53846-b457-48c3-891e-1dffa51acc43	2025-12-22 09:02:49.46208	2025-12-22 09:02:49.462525
18c00267-7560-4454-805d-ea114d1259d7	{"question": "I’ve still got the money because no one has claimed it. <br> I’ve still got the money because it {%answer%} <br> <br>", "correct_answers": ["hasn’t been claimed by anyone"]}	435650ad-3dc5-46c2-b743-8150ec508694	2025-12-22 09:02:49.46208	2025-12-22 09:02:49.462525
18c00267-7560-4454-805d-ea114d1259d7	{"question": "Has anyone ever asked you for your opinion? <br> Have you {%answer%} <br> <br>", "correct_answers": ["ever been asked for your opinion"]}	b06b4068-917b-4eb8-978a-9a7c5d4d78e9	2025-12-22 09:02:49.46208	2025-12-22 09:02:49.462525
18c00267-7560-4454-805d-ea114d1259d7	{"question": "People shouldn’t allow children to watch that kind of TV programme. <br> Children {%answer%} <br> <br>", "correct_answers": ["shouldn’t be allowed to watch that kind of TV programme"]}	ff23738c-f89f-4df1-b938-e25477ea2cac	2025-12-22 09:02:49.46208	2025-12-22 09:02:49.462525
18c00267-7560-4454-805d-ea114d1259d7	{"question": "Someone must have changed the time of the meeting. <br> The time of the meeting {%answer%} <br> <br>", "correct_answers": ["must be worn by all visitors"]}	f960af96-0d91-4d85-9840-50fb529cb7f5	2025-12-22 09:02:49.46208	2025-12-22 09:02:49.462525
18c00267-7560-4454-805d-ea114d1259d7	{"question": "When will someone deliver the food for the party? <br> When {%answer%} <br> <br>", "correct_answers": ["will the food for the party be delivered"]}	fe9b5102-1b97-49dd-b311-3a9e7b30ae61	2025-12-22 09:02:49.46208	2025-12-22 09:02:49.462525
31197b9f-ad03-494a-ac51-62d546c789f3	{"question": "Alana: Hi! Sorry I’m late. <br> Grant: What kept you? Why didn’t you call? <br> Alana: I left my phone at home and I came on the bus. Then the bus was stuck (the bus / stick) in a traffic jam for forty minutes. <br> Grant: Why didn’t you just walk across the park as usual? <br> Alana: Because the park {%answer%} (close) since last weekend.", "correct_answers": ["’s been closed", "has been closed"]}	c4236d03-42f0-4b18-a38f-9e4d23a28490	2025-12-22 13:55:08.40262	2025-12-22 13:55:08.403397
31197b9f-ad03-494a-ac51-62d546c789f3	{"question": "Grant: Why’s that? <br> Alana: A celebrity tennis tournament {%answer%} (hold) there. <br>", "correct_answers": ["’s being held", "is being held"]}	76e0d314-42c7-4b8b-9f15-cd4a2bdeb36c	2025-12-22 13:55:08.40262	2025-12-22 13:55:08.403397
31197b9f-ad03-494a-ac51-62d546c789f3	{"question": "Grant: Do you know who {%answer%} (it / organise) by? <br>", "correct_answers": ["it’s being organised", "it is being organised", "it’s organised", "it is organised"]}	98a05e77-a62c-4100-aac5-7188baccc8f8	2025-12-22 13:55:08.40262	2025-12-22 13:55:08.403397
31197b9f-ad03-494a-ac51-62d546c789f3	{"question": "Alana: No, but I think the Williams sisters are competing in the tournament. Someone told me {%answer%} (they / see) at the Royal Hotel at the weekend. <br> Grant: Really?", "correct_answers": ["they’d been seen", "they had been seen", "they were seen"]}	397f3500-892a-4342-a9ee-129093601a4c	2025-12-22 13:55:08.40262	2025-12-22 13:55:08.403397
31197b9f-ad03-494a-ac51-62d546c789f3	{"question": "<br> Alana: Yeah. My friend said {%answer%} (they / fly) here in a private plane by the organisers. <br> Grant: Well, if it’s true, we’re not going to the disco at the Royal this Friday. <br>", "correct_answers": ["they were flown"]}	643a88c1-4530-443d-9031-7dd64ad9fe49	2025-12-22 13:55:08.40262	2025-12-22 13:55:08.403397
31197b9f-ad03-494a-ac51-62d546c789f3	{"question": "Alana: Why not? {%answer%} Grant: If they’re there, the hotel {%answer%} (surround) by fans and security guards.", "correct_answers": ["’s going to be surrounded", "is going to be surrounded", "will be surrounded"]}	7c76c1be-3315-4cdc-8a0b-7e409fbf2c95	2025-12-22 13:55:08.40262	2025-12-22 13:55:08.403397
31197b9f-ad03-494a-ac51-62d546c789f3	{"question": "Alana: But we might meet them if we go. <br> Grant: Don’t be silly. They won’t go to our local disco. <br> Alana: No? <br> Grant: No, and {%answer%} (we / not invite) to their suite.", "correct_answers": ["we won’t be invited"]}	85e0ef9f-0076-40b6-ad5a-bae34daca467	2025-12-22 13:55:08.40262	2025-12-22 13:55:08.403397
31197b9f-ad03-494a-ac51-62d546c789f3	{"question": "<br> In fact, the disco {%answer%} (probably / cancel) if the hotel is full of celebrities. <br>", "correct_answers": ["will probably be cancelled"]}	37902c98-5490-4bff-96e9-ace11e4c8004	2025-12-22 13:55:08.40262	2025-12-22 13:55:08.403397
31197b9f-ad03-494a-ac51-62d546c789f3	{"question": "Alana: I suppose so. But we can go to the entrance to the park now and see what’s happening. I heard that some local people {%answer%} (recruit) yesterday, but ", "correct_answers": ["were being recruited", "were recruited"]}	5ef4607a-e8a3-4d0e-ab91-b9bdc9a1df2d	2025-12-22 13:55:08.40262	2025-12-22 13:55:08.403397
31197b9f-ad03-494a-ac51-62d546c789f3	{"question": "I was too busy to go. Perhaps {%answer%} (we / employ) to sell programmes or something. <br>", "correct_answers": ["we’ll be employed", "we will be employed"]}	2ee0d0eb-b317-473f-92cc-25d6ac2e08c3	2025-12-22 13:55:08.40262	2025-12-22 13:55:08.403397
31197b9f-ad03-494a-ac51-62d546c789f3	{"question": "Grant: OK, if you want to. But don’t expect {%answer%} (allow) anywhere near the big stars.", "correct_answers": ["to be allowed"]}	1c81a62d-440a-453a-a4c7-fce1fd39b11b	2025-12-22 13:55:08.40262	2025-12-22 13:55:08.403397
33c85ad6-363d-4b05-9bd5-446b2bc504c9	{"sentence": "My laptop is very slow, so a friend is going to install <strong>a&nbsp;new&nbsp;operating&nbsp;system&nbsp;for&nbsp;me</strong>. <br> {%answer%}", "rewritten": ["I’m going to have a new operating system installed."]}	20fdb7c9-3113-4b81-a617-546e1b89d2ca	2025-12-23 20:02:07.648771	2025-12-23 20:02:07.649561
33c85ad6-363d-4b05-9bd5-446b2bc504c9	{"sentence": "Gaby’s parents <strong>are&nbsp;going&nbsp;to&nbsp;ask&nbsp;a&nbsp;painter&nbsp;to&nbsp;paint&nbsp;her&nbsp;portrait</strong> . <br> {%answer%}", "rewritten": ["are going to have her portrait painted."]}	f24da344-126c-4b2c-adef-78384c3e339d	2025-12-23 20:02:07.648771	2025-12-23 20:02:07.649561
224e7a2e-e848-45c7-830d-0b079d6202ae	{"question": "Hamlet {%answer%}", "correct_answers": ["was written by William Shakespeare"]}	89641525-9e35-4cef-b73e-7083e26ca67f	2025-12-24 09:54:15.549488	2025-12-24 09:54:15.549855
224e7a2e-e848-45c7-830d-0b079d6202ae	{"question": "The Pyramids {%answer%}", "correct_answers": ["were built by the Ancient Egyptians"]}	111e91cd-72b3-49d2-b64b-603abd06a458	2025-12-24 09:54:15.549488	2025-12-24 09:54:15.549855
224e7a2e-e848-45c7-830d-0b079d6202ae	{"question": "The wireless {%answer%}", "correct_answers": ["was invented by Guglielmo Marconi"]}	0d5867ef-a6db-46a8-b8d2-e452c81141f4	2025-12-24 09:54:15.549488	2025-12-24 09:54:15.549855
224e7a2e-e848-45c7-830d-0b079d6202ae	{"question": "The Starry Night {%answer%}", "correct_answers": ["was painted by Vincent van Gogh"]}	fb71daae-b559-4c74-aa9e-2859117a2a6b	2025-12-24 09:54:15.549488	2025-12-24 09:54:15.549855
224e7a2e-e848-45c7-830d-0b079d6202ae	{"question": "The World Wide Web {%answer%}", "correct_answers": ["was developed by Sir Tim Berners-Lee"]}	c092139a-3714-4db2-8d00-07f287334116	2025-12-24 09:54:15.549488	2025-12-24 09:54:15.549855
224e7a2e-e848-45c7-830d-0b079d6202ae	{"question": "The Statue of Liberty {%answer%}", "correct_answers": ["was designed by Gustave Eiffel"]}	1728a140-9681-4310-bb2f-f3e420390214	2025-12-24 09:54:15.549488	2025-12-24 09:54:15.549855
224e7a2e-e848-45c7-830d-0b079d6202ae	{"question": "The structure of DNA {%answer%}", "correct_answers": ["was discovered by Crick and Watson"]}	9eb945a6-c279-4ad6-a67b-9caeb030f11e	2025-12-24 09:54:15.549488	2025-12-24 09:54:15.549855
e2e4d775-b699-4e75-9118-29c9a0bbcbea	{"question": "Tanya: This flat is in a good place, but there are a few problems. <br> Landlord: Oh, really? What do you mean? <br> Tanya: The mirror is broken. <br> Landlord: <strong>I’ll&nbsp;have&nbsp;it&nbsp;replaced.</strong> (replace) <br> Tanya: There are marks on the carpet. <br> Landlord: {%answer%} (clean) <br> Tanya: I don’t like the colour of the walls. <br>", "correct_answers": ["I’ll have it cleaned", "I will have it cleaned"]}	b59e2806-4c0f-46ba-ac8f-e74817d7afa7	2025-12-25 15:33:08.159866	2025-12-25 15:33:08.160234
e2e4d775-b699-4e75-9118-29c9a0bbcbea	{"question": "Landlord: {%answer%} (paint) <br> Tanya: All the furniture is in the wrong rooms. <br>", "correct_answers": ["I’ll have them painted", "I will have them painted"]}	63fb5925-d3cc-41e0-bcea-a732bc126c63	2025-12-25 15:33:08.159866	2025-12-25 15:33:08.160234
e2e4d775-b699-4e75-9118-29c9a0bbcbea	{"question": "Landlord: {%answer%} (rearrange) <br> Tanya: One of the chairs is broken. <br>", "correct_answers": ["I’ll have it rearranged", "I will have it rearranged"]}	24a7a16b-4f2d-40c1-aff0-6990f13d4864	2025-12-25 15:33:08.159866	2025-12-25 15:33:08.160234
e2e4d775-b699-4e75-9118-29c9a0bbcbea	{"question": "Landlord: {%answer%} (mend) <br> Tanya: Several of the cupboards are full of old clothes. <br>", "correct_answers": ["I will have it mended", "I’ll have it mended"]}	3ebc5307-e5ff-42c8-b73e-727a880fe632	2025-12-25 15:33:08.159866	2025-12-25 15:33:08.160234
e2e4d775-b699-4e75-9118-29c9a0bbcbea	{"question": "Landlord: {%answer%} (empty) <br> Tanya: The curtains are dirty. <br>", "correct_answers": ["I’ll have them emptied", "I will have them emptied"]}	419de273-3b2d-4531-a5eb-6dd3798b0cc9	2025-12-25 15:33:08.159866	2025-12-25 15:33:08.160234
e2e4d775-b699-4e75-9118-29c9a0bbcbea	{"question": "Landlord: {%answer%} (wash) <br> Tanya: Then I might rent the flat <br>", "correct_answers": ["I’ll have them washed", "I will have them washed"]}	6bf3d7f6-1dc5-47d7-8196-f09b69962295	2025-12-25 15:33:08.159866	2025-12-25 15:33:08.160234
18c00267-7560-4454-805d-ea114d1259d7	{"question": "The students must pay their own fees for this course. <br> The fees for this course {%answer%}", "correct_answers": ["must be paid by the students"]}	64b5ef81-d185-441d-bac9-1055fc3459cc	2025-12-22 09:02:49.46208	2025-12-22 09:02:49.462525
0732c474-3a1b-4080-b2ab-0cc985929163	{"question": "After the way he behaved last time he went to their house, it’s unlikely he {%answer%} asked there again.", "correct_answers": ["will get", "'ll get"]}	ff6d3295-2c42-4aea-afb2-6dd731bab5c6	2025-12-25 15:33:08.159866	2025-12-25 15:33:08.160234
0732c474-3a1b-4080-b2ab-0cc985929163	{"question": "Naturally this vase is expensive. After all, it {%answer%} believed to be over three hundred years old.", "correct_answers": ["is"]}	8cd68087-a488-4a05-8ff9-898fe113d361	2025-12-25 15:33:08.159866	2025-12-25 15:33:08.160234
0732c474-3a1b-4080-b2ab-0cc985929163	{"question": "I phoned to explain what had happened, but I {%answer%} cut off before I could finish.", "correct_answers": ["got"]}	717d2358-9563-44b9-aee3-469c9a9fea5d	2025-12-25 15:33:08.159866	2025-12-25 15:33:08.160234
0732c474-3a1b-4080-b2ab-0cc985929163	{"question": "There isn’t any cheese left, I’m afraid. It {%answer%} eaten by the children.", "correct_answers": ["got"]}	262c0eeb-163d-467d-81f4-60fb6d29b7f4	2025-12-25 15:33:08.159866	2025-12-25 15:33:08.160234
0732c474-3a1b-4080-b2ab-0cc985929163	{"question": "My sister will be thrilled if her design {%answer%} chosen", "correct_answers": ["gets"]}	25326af3-8822-427c-b721-c1b9dd7dbc05	2025-12-25 15:33:08.159866	2025-12-25 15:33:08.160234
0732c474-3a1b-4080-b2ab-0cc985929163	{"question": "The book {%answer%} torn when the cousins started fighting over who should read it first.", "correct_answers": ["got"]}	6129b2ad-ffe6-4f75-a870-950ed1fb46f3	2025-12-25 15:33:08.159866	2025-12-25 15:33:08.160234
0732c474-3a1b-4080-b2ab-0cc985929163	{"question": "Please don’t touch anything on my desk. You {%answer%} supposed to answer the telephone, not tidy the office.", "correct_answers": ["are"]}	44e23424-c63d-491a-a089-a70297234c92	2025-12-25 15:33:08.159866	2025-12-25 15:33:08.160234
0732c474-3a1b-4080-b2ab-0cc985929163	{"question": "She was quite friendly at first, then she {%answer%} promoted and now she doesn’t care about us any more.", "correct_answers": ["got"]}	c5dab9f5-b7b4-44e5-b2ba-ed4677434a57	2025-12-25 15:33:08.159866	2025-12-25 15:33:08.160234
50727bb5-49eb-4534-a3d8-3df2aa0fb8e1	{"question": "It is thought that the hospital is short of money. <br> The hospital {%answer%}", "correct_answers": ["is thought to be short of money"]}	34d1bcda-dd1f-437c-8192-c358e4dfcf43	2025-12-25 15:33:08.159866	2025-12-25 15:33:08.160234
50727bb5-49eb-4534-a3d8-3df2aa0fb8e1	{"question": "It was alleged that the athlete had cheated. <br> The athlete {%answer%}", "correct_answers": ["was alleged to have cheated"]}	f9a32f24-631d-46f0-be73-0edaf52a2185	2025-12-25 15:33:08.159866	2025-12-25 15:33:08.160234
50727bb5-49eb-4534-a3d8-3df2aa0fb8e1	{"question": "It is reported that the prime minister is resigning. <br> The prime minister {%answer%}", "correct_answers": ["is reported to be resigning"]}	97eb3290-2e1c-4f8c-a2ae-042dbab68f65	2025-12-25 15:33:08.159866	2025-12-25 15:33:08.160234
50727bb5-49eb-4534-a3d8-3df2aa0fb8e1	{"question": "It is expected that the new sports stadium will be finished soon. <br> The new sports stadium {%answer%}", "correct_answers": ["is expected to be finished soon"]}	29107789-f308-4671-b97f-3103597c8552	2025-12-25 15:33:08.159866	2025-12-25 15:33:08.160234
50727bb5-49eb-4534-a3d8-3df2aa0fb8e1	{"question": "It is generally considered that sixteen is too young to get married. <br> Sixteen {%answer%}", "correct_answers": ["is generally considered to be too young to get married", "is generally considered too young to get married"]}	ce36ebac-90ed-49a4-8f10-d83c4847edac	2025-12-25 15:33:08.159866	2025-12-25 15:33:08.160234
50727bb5-49eb-4534-a3d8-3df2aa0fb8e1	{"question": "It was thought that the book had been destroyed. <br> The book {%answer%}", "correct_answers": ["was thought to have been destroyed"]}	102303d8-c100-418c-8318-827e1ca40252	2025-12-25 15:33:08.159866	2025-12-25 15:33:08.160234
50727bb5-49eb-4534-a3d8-3df2aa0fb8e1	{"question": "It is believed that the children had been hiding for two weeks. <br> The children {%answer%}", "correct_answers": ["are believed to have been hiding for two weeks"]}	9f870e39-8391-4f2f-951d-9196f6ef0ecf	2025-12-25 15:33:08.159866	2025-12-25 15:33:08.160234
30b2bbb7-9cbe-4970-baaa-b217767e99bf	{"question": "Zoe and Pat are planning a party next Thursday. <br> Zoe: Well, who shall we ask to this party? <br> Pat: Oh, not too many. Just a few people <strong>–</strong> we can be relaxed with. <br> Zoe: Yes, I agree. So, who, for example? <br> Pat: John and Jason, of course, and Carlo. <br> Zoe: Carlo? Who’s he? <br> Pat: He’s the Italian guy <strong>who</strong> is staying with John. <br> Zoe: Oh, yeah. Is he the one {%answer%} wallet got stolen when they were in London? <br>", "correct_answers": ["whose"]}	a6ae03d6-7cf4-4682-a712-6bffb808ad95	2025-12-25 15:33:08.159866	2025-12-25 15:33:08.160234
30b2bbb7-9cbe-4970-baaa-b217767e99bf	{"question": "Pat: That’s right. They caught the guy {%answer%} took it, but he’d already spent all the &nbsp;", "correct_answers": ["who", "that"]}	cd7ffae9-ff8b-4617-8308-3332666a6880	2025-12-25 15:33:08.159866	2025-12-25 15:33:08.160234
30b2bbb7-9cbe-4970-baaa-b217767e99bf	{"question": "money {%answer%} Carlo had brought with him. <br>", "correct_answers": ["-"]}	7e7af6f1-efae-47b3-af49-a402e54b593f	2025-12-25 15:33:08.159866	2025-12-25 15:33:08.160234
30b2bbb7-9cbe-4970-baaa-b217767e99bf	{"question": "Zoe: Poor Carlo. Perhaps the party will cheer him up. <br> Pat: It might, if we ask the girl {%answer%} he’s been going out with. <br>", "correct_answers": ["-"]}	f4027ffa-04e0-4404-a5d6-ad10302b509e	2025-12-25 15:33:08.159866	2025-12-25 15:33:08.160234
30b2bbb7-9cbe-4970-baaa-b217767e99bf	{"question": "Zoe: Who’s that? <br> Pat: Celia’s her name. She works in that cinema {%answer%} they show all the new films. <br>", "correct_answers": ["where"]}	299125c8-5696-450f-b7d2-94916e608e51	2025-12-25 15:33:08.159866	2025-12-25 15:33:08.160234
30b2bbb7-9cbe-4970-baaa-b217767e99bf	{"question": "Zoe: But will she be free on Thursday evening? <br> Pat: Yes, it’s her evening off. That’s the reason {%answer%} I suggested Thursday. <br> Zoe: OK. Who else? What about Nicky and Cheryl? <br>", "correct_answers": ["-"]}	71353c4e-2d09-4ff3-99cf-79397a7f0ea4	2025-12-25 15:33:08.159866	2025-12-25 15:33:08.160234
30b2bbb7-9cbe-4970-baaa-b217767e99bf	{"question": "Pat: Are they the people {%answer%} you went to France with? <br>", "correct_answers": ["-"]}	b2089a74-4220-4e0b-8496-a59651419cb0	2025-12-25 15:33:08.159866	2025-12-25 15:33:08.160234
30b2bbb7-9cbe-4970-baaa-b217767e99bf	{"question": "Zoe: Yes. If they bring their boyfriends, that’ll be ten of us. But have you got a room {%answer%} is big enough? My landlady says we can’t use her sitting room because &nbsp;", "correct_answers": ["that"]}	ad6c64bf-40f8-49f7-aa84-217cbe5296e5	2025-12-25 15:33:08.159866	2025-12-25 15:33:08.160234
30b2bbb7-9cbe-4970-baaa-b217767e99bf	{"question": "we made too much mess the last time {%answer%} she let us have a party. <br>", "correct_answers": ["-"]}	e834f0ac-e656-4864-b025-f3c2e931ccaa	2025-12-25 15:33:08.159866	2025-12-25 15:33:08.160234
30b2bbb7-9cbe-4970-baaa-b217767e99bf	{"question": "Pat: It’s all right. Our house has got a basement {%answer%} we store old furniture. If we clean it up, it’ll be fine. <br> Zoe: Great. Let’s go and have a look at it.", "correct_answers": ["where"]}	7f82fd72-69ee-409b-9a00-a0a84da5c177	2025-12-25 15:33:08.159866	2025-12-25 15:33:08.160234
6417981f-95c1-445d-8771-0b30bb6632ba	{"options": ["a My aunt who works in New York is getting married.", "b My aunt &comma; who works in New York &comma; is getting married."], "question": "I have several aunts. One works in New York. She’s getting married. <br> {%answer%}", "correct_answers": ["a My aunt who works in New York is getting married."]}	37af746b-8913-4d94-9ad0-129b83733058	2025-12-25 15:33:08.159866	2025-12-25 15:33:08.160234
6417981f-95c1-445d-8771-0b30bb6632ba	{"options": ["a The sandwiches which Peter made have all been eaten.", "b The sandwiches &comma; which Peter made &comma; have all been eaten."], "question": "Peter made some sandwiches. They have all been eaten. You made some too. Your sandwiches have not been eaten. <br> {%answer%}", "correct_answers": ["a The sandwiches which Peter made have all been eaten."]}	a470aa82-e30c-4ae7-872b-4a05105976ef	2025-12-25 15:33:08.159866	2025-12-25 15:33:08.160234
6417981f-95c1-445d-8771-0b30bb6632ba	{"options": ["a The local park where we played as children has been built over.", "b The local park &comma; where we played as children &comma; has been built over."], "question": "There was only one park in this town. Someone has built over it. We used to play in the park when we were children. <br> {%answer%}", "correct_answers": ["b The local park &comma; where we played as children &comma; has been built over."]}	e16b67fd-5bb9-4e56-83aa-aa31c6f2cedf	2025-12-25 15:33:08.159866	2025-12-25 15:33:08.160234
6417981f-95c1-445d-8771-0b30bb6632ba	{"options": ["a The French teacher whose house is near mine helps me with my homework.", "b The French teacher &comma; whose house is near mine &comma; helps me with my homework."], "question": "One of my French teachers helps me with my homework. The other one lives too far away. <br> {%answer%}", "correct_answers": ["a The French teacher whose house is near mine helps me with my homework."]}	619bdc07-ca7d-444a-a469-d4c37b463810	2025-12-25 15:33:08.159866	2025-12-25 15:33:08.160234
6417981f-95c1-445d-8771-0b30bb6632ba	{"options": ["a My American cousin who you met last summer is coming to stay again.", "b My American cousin &comma; who you met last summer&comma; is coming to stay again."], "question": "You met one of my cousins last summer, the one from the U.S. He’s coming to stay again. <br> {%answer%}", "correct_answers": ["b My American cousin &comma; who you met last summer &comma; is coming to stay again."]}	732c179f-0d79-43f7-b43c-a3a7bf1babf9	2025-12-25 15:33:08.159866	2025-12-25 15:33:08.160234
6417981f-95c1-445d-8771-0b30bb6632ba	{"options": ["a The woman who had campaigned for better housing conditions has been elected president.", "b The woman &comma; who had campaigned for better housing conditions &comma; has been elected president."], "question": "There were a lot of candidates in the presidential election. Three of them were women. The winner was one of them. She had campaigned for better housing conditions. <br> {%answer%}", "correct_answers": ["a The woman who had campaigned for better housing conditions has been elected president."]}	1f140887-a30d-457e-bc0e-543ea6fcc041	2025-12-25 15:33:08.159866	2025-12-25 15:33:08.160234
6417981f-95c1-445d-8771-0b30bb6632ba	{"options": ["The roses which my boyfriend sent look beautiful in my favourite vase.", "b The roses &comma; which my boyfriend sent &comma; look beautiful in my favourite vase."], "question": "I received lots of flowers when I was ill, but only my boyfriend sent me roses. I put the roses in my favourite vase. <br> {%answer%}", "correct_answers": ["b The roses &comma; which my boyfriend sent &comma; look beautiful in my favourite vase."]}	8b36cf81-fdf5-460b-b22c-4fd5fa056e2f	2025-12-25 15:33:08.159866	2025-12-25 15:33:08.160234
6417981f-95c1-445d-8771-0b30bb6632ba	{"options": ["a The camera which you lent me has been broken.", "b The camera &comma; which you lent me &comma; has been broken."], "question": "I took two cameras away with me. You lent me one of them. That’s the one that got broken. <br> {%answer%}", "correct_answers": ["a The camera which you lent me has been broken."]}	1e47b265-a4db-4196-8854-04d09cec2357	2025-12-25 15:33:08.159866	2025-12-25 15:33:08.160234
fb503d4b-40ec-4240-8d94-b7709acc9cf0	{"question": "Mary Seaco {%answer%}", "correct_answers": ["was a Jamaican who worked as a nurse and saved many lives"]}	fa05ffea-78a2-491a-bdce-9f63b45e81cf	2025-12-25 15:33:08.159866	2025-12-25 15:33:08.160234
fb503d4b-40ec-4240-8d94-b7709acc9cf0	{"question": "Antonio Stradivari {%answer%}", "correct_answers": ["was an Italian who made wonderful violins"]}	8a0417fd-f221-473b-b96e-451017302a1c	2025-12-25 15:33:08.159866	2025-12-25 15:33:08.160234
fb503d4b-40ec-4240-8d94-b7709acc9cf0	{"question": "Ibn Battuta {%answer%}", "correct_answers": ["was a Moroccan who travelled through Africa and Asia"]}	9daffb81-380d-4f24-b9f3-28aabe9b9851	2025-12-25 15:33:08.159866	2025-12-25 15:33:08.160234
fb503d4b-40ec-4240-8d94-b7709acc9cf0	{"question": "Marie Tussaud {%answer%}", "correct_answers": ["was a Swiss woman who opened a waxworks museum in London"]}	897d63d6-966c-43c3-a0ed-b8a354268b74	2025-12-25 15:33:08.159866	2025-12-25 15:33:08.160234
fb503d4b-40ec-4240-8d94-b7709acc9cf0	{"question": "Valentina Tereshkova {%answer%}", "correct_answers": ["is a Russian who was the first female astronaut"]}	1d0a93f1-1529-47d6-acd3-2d3884aebb61	2025-12-25 15:33:08.159866	2025-12-25 15:33:08.160234
fb503d4b-40ec-4240-8d94-b7709acc9cf0	{"question": "Katsushika Hokusai {%answer%}", "correct_answers": ["was a Japanese man who made the famous print The Great Wave off Kanagawa"]}	cb19f0c0-7687-4620-9599-3ac501a1836a	2025-12-25 15:33:08.159866	2025-12-25 15:33:08.160234
fb503d4b-40ec-4240-8d94-b7709acc9cf0	{"question": "Joseph Nicéphore Niépce {%answer%}", "correct_answers": ["was a Frenchman who produced the first permanent photograph"]}	d7f58071-04d2-4ba4-aece-0da61872f28b	2025-12-25 15:33:08.159866	2025-12-25 15:33:08.160234
\.


--
-- Data for Name: murphy_exercises; Type: TABLE DATA; Schema: public; Owner: postgres
--

COPY public.murphy_exercises (unit_id, exercise_type, exercise_number, condition, id, created_at, updated_at) FROM stdin;
c6ebe423-a227-45f7-b42c-552fbde41916	11700	163	Choose the sentence which matches the situation.	6417981f-95c1-445d-8771-0b30bb6632ba	2025-12-25 15:33:08.159866	2025-12-25 15:33:08.160234
407c9062-0911-4435-8074-05534f1cb202	11300	115	Rewrite the <strong> bald </strong> words using "have something done".	33c85ad6-363d-4b05-9bd5-446b2bc504c9	2025-12-23 20:02:07.648771	2025-12-23 20:02:07.649561
3f753db2-aff1-4abe-bb2d-9bf71f940eec	11600	108	Choose the correct alternative	9495352c-b6f5-4c1c-b5d2-5e42b4a91298	2025-12-22 09:02:49.46208	2025-12-22 09:02:49.462525
3f753db2-aff1-4abe-bb2d-9bf71f940eec	11900	106	Put the verbs into the correct passive form.	deb2f785-e65c-4c0b-8766-0c80402bd030	2025-12-22 09:02:49.46208	2025-12-22 09:02:49.462525
e7106e5f-6493-4756-9ea1-85aff5800526	11000	103	Complete the sentences using words from each box. <br> <br> Box 1: <strong>build&nbsp;design&nbsp;develop&nbsp;discover&nbsp;discover&nbsp;invent&nbsp;invent&nbsp;paint&nbsp;write&nbsp;</strong> <br> Box 2: <strong>the&nbsp;Ancient&nbsp;Egyptians&nbsp;Sir&nbsp;Tim&nbsp;Berners-Lee&nbsp;the&nbsp;Chinese&nbsp;Crick&nbsp;and&nbsp;Watson&nbsp;Marie&nbsp;Curie&nbsp;Gustave&nbsp;Eiffel&nbsp;Guglielmo&nbsp;Marconi&nbsp;William&nbsp;Shakespeare&nbsp;Vincent&nbsp;van&nbsp;Gogh</strong> <br> E.x: <strong>Greenland&nbsp;was&nbsp;named&nbsp;by&nbsp;Eric&nbsp;the&nbsp;Red&nbsp;</strong>	224e7a2e-e848-45c7-830d-0b079d6202ae	2025-12-24 09:54:15.549488	2025-12-24 09:54:15.549855
e7106e5f-6493-4756-9ea1-85aff5800526	11800	110	Fill the gaps	31197b9f-ad03-494a-ac51-62d546c789f3	2025-12-22 13:55:08.40262	2025-12-22 13:55:08.403397
47561d20-baa2-4fc1-8734-b1f90a36cc50	11300	107	There are mistakes in eight of these sentences. Correct the sentences where necessary. Write ‘OK’ if the sentence is already correct. <br> <br> E.x: My neighbour is proud of her grandson who born last week.  --> who was born	241636bc-4ab9-4827-af0d-3afd5b6805fc	2025-12-24 09:54:15.549488	2025-12-24 09:54:15.549855
5a2aa093-aa98-4985-a40e-baf749ed5480	11800	114	Tanya wants to rent a flat, but it needs some work before she can move in. She talks to the landlord and he agrees to her suggestions. Complete the conversation using <strong>have</strong> and the verbs in brackets.	e2e4d775-b699-4e75-9118-29c9a0bbcbea	2025-12-25 15:33:08.159866	2025-12-25 15:33:08.160234
3f753db2-aff1-4abe-bb2d-9bf71f940eec	11900	104	Put the verbs into the correct present perfect form, active or passive (has done or  has been done). <br> The woman / open --> The woman has opened it <br> the fruit / eat --> The fruit has been eaten	034ccd68-e28e-493e-9032-322014980126	2025-12-22 09:02:49.46208	2025-12-22 09:02:49.462525
3f753db2-aff1-4abe-bb2d-9bf71f940eec	11900	109	Complete the second sentence so that it has a similar meaning to the first sentence.  Do not use 'BY' unless it is important to the meaning.	18c00267-7560-4454-805d-ea114d1259d7	2025-12-22 09:02:49.46208	2025-12-22 09:02:49.462525
5a2aa093-aa98-4985-a40e-baf749ed5480	11900	111	Complete the sentences with the correct form of <strong>get</strong> where possible and a form of <strong>be</strong> in the others. <br> E.x: I never found that book we were looking for. It <strong>got</strong> lost when we moved house.	0732c474-3a1b-4080-b2ab-0cc985929163	2025-12-25 15:33:08.159866	2025-12-25 15:33:08.160234
47561d20-baa2-4fc1-8734-b1f90a36cc50	11900	112	Complete the second sentence so that it has a similar meaning to the first sentence. <strong>DO&nbsp;NOT&nbsp;USE&nbsp;CONSTRACTION</strong> <br> E.x.: It is said that house prices are too high. <br> House prices <strong>are&nbsp;said&nbsp;to&nbsp;be&nbsp;too&nbsp;high</strong>	50727bb5-49eb-4534-a3d8-3df2aa0fb8e1	2025-12-25 15:33:08.159866	2025-12-25 15:33:08.160234
f3d32ccf-4935-44e3-af73-19726dcdff68	11800	161	Complete the conversation with <strong>who</strong>, <strong>that</strong>, <strong>whose</strong> or <strong>where</strong>. If no word is necessary, leave the space empty <strong>–</strong>	30b2bbb7-9cbe-4970-baaa-b217767e99bf	2025-12-25 15:33:08.159866	2025-12-25 15:33:08.160234
c8d2f53d-518b-4315-96ec-0831d706241a	11800	160	Can you answer the questions about the people in Box A? Use the information from Boxes B and C. <br> <br> Box A (People): <strong>Mary&nbsp;Seacole</strong> <br> <strong>Antonio&nbsp;Stradivari</strong> <br> <strong>Ibn&nbsp;Battuta</strong> <br> <strong>Marie&nbsp;Tussaud</strong> <br> <strong>Valentina&nbsp;Tereshkova</strong> <br> <strong>Katsushika&nbsp;Hokusai</strong> <br> <strong>Joseph&nbsp;Nicéphore&nbsp;Niépce</strong> <br> <br> Box B: <strong>Frenchman</strong>, <strong>Italian</strong>, <strong>Jamaican</strong>, <strong>Japanes&nbsp;man</strong>, <strong>Moroccan</strong>, <strong>Russian</strong>, <strong>Swiss&nbsp;woman</strong> <br> <br> Box C: <strong>He&nbsp;made&nbsp;the&nbsp;famous&nbsp;print&nbsp;The&nbsp;Great&nbsp;Wave&nbsp;off&nbsp;Kanagawa.</strong> <br> <strong>He&nbsp;made&nbsp;wonderful&nbsp;violins.</strong> <br> <strong>He&nbsp;produced&nbsp;the&nbsp;first&nbsp;permanent&nbsp;photograph.</strong> <br> <strong>He&nbsp;travelled&nbsp;through&nbsp;Africa&nbsp;and&nbsp;Asia.</strong> <br> <strong>She&nbsp;opened&nbsp;a&nbsp;waxworks&nbsp;museum&nbsp;in&nbsp;London.</strong> <br> <strong>She&nbsp;was&nbsp;the&nbsp;first&nbsp;female&nbsp;astronaut.</strong> <br> <strong>She&nbsp;worked&nbsp;as&nbsp;a&nbsp;nurse&nbsp;and&nbsp;saved&nbsp;many&nbsp;lives.</strong>	fb503d4b-40ec-4240-8d94-b7709acc9cf0	2025-12-25 15:33:08.159866	2025-12-25 15:33:08.160234
\.


--
-- Data for Name: murphy_units; Type: TABLE DATA; Schema: public; Owner: postgres
--

COPY public.murphy_units (book_id, unit_number, id, created_at, updated_at) FROM stdin;
06bc65e1-e732-4119-b34f-5d8a2aee5dfd	1	e29ccc41-977f-4b19-b199-656320312056	2025-12-18 23:16:27.36049	2025-12-18 23:16:27.360841
06bc65e1-e732-4119-b34f-5d8a2aee5dfd	2	3f81b10e-bfa3-431a-aaf8-e32b528a4d89	2025-12-22 09:02:49.46208	2025-12-22 09:02:49.462525
06bc65e1-e732-4119-b34f-5d8a2aee5dfd	3	6cea641e-519e-41f9-880e-47bf1afda3d8	2025-12-22 09:02:49.46208	2025-12-22 09:02:49.462525
06bc65e1-e732-4119-b34f-5d8a2aee5dfd	4	17e48dc4-466b-46f0-909b-39ab9abf3d56	2025-12-22 09:02:49.46208	2025-12-22 09:02:49.462525
06bc65e1-e732-4119-b34f-5d8a2aee5dfd	5	63c4b3a2-6c2c-4407-bc33-276ae3f7d645	2025-12-22 09:02:49.46208	2025-12-22 09:02:49.462525
06bc65e1-e732-4119-b34f-5d8a2aee5dfd	42	3f753db2-aff1-4abe-bb2d-9bf71f940eec	2025-12-22 09:02:49.46208	2025-12-22 09:02:49.462525
06bc65e1-e732-4119-b34f-5d8a2aee5dfd	43	e7106e5f-6493-4756-9ea1-85aff5800526	2025-12-22 09:02:49.46208	2025-12-22 09:02:49.462525
06bc65e1-e732-4119-b34f-5d8a2aee5dfd	44	47561d20-baa2-4fc1-8734-b1f90a36cc50	2025-12-22 09:02:49.46208	2025-12-22 09:02:49.462525
06bc65e1-e732-4119-b34f-5d8a2aee5dfd	45	5a2aa093-aa98-4985-a40e-baf749ed5480	2025-12-22 09:02:49.46208	2025-12-22 09:02:49.462525
06bc65e1-e732-4119-b34f-5d8a2aee5dfd	46	407c9062-0911-4435-8074-05534f1cb202	2025-12-22 09:02:49.46208	2025-12-22 09:02:49.462525
06bc65e1-e732-4119-b34f-5d8a2aee5dfd	6	969eda7e-393b-4207-ab7c-589dfe54a032	2025-12-24 01:44:11.02076	2025-12-24 01:44:11.022118
06bc65e1-e732-4119-b34f-5d8a2aee5dfd	7	0e2d3e35-e487-4e53-8ccd-231e6f99394b	2025-12-24 01:44:11.02076	2025-12-24 01:44:11.022118
06bc65e1-e732-4119-b34f-5d8a2aee5dfd	8	1c1770b5-0e2b-484a-8f95-0b7daab31178	2025-12-24 01:44:11.02076	2025-12-24 01:44:11.022118
06bc65e1-e732-4119-b34f-5d8a2aee5dfd	9	ff43aab9-5b0d-49b1-9402-51136f5e77e1	2025-12-24 01:44:11.02076	2025-12-24 01:44:11.022118
06bc65e1-e732-4119-b34f-5d8a2aee5dfd	10	5be04b07-0792-4558-b868-4a02f1812e5c	2025-12-24 01:44:11.02076	2025-12-24 01:44:11.022118
06bc65e1-e732-4119-b34f-5d8a2aee5dfd	11	11ca9031-106e-4ce4-ae69-6d44d59a64ab	2025-12-24 01:44:11.02076	2025-12-24 01:44:11.022118
06bc65e1-e732-4119-b34f-5d8a2aee5dfd	12	2b2361a2-7960-41c2-8d9b-2b044e7ca25f	2025-12-24 01:44:11.02076	2025-12-24 01:44:11.022118
06bc65e1-e732-4119-b34f-5d8a2aee5dfd	13	a4a5b355-b70a-46e9-a31b-7a4fcceeed01	2025-12-24 01:44:11.02076	2025-12-24 01:44:11.022118
06bc65e1-e732-4119-b34f-5d8a2aee5dfd	14	bf05e1fd-f559-4138-97fd-6456a8a342d2	2025-12-24 01:44:11.02076	2025-12-24 01:44:11.022118
06bc65e1-e732-4119-b34f-5d8a2aee5dfd	15	ca45fe59-5981-4c04-bbe9-6716d477b7bb	2025-12-24 01:44:11.02076	2025-12-24 01:44:11.022118
06bc65e1-e732-4119-b34f-5d8a2aee5dfd	16	aaf89746-e875-4acb-9507-95326d5bde2f	2025-12-24 01:44:11.02076	2025-12-24 01:44:11.022118
06bc65e1-e732-4119-b34f-5d8a2aee5dfd	17	2966c82d-491b-4b6e-b4e5-aa5da2e29b6e	2025-12-24 01:44:11.02076	2025-12-24 01:44:11.022118
06bc65e1-e732-4119-b34f-5d8a2aee5dfd	18	5c24e03a-f473-4548-944c-9e58fdf2c61f	2025-12-24 01:44:11.02076	2025-12-24 01:44:11.022118
06bc65e1-e732-4119-b34f-5d8a2aee5dfd	19	95309c20-c9be-49a9-8ab3-1a7ff9b9fd07	2025-12-24 01:44:11.02076	2025-12-24 01:44:11.022118
06bc65e1-e732-4119-b34f-5d8a2aee5dfd	20	6e4307d0-a509-4af6-84f9-ef2a6ff6b82b	2025-12-24 01:44:11.02076	2025-12-24 01:44:11.022118
06bc65e1-e732-4119-b34f-5d8a2aee5dfd	21	3ab242c1-a86c-4ad7-915c-a15b6f28772f	2025-12-24 01:44:11.02076	2025-12-24 01:44:11.022118
06bc65e1-e732-4119-b34f-5d8a2aee5dfd	22	e2c70ec3-f0c6-40ad-bee3-8cd12df909a8	2025-12-24 01:44:11.02076	2025-12-24 01:44:11.022118
06bc65e1-e732-4119-b34f-5d8a2aee5dfd	23	938aaab7-2e14-423b-8d4e-1aa19355c53c	2025-12-24 01:44:11.02076	2025-12-24 01:44:11.022118
06bc65e1-e732-4119-b34f-5d8a2aee5dfd	24	a4c47aa2-9cc1-4d92-b68e-5d928204ff7a	2025-12-24 01:44:11.02076	2025-12-24 01:44:11.022118
06bc65e1-e732-4119-b34f-5d8a2aee5dfd	25	41ed1d72-0280-4a51-a665-fc62d5f154d5	2025-12-24 01:44:11.02076	2025-12-24 01:44:11.022118
06bc65e1-e732-4119-b34f-5d8a2aee5dfd	26	b5cbbe8b-1e24-4f70-9ea6-70ae8cf44f4e	2025-12-24 01:44:11.02076	2025-12-24 01:44:11.022118
06bc65e1-e732-4119-b34f-5d8a2aee5dfd	27	7ac76382-0b8f-42ab-88bb-6037d99fc021	2025-12-24 01:44:11.02076	2025-12-24 01:44:11.022118
06bc65e1-e732-4119-b34f-5d8a2aee5dfd	28	01ad85a4-4979-4bec-a810-cb80be63d417	2025-12-24 01:44:11.02076	2025-12-24 01:44:11.022118
06bc65e1-e732-4119-b34f-5d8a2aee5dfd	29	2467fac9-8e39-4982-ac8e-b5e501b19c34	2025-12-24 01:44:11.02076	2025-12-24 01:44:11.022118
06bc65e1-e732-4119-b34f-5d8a2aee5dfd	30	86ee3326-c220-42d5-93d1-06de31fc1698	2025-12-24 01:44:11.02076	2025-12-24 01:44:11.022118
06bc65e1-e732-4119-b34f-5d8a2aee5dfd	31	441e3d4e-257e-45df-89ee-c218a5019147	2025-12-24 01:44:11.02076	2025-12-24 01:44:11.022118
06bc65e1-e732-4119-b34f-5d8a2aee5dfd	32	fd11ad99-dba6-40a1-9900-a4a2dc8ee1a4	2025-12-24 01:44:11.02076	2025-12-24 01:44:11.022118
06bc65e1-e732-4119-b34f-5d8a2aee5dfd	33	a224624f-d8e5-4622-b38d-c2487f2884ff	2025-12-24 01:44:11.02076	2025-12-24 01:44:11.022118
06bc65e1-e732-4119-b34f-5d8a2aee5dfd	34	ed15d801-7350-4d5a-a990-555d1f9542b4	2025-12-24 01:44:11.02076	2025-12-24 01:44:11.022118
06bc65e1-e732-4119-b34f-5d8a2aee5dfd	35	c12455bb-b832-49bd-a978-10f20b133dda	2025-12-24 01:44:11.02076	2025-12-24 01:44:11.022118
06bc65e1-e732-4119-b34f-5d8a2aee5dfd	36	2596030b-babb-458b-9e5f-378eea8adb50	2025-12-24 01:44:11.02076	2025-12-24 01:44:11.022118
06bc65e1-e732-4119-b34f-5d8a2aee5dfd	37	1686a241-f87f-42ce-bc90-69695527142d	2025-12-24 01:44:11.02076	2025-12-24 01:44:11.022118
06bc65e1-e732-4119-b34f-5d8a2aee5dfd	38	986c4b11-09f0-4fcb-9e1c-246263dce896	2025-12-24 01:44:11.02076	2025-12-24 01:44:11.022118
06bc65e1-e732-4119-b34f-5d8a2aee5dfd	39	f5812a97-8928-40b7-b742-f49c215e9193	2025-12-24 01:44:11.02076	2025-12-24 01:44:11.022118
06bc65e1-e732-4119-b34f-5d8a2aee5dfd	40	958d53bc-d5c8-4f43-b856-4229055cfb05	2025-12-24 01:44:11.02076	2025-12-24 01:44:11.022118
06bc65e1-e732-4119-b34f-5d8a2aee5dfd	41	177b71e4-cd75-4d2c-ba0f-0e558ae8ce20	2025-12-24 01:44:11.02076	2025-12-24 01:44:11.022118
06bc65e1-e732-4119-b34f-5d8a2aee5dfd	47	3f1b9dee-e7ac-4ece-9bf0-dc2454903057	2025-12-24 01:44:11.02076	2025-12-24 01:44:11.022118
06bc65e1-e732-4119-b34f-5d8a2aee5dfd	48	bb53d446-1562-4157-a556-4f83cc6bb420	2025-12-24 01:44:11.02076	2025-12-24 01:44:11.022118
06bc65e1-e732-4119-b34f-5d8a2aee5dfd	49	545e8db8-4ca6-4acb-b702-e0b8493941a6	2025-12-24 01:44:11.02076	2025-12-24 01:44:11.022118
06bc65e1-e732-4119-b34f-5d8a2aee5dfd	50	7696820a-06fd-4a4d-808b-600bdb7e4146	2025-12-24 01:44:11.02076	2025-12-24 01:44:11.022118
06bc65e1-e732-4119-b34f-5d8a2aee5dfd	51	325cee66-bea7-482c-8387-87f2ba42318a	2025-12-24 01:44:11.02076	2025-12-24 01:44:11.022118
06bc65e1-e732-4119-b34f-5d8a2aee5dfd	52	8ea04ec4-4044-4bc4-ad5e-99e537eaea25	2025-12-24 01:44:11.02076	2025-12-24 01:44:11.022118
06bc65e1-e732-4119-b34f-5d8a2aee5dfd	53	80eb81de-8486-47a2-967c-5e5587e96caf	2025-12-24 01:44:11.02076	2025-12-24 01:44:11.022118
06bc65e1-e732-4119-b34f-5d8a2aee5dfd	54	5158d55b-d65b-4fa5-9fa7-9f01bf60c277	2025-12-24 01:44:11.02076	2025-12-24 01:44:11.022118
06bc65e1-e732-4119-b34f-5d8a2aee5dfd	55	4f0493f7-4a30-46e2-a4d9-7c657d272b51	2025-12-24 01:44:11.02076	2025-12-24 01:44:11.022118
06bc65e1-e732-4119-b34f-5d8a2aee5dfd	56	0cfba6ca-8a52-4972-a5f1-4479d47d0ed0	2025-12-24 01:44:11.02076	2025-12-24 01:44:11.022118
06bc65e1-e732-4119-b34f-5d8a2aee5dfd	57	43228038-8b21-4f65-ad2e-97317ffa22a8	2025-12-24 01:44:11.02076	2025-12-24 01:44:11.022118
06bc65e1-e732-4119-b34f-5d8a2aee5dfd	58	30cf1268-f1df-40f1-a142-a707c125a87d	2025-12-24 01:44:11.02076	2025-12-24 01:44:11.022118
06bc65e1-e732-4119-b34f-5d8a2aee5dfd	59	87c3fc9c-7ceb-4dbc-a8a7-977eaa6afe1f	2025-12-24 01:44:11.02076	2025-12-24 01:44:11.022118
06bc65e1-e732-4119-b34f-5d8a2aee5dfd	60	a80f1a26-b798-4707-b619-02cee4e5523a	2025-12-24 01:44:11.02076	2025-12-24 01:44:11.022118
06bc65e1-e732-4119-b34f-5d8a2aee5dfd	61	aa05a6fb-262f-4880-ab8e-adb3f8696476	2025-12-24 01:44:11.02076	2025-12-24 01:44:11.022118
06bc65e1-e732-4119-b34f-5d8a2aee5dfd	62	93664b82-db54-4c1f-a832-6ec80936cb73	2025-12-24 01:44:11.02076	2025-12-24 01:44:11.022118
06bc65e1-e732-4119-b34f-5d8a2aee5dfd	63	f37a7b76-310e-48b7-b39a-0bb44bcd74b7	2025-12-24 01:44:11.02076	2025-12-24 01:44:11.022118
06bc65e1-e732-4119-b34f-5d8a2aee5dfd	64	045a9965-ae79-4778-ab3c-1feeab4dd484	2025-12-24 01:44:11.02076	2025-12-24 01:44:11.022118
06bc65e1-e732-4119-b34f-5d8a2aee5dfd	65	b6b97820-175d-46e3-a707-763f1f6bd50c	2025-12-24 01:44:11.02076	2025-12-24 01:44:11.022118
06bc65e1-e732-4119-b34f-5d8a2aee5dfd	66	a0497ee1-639b-4af7-a1d0-7d17c522d496	2025-12-24 01:44:11.02076	2025-12-24 01:44:11.022118
06bc65e1-e732-4119-b34f-5d8a2aee5dfd	67	89ba4125-d149-4c58-9489-065bc4297206	2025-12-24 01:44:11.02076	2025-12-24 01:44:11.022118
06bc65e1-e732-4119-b34f-5d8a2aee5dfd	68	931920f6-ea29-4eeb-84d4-4391ab680a11	2025-12-24 01:44:11.02076	2025-12-24 01:44:11.022118
06bc65e1-e732-4119-b34f-5d8a2aee5dfd	69	6b708d5c-67fe-4feb-82c9-a9b2c6a63d11	2025-12-24 01:44:11.02076	2025-12-24 01:44:11.022118
06bc65e1-e732-4119-b34f-5d8a2aee5dfd	70	fbe395f2-7a2f-4d6f-949d-c75e1eff5729	2025-12-24 01:44:11.02076	2025-12-24 01:44:11.022118
06bc65e1-e732-4119-b34f-5d8a2aee5dfd	71	f5c666df-d000-4852-a35b-517f36255d6d	2025-12-24 01:44:11.02076	2025-12-24 01:44:11.022118
06bc65e1-e732-4119-b34f-5d8a2aee5dfd	72	6516abdc-b455-4bf9-8322-54d2e53ca4a6	2025-12-24 01:44:11.02076	2025-12-24 01:44:11.022118
06bc65e1-e732-4119-b34f-5d8a2aee5dfd	73	f0dd9c85-ea4f-44a9-afe1-4b410a7de55c	2025-12-24 01:44:11.02076	2025-12-24 01:44:11.022118
06bc65e1-e732-4119-b34f-5d8a2aee5dfd	74	a33e7e53-03b7-41fa-8ccf-e171fa5df7a0	2025-12-24 01:44:11.02076	2025-12-24 01:44:11.022118
06bc65e1-e732-4119-b34f-5d8a2aee5dfd	75	73a9b0cb-4c86-42cf-978c-5aa3c0a719b5	2025-12-24 01:44:11.02076	2025-12-24 01:44:11.022118
06bc65e1-e732-4119-b34f-5d8a2aee5dfd	76	638bd601-23a9-45d5-9c11-96a2abee1777	2025-12-24 01:44:11.02076	2025-12-24 01:44:11.022118
06bc65e1-e732-4119-b34f-5d8a2aee5dfd	77	3baf97b9-c02d-48e5-9957-9043caa545b7	2025-12-24 01:44:11.02076	2025-12-24 01:44:11.022118
06bc65e1-e732-4119-b34f-5d8a2aee5dfd	78	f73d80b2-5719-4f46-b113-fb1065d26d88	2025-12-24 01:44:11.02076	2025-12-24 01:44:11.022118
06bc65e1-e732-4119-b34f-5d8a2aee5dfd	79	6ad8c1e4-29b5-47e3-9c73-2b8ee47838a9	2025-12-24 01:44:11.02076	2025-12-24 01:44:11.022118
06bc65e1-e732-4119-b34f-5d8a2aee5dfd	80	f0950e49-5757-431f-b367-342738dcf4d0	2025-12-24 01:44:11.02076	2025-12-24 01:44:11.022118
06bc65e1-e732-4119-b34f-5d8a2aee5dfd	81	a48c4956-f74d-4244-ada4-198a16210cc9	2025-12-24 01:44:11.02076	2025-12-24 01:44:11.022118
06bc65e1-e732-4119-b34f-5d8a2aee5dfd	82	44941566-08cd-4ec6-9c58-a6317683c52c	2025-12-24 01:44:11.02076	2025-12-24 01:44:11.022118
06bc65e1-e732-4119-b34f-5d8a2aee5dfd	83	fe34f334-147d-4761-b474-3033b2699536	2025-12-24 01:44:11.02076	2025-12-24 01:44:11.022118
06bc65e1-e732-4119-b34f-5d8a2aee5dfd	84	c085c798-5ca0-41e2-a7dc-bfc4ce6fa9da	2025-12-24 01:44:11.02076	2025-12-24 01:44:11.022118
06bc65e1-e732-4119-b34f-5d8a2aee5dfd	85	a89bb00b-9980-4f4f-95bb-ce124ebe0565	2025-12-24 01:44:11.02076	2025-12-24 01:44:11.022118
06bc65e1-e732-4119-b34f-5d8a2aee5dfd	86	1be57983-cb61-44fc-bf2e-2cab8f6aab25	2025-12-24 01:44:11.02076	2025-12-24 01:44:11.022118
06bc65e1-e732-4119-b34f-5d8a2aee5dfd	87	017042e6-fb8b-43f4-8844-d2579ce5a5b3	2025-12-24 01:44:11.02076	2025-12-24 01:44:11.022118
06bc65e1-e732-4119-b34f-5d8a2aee5dfd	88	7efaa66d-b356-4d71-b64c-9ee836f1b3e0	2025-12-24 01:44:11.02076	2025-12-24 01:44:11.022118
06bc65e1-e732-4119-b34f-5d8a2aee5dfd	89	3f1457e0-76d2-4eff-8b06-3362684a74aa	2025-12-24 01:44:11.02076	2025-12-24 01:44:11.022118
06bc65e1-e732-4119-b34f-5d8a2aee5dfd	90	25a67087-b40f-405c-894f-7b70e4539a83	2025-12-24 01:44:11.02076	2025-12-24 01:44:11.022118
06bc65e1-e732-4119-b34f-5d8a2aee5dfd	91	0cf9e024-6439-4984-8d31-e3e5cb6c0951	2025-12-24 01:44:11.02076	2025-12-24 01:44:11.022118
06bc65e1-e732-4119-b34f-5d8a2aee5dfd	92	f3d32ccf-4935-44e3-af73-19726dcdff68	2025-12-24 01:44:11.02076	2025-12-24 01:44:11.022118
06bc65e1-e732-4119-b34f-5d8a2aee5dfd	93	c6ebe423-a227-45f7-b42c-552fbde41916	2025-12-24 01:44:11.02076	2025-12-24 01:44:11.022118
06bc65e1-e732-4119-b34f-5d8a2aee5dfd	94	c8d2f53d-518b-4315-96ec-0831d706241a	2025-12-24 01:44:11.02076	2025-12-24 01:44:11.022118
06bc65e1-e732-4119-b34f-5d8a2aee5dfd	95	ce4844cc-8c07-409a-87ac-801d9aceda98	2025-12-24 01:44:11.02076	2025-12-24 01:44:11.022118
06bc65e1-e732-4119-b34f-5d8a2aee5dfd	96	ff4cba54-b529-44f2-853e-16bec2601186	2025-12-24 01:44:11.02076	2025-12-24 01:44:11.022118
06bc65e1-e732-4119-b34f-5d8a2aee5dfd	97	c17d5615-7295-41ce-93e4-84ef42381033	2025-12-24 01:44:11.02076	2025-12-24 01:44:11.022118
06bc65e1-e732-4119-b34f-5d8a2aee5dfd	98	ec18b2b4-eedc-468a-bddb-ad057ec4c012	2025-12-24 01:44:11.02076	2025-12-24 01:44:11.022118
06bc65e1-e732-4119-b34f-5d8a2aee5dfd	99	b3918f92-62f3-44e9-9f02-8b1c0270eed9	2025-12-24 01:44:11.02076	2025-12-24 01:44:11.022118
06bc65e1-e732-4119-b34f-5d8a2aee5dfd	100	aafa8c84-3424-4d2f-b2c0-58cb91530e16	2025-12-24 01:44:11.02076	2025-12-24 01:44:11.022118
06bc65e1-e732-4119-b34f-5d8a2aee5dfd	101	2d3af56f-24f4-4082-91f6-10cbc66b5101	2025-12-24 01:44:11.02076	2025-12-24 01:44:11.022118
06bc65e1-e732-4119-b34f-5d8a2aee5dfd	102	3b8fd8b0-f5f3-4632-ae63-d1a951462791	2025-12-24 01:44:11.02076	2025-12-24 01:44:11.022118
06bc65e1-e732-4119-b34f-5d8a2aee5dfd	103	c21f7192-6b41-470b-bc14-2f32e85e6f5b	2025-12-24 01:44:11.02076	2025-12-24 01:44:11.022118
06bc65e1-e732-4119-b34f-5d8a2aee5dfd	104	0909ac4d-e928-4729-85ff-c29a5e835d76	2025-12-24 01:44:11.02076	2025-12-24 01:44:11.022118
06bc65e1-e732-4119-b34f-5d8a2aee5dfd	105	bca0e916-8f70-4fa9-b174-c6e5d872d978	2025-12-24 01:44:11.02076	2025-12-24 01:44:11.022118
06bc65e1-e732-4119-b34f-5d8a2aee5dfd	106	f5cc7375-558e-49b9-a5a5-b25d6c5c0c47	2025-12-24 01:44:11.02076	2025-12-24 01:44:11.022118
06bc65e1-e732-4119-b34f-5d8a2aee5dfd	107	84c0a1e3-3a31-423a-a436-68aa3bee32fd	2025-12-24 01:44:11.02076	2025-12-24 01:44:11.022118
06bc65e1-e732-4119-b34f-5d8a2aee5dfd	108	649d0bd1-67f8-4524-b9e2-46bd8d5b88fb	2025-12-24 01:44:11.02076	2025-12-24 01:44:11.022118
06bc65e1-e732-4119-b34f-5d8a2aee5dfd	109	9297ab1a-0799-4636-8adb-05e92299b731	2025-12-24 01:44:11.02076	2025-12-24 01:44:11.022118
06bc65e1-e732-4119-b34f-5d8a2aee5dfd	110	f809152a-4e95-424a-99a4-2411884d2c20	2025-12-24 01:44:11.02076	2025-12-24 01:44:11.022118
06bc65e1-e732-4119-b34f-5d8a2aee5dfd	111	89e6f296-335e-44d6-9c57-07e11eca2b8f	2025-12-24 01:44:11.02076	2025-12-24 01:44:11.022118
06bc65e1-e732-4119-b34f-5d8a2aee5dfd	112	55d5c2c7-4906-4ca0-af00-0a0077edb9e8	2025-12-24 01:44:11.02076	2025-12-24 01:44:11.022118
06bc65e1-e732-4119-b34f-5d8a2aee5dfd	113	2e25b9b4-a82f-4d37-a05b-aff3d1968e77	2025-12-24 01:44:11.02076	2025-12-24 01:44:11.022118
06bc65e1-e732-4119-b34f-5d8a2aee5dfd	114	602d09fa-747e-44a3-937c-dcaef4104ae9	2025-12-24 01:44:11.02076	2025-12-24 01:44:11.022118
06bc65e1-e732-4119-b34f-5d8a2aee5dfd	115	c8786499-9aa6-4d0b-9ec9-7c2d0c30d117	2025-12-24 01:44:11.02076	2025-12-24 01:44:11.022118
06bc65e1-e732-4119-b34f-5d8a2aee5dfd	116	375adbf0-5f9f-4cbf-80bb-8fd5bf64fe1b	2025-12-24 01:44:11.02076	2025-12-24 01:44:11.022118
06bc65e1-e732-4119-b34f-5d8a2aee5dfd	117	f631bfd5-fa53-468e-9c96-c06ccaf6d49f	2025-12-24 01:44:11.02076	2025-12-24 01:44:11.022118
06bc65e1-e732-4119-b34f-5d8a2aee5dfd	118	828da2e9-7728-401d-affe-7a3aeda6e37f	2025-12-24 01:44:11.02076	2025-12-24 01:44:11.022118
06bc65e1-e732-4119-b34f-5d8a2aee5dfd	119	2d05fc57-334f-4b77-9294-b50604be49b0	2025-12-24 01:44:11.02076	2025-12-24 01:44:11.022118
06bc65e1-e732-4119-b34f-5d8a2aee5dfd	120	1077a38d-52e9-4bd7-9fa4-110653ce522b	2025-12-24 01:44:11.02076	2025-12-24 01:44:11.022118
\.


--
-- Data for Name: student_results; Type: TABLE DATA; Schema: public; Owner: postgres
--

COPY public.student_results (student_id, week_id, type, fails_count, passed, exercise_id, exercise_question_id, vocabulary_unit_id, vocabulary_id, id, created_at, updated_at) FROM stdin;
06401d29-f8ea-4fc5-8db9-ba74cda2fa6b	47d70240-2c47-4a8f-bfe1-58f1cd6f677c	Exercise	1	f	241636bc-4ab9-4827-af0d-3afd5b6805fc	0d12b047-4705-42bd-8451-202b7ab7c920	\N	\N	fad3925b-41c7-4f03-8015-4d272288ee5a	2025-12-25 15:33:08.159866	2025-12-25 15:33:08.160234
06401d29-f8ea-4fc5-8db9-ba74cda2fa6b	47d70240-2c47-4a8f-bfe1-58f1cd6f677c	Exercise	1	f	034ccd68-e28e-493e-9032-322014980126	0ab2b2c6-59a6-4126-bdd4-b23bd22d091a	\N	\N	f582b281-a9a4-468c-b7f9-87e1f4cdf0ec	2025-12-25 15:33:08.159866	2025-12-25 15:33:08.160234
06401d29-f8ea-4fc5-8db9-ba74cda2fa6b	47d70240-2c47-4a8f-bfe1-58f1cd6f677c	Exercise	0	t	deb2f785-e65c-4c0b-8766-0c80402bd030	c5c2369f-f790-444a-bcf1-42519d316493	\N	\N	cd966da3-a2c1-4d2c-8d86-9004a4b4f876	2025-12-23 20:02:07.648771	2025-12-23 20:02:07.649561
06401d29-f8ea-4fc5-8db9-ba74cda2fa6b	47d70240-2c47-4a8f-bfe1-58f1cd6f677c	Exercise	0	t	deb2f785-e65c-4c0b-8766-0c80402bd030	6e0db19c-8d2a-47f9-9aa9-2798782f8be1	\N	\N	e162c69c-f41f-48af-826d-e39f17582d07	2025-12-23 20:02:07.648771	2025-12-23 20:02:07.649561
06401d29-f8ea-4fc5-8db9-ba74cda2fa6b	47d70240-2c47-4a8f-bfe1-58f1cd6f677c	Exercise	1	f	deb2f785-e65c-4c0b-8766-0c80402bd030	3d517861-baab-44ad-942a-ad24a2971736	\N	\N	59639a0e-8739-477b-b55e-5c6575567743	2025-12-23 20:02:07.648771	2025-12-23 20:02:07.649561
06401d29-f8ea-4fc5-8db9-ba74cda2fa6b	47d70240-2c47-4a8f-bfe1-58f1cd6f677c	Exercise	1	f	deb2f785-e65c-4c0b-8766-0c80402bd030	0c7f3551-26ed-4963-a14a-7f2a23f33010	\N	\N	723c9f6a-7cfe-4f59-a1a9-3c31493f493a	2025-12-23 20:02:07.648771	2025-12-23 20:02:07.649561
06401d29-f8ea-4fc5-8db9-ba74cda2fa6b	47d70240-2c47-4a8f-bfe1-58f1cd6f677c	Exercise	1	f	deb2f785-e65c-4c0b-8766-0c80402bd030	2210d8ad-4098-4d0f-8944-9f2572836699	\N	\N	c88f3c68-61ad-4e5e-9dde-af47c6365580	2025-12-23 20:02:07.648771	2025-12-23 20:02:07.649561
06401d29-f8ea-4fc5-8db9-ba74cda2fa6b	47d70240-2c47-4a8f-bfe1-58f1cd6f677c	Exercise	0	t	deb2f785-e65c-4c0b-8766-0c80402bd030	8490af1c-f110-4c59-a9ec-de20b7b4d241	\N	\N	9c9cad53-beaf-49d9-9366-6a77caa5de1c	2025-12-23 20:02:07.648771	2025-12-23 20:02:07.649561
06401d29-f8ea-4fc5-8db9-ba74cda2fa6b	9bcf8f43-8197-4803-9607-81c1e2fbc45f	Exercise	0	t	33c85ad6-363d-4b05-9bd5-446b2bc504c9	20fdb7c9-3113-4b81-a617-546e1b89d2ca	\N	\N	8234222c-3569-44fc-89a0-8cbacb7dc65c	2025-12-23 20:02:07.648771	2025-12-23 20:02:07.649561
06401d29-f8ea-4fc5-8db9-ba74cda2fa6b	9bcf8f43-8197-4803-9607-81c1e2fbc45f	Exercise	0	t	33c85ad6-363d-4b05-9bd5-446b2bc504c9	f24da344-126c-4b2c-adef-78384c3e339d	\N	\N	5046c2c3-f538-4264-bc64-d4c7772de925	2025-12-23 20:02:07.648771	2025-12-23 20:02:07.649561
06401d29-f8ea-4fc5-8db9-ba74cda2fa6b	47d70240-2c47-4a8f-bfe1-58f1cd6f677c	Exercise	0	t	034ccd68-e28e-493e-9032-322014980126	9823bec3-d537-414b-85b9-8f609583160f	\N	\N	0e0a7ab0-b15b-49e8-a45c-2bff7839fe48	2025-12-25 15:33:08.159866	2025-12-25 15:33:08.160234
06401d29-f8ea-4fc5-8db9-ba74cda2fa6b	47d70240-2c47-4a8f-bfe1-58f1cd6f677c	Exercise	0	t	034ccd68-e28e-493e-9032-322014980126	d0b65a1f-1741-4279-99dc-09742918b3a9	\N	\N	4c09a4d7-d2ba-44fe-bd16-0854ed5c938b	2025-12-25 15:33:08.159866	2025-12-25 15:33:08.160234
06401d29-f8ea-4fc5-8db9-ba74cda2fa6b	47d70240-2c47-4a8f-bfe1-58f1cd6f677c	Exercise	0	t	034ccd68-e28e-493e-9032-322014980126	3cc26030-89f9-4f20-b6ea-a3c712e0fcff	\N	\N	e826cfd3-2220-4287-bed3-c13bae1f7185	2025-12-25 15:33:08.159866	2025-12-25 15:33:08.160234
06401d29-f8ea-4fc5-8db9-ba74cda2fa6b	47d70240-2c47-4a8f-bfe1-58f1cd6f677c	Exercise	0	t	e2e4d775-b699-4e75-9118-29c9a0bbcbea	63fb5925-d3cc-41e0-bcea-a732bc126c63	\N	\N	1406545b-f193-42f4-b3f3-c49050fd4d90	2025-12-25 15:33:08.159866	2025-12-25 15:33:08.160234
06401d29-f8ea-4fc5-8db9-ba74cda2fa6b	47d70240-2c47-4a8f-bfe1-58f1cd6f677c	Exercise	0	t	e2e4d775-b699-4e75-9118-29c9a0bbcbea	24a7a16b-4f2d-40c1-aff0-6990f13d4864	\N	\N	cddbdf0f-fe7e-4967-9886-a57087ddf9d0	2025-12-25 15:33:08.159866	2025-12-25 15:33:08.160234
06401d29-f8ea-4fc5-8db9-ba74cda2fa6b	47d70240-2c47-4a8f-bfe1-58f1cd6f677c	Exercise	0	t	e2e4d775-b699-4e75-9118-29c9a0bbcbea	3ebc5307-e5ff-42c8-b73e-727a880fe632	\N	\N	4810dbd0-7025-4474-9f7a-9426470b7ad5	2025-12-25 15:33:08.159866	2025-12-25 15:33:08.160234
06401d29-f8ea-4fc5-8db9-ba74cda2fa6b	47d70240-2c47-4a8f-bfe1-58f1cd6f677c	Exercise	0	t	e2e4d775-b699-4e75-9118-29c9a0bbcbea	419de273-3b2d-4531-a5eb-6dd3798b0cc9	\N	\N	5293d548-fd0e-4ad7-a518-91935af6fbcd	2025-12-25 15:33:08.159866	2025-12-25 15:33:08.160234
06401d29-f8ea-4fc5-8db9-ba74cda2fa6b	47d70240-2c47-4a8f-bfe1-58f1cd6f677c	Exercise	0	t	e2e4d775-b699-4e75-9118-29c9a0bbcbea	6bf3d7f6-1dc5-47d7-8196-f09b69962295	\N	\N	471d178e-8ecc-4f1f-91d0-6ec5760754d2	2025-12-25 15:33:08.159866	2025-12-25 15:33:08.160234
06401d29-f8ea-4fc5-8db9-ba74cda2fa6b	47d70240-2c47-4a8f-bfe1-58f1cd6f677c	Exercise	1	t	e2e4d775-b699-4e75-9118-29c9a0bbcbea	b59e2806-4c0f-46ba-ac8f-e74817d7afa7	\N	\N	421ffc1f-9954-4f45-81be-0e67ab662e8b	2025-12-25 15:33:08.159866	2025-12-25 15:33:08.160251
06401d29-f8ea-4fc5-8db9-ba74cda2fa6b	47d70240-2c47-4a8f-bfe1-58f1cd6f677c	Exercise	0	t	241636bc-4ab9-4827-af0d-3afd5b6805fc	05ad710b-5c0d-4bdb-9d1a-47ff4d77d8ea	\N	\N	adbee92a-812d-4484-b3bc-b71c41d901b0	2025-12-25 15:33:08.159866	2025-12-25 15:33:08.160234
06401d29-f8ea-4fc5-8db9-ba74cda2fa6b	47d70240-2c47-4a8f-bfe1-58f1cd6f677c	Exercise	0	t	241636bc-4ab9-4827-af0d-3afd5b6805fc	e191de9d-2766-4858-a251-d66bab6ecac8	\N	\N	70bfbb9c-8725-493c-a040-3a0e92a392b1	2025-12-25 15:33:08.159866	2025-12-25 15:33:08.160234
06401d29-f8ea-4fc5-8db9-ba74cda2fa6b	47d70240-2c47-4a8f-bfe1-58f1cd6f677c	Exercise	0	t	241636bc-4ab9-4827-af0d-3afd5b6805fc	9ccdca4e-61e8-48f1-8f8a-ee1730946e2c	\N	\N	dd888ec4-c216-492c-b039-91eb02ff55f8	2025-12-25 15:33:08.159866	2025-12-25 15:33:08.160234
06401d29-f8ea-4fc5-8db9-ba74cda2fa6b	47d70240-2c47-4a8f-bfe1-58f1cd6f677c	Exercise	1	f	241636bc-4ab9-4827-af0d-3afd5b6805fc	f4babd1b-7968-43e5-a0d5-c406080b8fe2	\N	\N	2e3665a6-5197-4a83-8c69-59756eb7c867	2025-12-25 15:33:08.159866	2025-12-25 15:33:08.160234
06401d29-f8ea-4fc5-8db9-ba74cda2fa6b	47d70240-2c47-4a8f-bfe1-58f1cd6f677c	Exercise	1	f	241636bc-4ab9-4827-af0d-3afd5b6805fc	289cbf4e-0696-4e93-b1cc-cdb0dbf0a6a8	\N	\N	d1302892-9a48-4e84-a10f-705d9ad749ec	2025-12-25 15:33:08.159866	2025-12-25 15:33:08.160234
06401d29-f8ea-4fc5-8db9-ba74cda2fa6b	47d70240-2c47-4a8f-bfe1-58f1cd6f677c	Exercise	0	t	241636bc-4ab9-4827-af0d-3afd5b6805fc	e09f86bb-fbf8-4e19-89f6-d4ddf1458a67	\N	\N	386f52c3-dd0b-48af-b772-7f05a9391c02	2025-12-25 15:33:08.159866	2025-12-25 15:33:08.160234
06401d29-f8ea-4fc5-8db9-ba74cda2fa6b	47d70240-2c47-4a8f-bfe1-58f1cd6f677c	Exercise	1	f	241636bc-4ab9-4827-af0d-3afd5b6805fc	e74c0d66-d758-4bba-950b-a0d79c2b8c2f	\N	\N	34654b9d-b72e-45fb-ae02-12b273ca6bda	2025-12-25 15:33:08.159866	2025-12-25 15:33:08.160234
06401d29-f8ea-4fc5-8db9-ba74cda2fa6b	47d70240-2c47-4a8f-bfe1-58f1cd6f677c	Exercise	0	t	241636bc-4ab9-4827-af0d-3afd5b6805fc	c89d9bba-6002-4a08-9a82-2adf72c0332c	\N	\N	5d10aa2a-9997-4b4b-a7a4-b971f4b59071	2025-12-25 15:33:08.159866	2025-12-25 15:33:08.160234
06401d29-f8ea-4fc5-8db9-ba74cda2fa6b	47d70240-2c47-4a8f-bfe1-58f1cd6f677c	Exercise	1	f	241636bc-4ab9-4827-af0d-3afd5b6805fc	aa7f0b76-536e-4af2-8151-27533921c9db	\N	\N	608f43bd-533c-4ebb-ae55-87b3306bd5dc	2025-12-25 15:33:08.159866	2025-12-25 15:33:08.160234
06401d29-f8ea-4fc5-8db9-ba74cda2fa6b	47d70240-2c47-4a8f-bfe1-58f1cd6f677c	Exercise	0	t	034ccd68-e28e-493e-9032-322014980126	27eb68d3-5412-40a5-adb3-346cec16ee16	\N	\N	bd93cd4b-1089-48e4-ba84-6bb2878a249f	2025-12-25 15:33:08.159866	2025-12-25 15:33:08.160234
06401d29-f8ea-4fc5-8db9-ba74cda2fa6b	47d70240-2c47-4a8f-bfe1-58f1cd6f677c	Exercise	1	f	034ccd68-e28e-493e-9032-322014980126	e4709bdb-1f61-465c-b40f-b527d02ece05	\N	\N	aa71b0b8-3209-4070-8b27-853f2d7a7454	2025-12-25 15:33:08.159866	2025-12-25 15:33:08.160234
06401d29-f8ea-4fc5-8db9-ba74cda2fa6b	47d70240-2c47-4a8f-bfe1-58f1cd6f677c	Exercise	1	f	18c00267-7560-4454-805d-ea114d1259d7	c0f0ae86-3b43-4be9-8780-13133640492c	\N	\N	6cbbf7a9-06e6-4be5-925d-0ee53e740690	2025-12-25 15:33:08.159866	2025-12-25 15:33:08.160234
06401d29-f8ea-4fc5-8db9-ba74cda2fa6b	47d70240-2c47-4a8f-bfe1-58f1cd6f677c	Exercise	1	f	18c00267-7560-4454-805d-ea114d1259d7	7f310fb3-df20-49b4-8272-479b19ce8182	\N	\N	d95b9566-0d1f-4280-9984-9222fd0ab58a	2025-12-25 15:33:08.159866	2025-12-25 15:33:08.160234
06401d29-f8ea-4fc5-8db9-ba74cda2fa6b	47d70240-2c47-4a8f-bfe1-58f1cd6f677c	Exercise	1	f	18c00267-7560-4454-805d-ea114d1259d7	95f70143-f5ed-4eae-a880-e93094715748	\N	\N	6fea8a04-7525-40b6-b1bf-90c4f03fb477	2025-12-25 15:33:08.159866	2025-12-25 15:33:08.160234
06401d29-f8ea-4fc5-8db9-ba74cda2fa6b	47d70240-2c47-4a8f-bfe1-58f1cd6f677c	Exercise	1	f	18c00267-7560-4454-805d-ea114d1259d7	1355e996-dadc-4763-ae67-2d0d7f658789	\N	\N	383a7caf-4d13-4013-b7a5-4ed5bc087179	2025-12-25 15:33:08.159866	2025-12-25 15:33:08.160234
06401d29-f8ea-4fc5-8db9-ba74cda2fa6b	47d70240-2c47-4a8f-bfe1-58f1cd6f677c	Exercise	1	f	18c00267-7560-4454-805d-ea114d1259d7	fb939715-2cc9-44ae-904c-36c6cd574b47	\N	\N	3e6bd2b0-5182-49c2-b727-8eb469d6cc55	2025-12-25 15:33:08.159866	2025-12-25 15:33:08.160234
06401d29-f8ea-4fc5-8db9-ba74cda2fa6b	47d70240-2c47-4a8f-bfe1-58f1cd6f677c	Exercise	1	f	18c00267-7560-4454-805d-ea114d1259d7	486fe85d-b87c-4963-8713-415ec9c52c72	\N	\N	8b0ef7ae-00de-43fd-81d0-f2d0c2736dd7	2025-12-25 15:33:08.159866	2025-12-25 15:33:08.160234
06401d29-f8ea-4fc5-8db9-ba74cda2fa6b	47d70240-2c47-4a8f-bfe1-58f1cd6f677c	Exercise	1	f	18c00267-7560-4454-805d-ea114d1259d7	1ca53846-b457-48c3-891e-1dffa51acc43	\N	\N	8cca7bb0-6821-4dc9-b729-12187a66ac44	2025-12-25 15:33:08.159866	2025-12-25 15:33:08.160234
06401d29-f8ea-4fc5-8db9-ba74cda2fa6b	47d70240-2c47-4a8f-bfe1-58f1cd6f677c	Exercise	1	f	18c00267-7560-4454-805d-ea114d1259d7	435650ad-3dc5-46c2-b743-8150ec508694	\N	\N	1273d7bd-26da-4c66-8e65-5ff932da91c2	2025-12-25 15:33:08.159866	2025-12-25 15:33:08.160234
06401d29-f8ea-4fc5-8db9-ba74cda2fa6b	47d70240-2c47-4a8f-bfe1-58f1cd6f677c	Exercise	1	f	18c00267-7560-4454-805d-ea114d1259d7	b06b4068-917b-4eb8-978a-9a7c5d4d78e9	\N	\N	d8c322e2-cbd5-4428-b36b-2b693f8e6955	2025-12-25 15:33:08.159866	2025-12-25 15:33:08.160234
06401d29-f8ea-4fc5-8db9-ba74cda2fa6b	47d70240-2c47-4a8f-bfe1-58f1cd6f677c	Exercise	1	f	18c00267-7560-4454-805d-ea114d1259d7	ff23738c-f89f-4df1-b938-e25477ea2cac	\N	\N	06288436-6966-4065-9543-50724f28d303	2025-12-25 15:33:08.159866	2025-12-25 15:33:08.160234
06401d29-f8ea-4fc5-8db9-ba74cda2fa6b	47d70240-2c47-4a8f-bfe1-58f1cd6f677c	Exercise	1	f	18c00267-7560-4454-805d-ea114d1259d7	f960af96-0d91-4d85-9840-50fb529cb7f5	\N	\N	0f716228-c11f-40b4-b5c6-0d86650437ec	2025-12-25 15:33:08.159866	2025-12-25 15:33:08.160234
06401d29-f8ea-4fc5-8db9-ba74cda2fa6b	47d70240-2c47-4a8f-bfe1-58f1cd6f677c	Exercise	1	f	18c00267-7560-4454-805d-ea114d1259d7	fe9b5102-1b97-49dd-b311-3a9e7b30ae61	\N	\N	87514628-ea31-4570-8414-b506f2b02000	2025-12-25 15:33:08.159866	2025-12-25 15:33:08.160234
06401d29-f8ea-4fc5-8db9-ba74cda2fa6b	47d70240-2c47-4a8f-bfe1-58f1cd6f677c	Exercise	0	t	18c00267-7560-4454-805d-ea114d1259d7	64b5ef81-d185-441d-bac9-1055fc3459cc	\N	\N	bab449f4-b053-47bb-bfcb-2df7a008cf04	2025-12-25 15:33:08.159866	2025-12-25 15:33:08.160234
06401d29-f8ea-4fc5-8db9-ba74cda2fa6b	47d70240-2c47-4a8f-bfe1-58f1cd6f677c	Exercise	0	t	0732c474-3a1b-4080-b2ab-0cc985929163	a86bc3b9-44eb-4d02-8529-13456f0ab732	\N	\N	dc15e512-a9cb-4d6d-8dc3-9f30858cf115	2025-12-25 15:33:08.159866	2025-12-25 15:33:08.160234
06401d29-f8ea-4fc5-8db9-ba74cda2fa6b	47d70240-2c47-4a8f-bfe1-58f1cd6f677c	Exercise	1	f	0732c474-3a1b-4080-b2ab-0cc985929163	ff6d3295-2c42-4aea-afb2-6dd731bab5c6	\N	\N	77607753-5a90-459e-9188-10e45a60a950	2025-12-25 15:33:08.159866	2025-12-25 15:33:08.160234
06401d29-f8ea-4fc5-8db9-ba74cda2fa6b	47d70240-2c47-4a8f-bfe1-58f1cd6f677c	Exercise	0	t	0732c474-3a1b-4080-b2ab-0cc985929163	8cd68087-a488-4a05-8ff9-898fe113d361	\N	\N	41d783e9-9d09-4e6f-a50e-61edfe53f994	2025-12-25 15:33:08.159866	2025-12-25 15:33:08.160234
06401d29-f8ea-4fc5-8db9-ba74cda2fa6b	47d70240-2c47-4a8f-bfe1-58f1cd6f677c	Exercise	0	t	0732c474-3a1b-4080-b2ab-0cc985929163	717d2358-9563-44b9-aee3-469c9a9fea5d	\N	\N	092ffbb1-2ff2-4b2c-a988-30e2986ebb70	2025-12-25 15:33:08.159866	2025-12-25 15:33:08.160234
06401d29-f8ea-4fc5-8db9-ba74cda2fa6b	47d70240-2c47-4a8f-bfe1-58f1cd6f677c	Exercise	0	t	0732c474-3a1b-4080-b2ab-0cc985929163	262c0eeb-163d-467d-81f4-60fb6d29b7f4	\N	\N	4b67b1c3-603a-45ba-835f-e2aa3f1dfbea	2025-12-25 15:33:08.159866	2025-12-25 15:33:08.160234
06401d29-f8ea-4fc5-8db9-ba74cda2fa6b	47d70240-2c47-4a8f-bfe1-58f1cd6f677c	Exercise	1	f	0732c474-3a1b-4080-b2ab-0cc985929163	25326af3-8822-427c-b721-c1b9dd7dbc05	\N	\N	14ae1107-8975-42b5-9789-9daa82f1db14	2025-12-25 15:33:08.159866	2025-12-25 15:33:08.160234
06401d29-f8ea-4fc5-8db9-ba74cda2fa6b	47d70240-2c47-4a8f-bfe1-58f1cd6f677c	Exercise	1	f	0732c474-3a1b-4080-b2ab-0cc985929163	6129b2ad-ffe6-4f75-a870-950ed1fb46f3	\N	\N	043fc285-b639-46be-9018-c04e39d65339	2025-12-25 15:33:08.159866	2025-12-25 15:33:08.160234
06401d29-f8ea-4fc5-8db9-ba74cda2fa6b	47d70240-2c47-4a8f-bfe1-58f1cd6f677c	Exercise	0	t	0732c474-3a1b-4080-b2ab-0cc985929163	44e23424-c63d-491a-a089-a70297234c92	\N	\N	a1330f6e-fe24-4b23-876c-78a32cd4d914	2025-12-25 15:33:08.159866	2025-12-25 15:33:08.160234
06401d29-f8ea-4fc5-8db9-ba74cda2fa6b	47d70240-2c47-4a8f-bfe1-58f1cd6f677c	Exercise	1	f	0732c474-3a1b-4080-b2ab-0cc985929163	c5dab9f5-b7b4-44e5-b2ba-ed4677434a57	\N	\N	6df93ed8-ac73-4cd9-9796-7885778acf38	2025-12-25 15:33:08.159866	2025-12-25 15:33:08.160234
06401d29-f8ea-4fc5-8db9-ba74cda2fa6b	e20cda38-2561-4f7b-a626-ed103e3b79f8	Exercise	0	t	6417981f-95c1-445d-8771-0b30bb6632ba	37af746b-8913-4d94-9ad0-129b83733058	\N	\N	add45927-1e04-4de2-bf92-ad8c0e162445	2025-12-25 15:33:08.159866	2025-12-25 15:33:08.160234
06401d29-f8ea-4fc5-8db9-ba74cda2fa6b	e20cda38-2561-4f7b-a626-ed103e3b79f8	Exercise	1	f	6417981f-95c1-445d-8771-0b30bb6632ba	a470aa82-e30c-4ae7-872b-4a05105976ef	\N	\N	9e9f2527-dac2-4dd9-82a1-f6c6d6ac23ee	2025-12-25 15:33:08.159866	2025-12-25 15:33:08.160234
06401d29-f8ea-4fc5-8db9-ba74cda2fa6b	e20cda38-2561-4f7b-a626-ed103e3b79f8	Exercise	0	t	6417981f-95c1-445d-8771-0b30bb6632ba	e16b67fd-5bb9-4e56-83aa-aa31c6f2cedf	\N	\N	3fdc66be-81f4-4880-b55a-65590a90910a	2025-12-25 15:33:08.159866	2025-12-25 15:33:08.160234
06401d29-f8ea-4fc5-8db9-ba74cda2fa6b	e20cda38-2561-4f7b-a626-ed103e3b79f8	Exercise	1	f	6417981f-95c1-445d-8771-0b30bb6632ba	619bdc07-ca7d-444a-a469-d4c37b463810	\N	\N	8fb1236d-8dc3-4fa2-a5d6-4e4ead24d27b	2025-12-25 15:33:08.159866	2025-12-25 15:33:08.160234
06401d29-f8ea-4fc5-8db9-ba74cda2fa6b	e20cda38-2561-4f7b-a626-ed103e3b79f8	Exercise	1	f	6417981f-95c1-445d-8771-0b30bb6632ba	732c179f-0d79-43f7-b43c-a3a7bf1babf9	\N	\N	9761d95e-4c2e-42ef-9605-b4b68647d2b6	2025-12-25 15:33:08.159866	2025-12-25 15:33:08.160234
06401d29-f8ea-4fc5-8db9-ba74cda2fa6b	e20cda38-2561-4f7b-a626-ed103e3b79f8	Exercise	1	f	6417981f-95c1-445d-8771-0b30bb6632ba	1f140887-a30d-457e-bc0e-543ea6fcc041	\N	\N	a3bf3be2-be72-4833-8ab6-8fe10752b092	2025-12-25 15:33:08.159866	2025-12-25 15:33:08.160234
06401d29-f8ea-4fc5-8db9-ba74cda2fa6b	e20cda38-2561-4f7b-a626-ed103e3b79f8	Exercise	0	t	6417981f-95c1-445d-8771-0b30bb6632ba	8b36cf81-fdf5-460b-b22c-4fd5fa056e2f	\N	\N	53d6921c-efb1-4412-a612-e9688621ef7f	2025-12-25 15:33:08.159866	2025-12-25 15:33:08.160234
06401d29-f8ea-4fc5-8db9-ba74cda2fa6b	e20cda38-2561-4f7b-a626-ed103e3b79f8	Exercise	1	f	6417981f-95c1-445d-8771-0b30bb6632ba	1e47b265-a4db-4196-8854-04d09cec2357	\N	\N	3aadcabf-ae94-4bed-bbea-d2e88c344e53	2025-12-25 15:33:08.159866	2025-12-25 15:33:08.160234
\.


--
-- Data for Name: students; Type: TABLE DATA; Schema: public; Owner: postgres
--

COPY public.students (first_name, last_name, avatar_url, group_id, id, created_at, updated_at, chat_id) FROM stdin;
Nurulloh	Bahodirov	https://file-server-5x5bbmyc8vmh94yt.inter-nation.uz/9/0K3bXqWTEPyrsZLoZ0vJZK9BdSCaqcsm.png	9bdc95ed-1264-45fb-bdbf-303ea2330c5a	06401d29-f8ea-4fc5-8db9-ba74cda2fa6b	2025-12-23 19:52:20.271922	2025-12-23 19:52:20.272254	5596277119
\.


--
-- Data for Name: week_schedule; Type: TABLE DATA; Schema: public; Owner: postgres
--

COPY public.week_schedule (group_id, week_number, lesson_date, id, created_at, updated_at) FROM stdin;
9bdc95ed-1264-45fb-bdbf-303ea2330c5a	1	2025-11-05 13:56:54.426978+05	b7d81ada-c87a-47cf-a149-9e75a964334f	2025-12-22 13:55:08.40262	2025-12-22 13:55:08.403397
9bdc95ed-1264-45fb-bdbf-303ea2330c5a	2	2025-11-12 13:56:54.426978+05	82a042f0-7bd7-4ad0-91d0-14fc07b89794	2025-12-22 13:55:08.40262	2025-12-22 13:55:08.403397
9bdc95ed-1264-45fb-bdbf-303ea2330c5a	3	2025-11-19 13:56:54.426978+05	a1538f48-b988-4ba1-bf55-1de368015c7a	2025-12-22 13:55:08.40262	2025-12-22 13:55:08.403397
9bdc95ed-1264-45fb-bdbf-303ea2330c5a	4	2025-11-26 13:56:54.426978+05	ca13ae4f-583a-4551-82a9-db5d1581db6b	2025-12-22 13:55:08.40262	2025-12-22 13:55:08.403397
9bdc95ed-1264-45fb-bdbf-303ea2330c5a	5	2025-12-03 13:56:54.426978+05	47691e13-b82d-4f5c-86b0-1fcb7644198a	2025-12-22 13:55:08.40262	2025-12-22 13:55:08.403397
9bdc95ed-1264-45fb-bdbf-303ea2330c5a	6	2025-12-10 13:56:54.426978+05	61b69081-006c-4765-ade2-11e3392e3740	2025-12-22 13:55:08.40262	2025-12-22 13:55:08.403397
9bdc95ed-1264-45fb-bdbf-303ea2330c5a	7	2025-12-17 13:56:54.426978+05	34f82fe9-c96e-401c-bbfd-7fb2db2f65a9	2025-12-22 13:55:08.40262	2025-12-22 13:55:08.403397
9bdc95ed-1264-45fb-bdbf-303ea2330c5a	8	2025-12-24 13:56:54.426978+05	d6dde8c8-dfce-43ba-9173-59b39992190a	2025-12-22 13:55:08.40262	2025-12-22 13:55:08.403397
9bdc95ed-1264-45fb-bdbf-303ea2330c5a	9	2025-12-31 13:56:54.426978+05	a068fcd5-db5e-43eb-8a3e-5fc67dafbbef	2025-12-22 13:55:08.40262	2025-12-22 13:55:08.403397
9bdc95ed-1264-45fb-bdbf-303ea2330c5a	10	2026-01-07 13:56:54.426978+05	55edf2f5-dd29-4508-bdd9-506f9706ce55	2025-12-22 13:55:08.40262	2025-12-22 13:55:08.403397
9bdc95ed-1264-45fb-bdbf-303ea2330c5a	11	2026-01-14 13:56:54.426978+05	c8ee027a-3c2c-4da0-80de-1f34e998e5e0	2025-12-22 13:55:08.40262	2025-12-22 13:55:08.403397
9bdc95ed-1264-45fb-bdbf-303ea2330c5a	12	2026-01-21 13:56:54.426978+05	6656fada-d80d-478c-a854-7ad5668b0e4c	2025-12-22 13:55:08.40262	2025-12-22 13:55:08.403397
\.


--
-- Data for Name: weeks; Type: TABLE DATA; Schema: public; Owner: postgres
--

COPY public.weeks (level, week_number, week_topic, essential_book, essential_from_unit, essential_to_unit, murphy_book, murphy_from_unit, murphy_to_unit, keys, id, created_at, updated_at) FROM stdin;
Upper-Intermediate	1	Present & Past	8e8664a8-6f3c-44ce-adfe-63d8d6cb9fd3	1	10	06bc65e1-e732-4119-b34f-5d8a2aee5dfd	1	6	20	9bcf8f43-8197-4803-9607-81c1e2fbc45f	2025-12-22 09:02:49.46208	2025-12-25 15:37:01.164721
Upper-Intermediate	2	Present Perfect, Past Simple/Continuous	8e8664a8-6f3c-44ce-adfe-63d8d6cb9fd3	11	20	06bc65e1-e732-4119-b34f-5d8a2aee5dfd	7	18	20	bf84932a-ee07-4689-8b63-d8549761874e	2025-12-22 09:02:49.46208	2025-12-25 15:37:01.164721
Upper-Intermediate	3	Future Forms (will, going to, present continuous)	8e8664a8-6f3c-44ce-adfe-63d8d6cb9fd3	21	30	06bc65e1-e732-4119-b34f-5d8a2aee5dfd	19	25	20	7e1d25da-4026-4c6b-9719-4d4365cce2a6	2025-12-22 09:02:49.46208	2025-12-25 15:37:01.164721
Upper-Intermediate	4	Passive Voice	8e8664a8-6f3c-44ce-adfe-63d8d6cb9fd3	31	40	06bc65e1-e732-4119-b34f-5d8a2aee5dfd	42	46	20	47d70240-2c47-4a8f-bfe1-58f1cd6f677c	2025-12-22 09:02:49.46208	2025-12-25 15:37:01.164721
Upper-Intermediate	5	Verb Patterns (ing/to), Infinitives	8e8664a8-6f3c-44ce-adfe-63d8d6cb9fd3	41	50	06bc65e1-e732-4119-b34f-5d8a2aee5dfd	53	68	20	e814cea7-93f9-41c6-b8f3-5091a0786940	2025-12-22 09:02:49.46208	2025-12-25 15:37:01.164721
Upper-Intermediate	6	Articles, Nouns, Pronouns, Determiners	8e8664a8-6f3c-44ce-adfe-63d8d6cb9fd3	51	60	06bc65e1-e732-4119-b34f-5d8a2aee5dfd	69	91	20	42e036b9-76c1-4c1b-b370-d91d2839c443	2025-12-22 09:02:49.46208	2025-12-25 15:37:01.164721
Upper-Intermediate	7	Modals (can, should, must, etc.)	8e8664a8-6f3c-44ce-adfe-63d8d6cb9fd3	61	70	06bc65e1-e732-4119-b34f-5d8a2aee5dfd	26	37	30	3ec491e1-7df9-4b8b-a0b3-79c3ea11aa07	2025-12-22 09:02:49.46208	2025-12-25 15:37:01.164721
Upper-Intermediate	8	Relative Clauses	8e8664a8-6f3c-44ce-adfe-63d8d6cb9fd3	71	80	06bc65e1-e732-4119-b34f-5d8a2aee5dfd	92	97	15	e20cda38-2561-4f7b-a626-ed103e3b79f8	2025-12-22 09:02:49.46208	2025-12-25 15:37:01.164721
Upper-Intermediate	9	Adjective Clauses	8e8664a8-6f3c-44ce-adfe-63d8d6cb9fd3	81	90	06bc65e1-e732-4119-b34f-5d8a2aee5dfd	98	112	15	d1ed876e-2351-4d0c-8411-5753a2e600c4	2025-12-22 09:02:49.46208	2025-12-25 15:37:01.164721
Upper-Intermediate	10	Prepositions & Conjunctions (not IELTS related ones)	8e8664a8-6f3c-44ce-adfe-63d8d6cb9fd3	91	100	06bc65e1-e732-4119-b34f-5d8a2aee5dfd	113	120	15	f8c207cf-641c-44e4-8869-5b09f2bea59e	2025-12-22 09:02:49.46208	2025-12-25 15:37:01.164721
Upper-Intermediate	11	Conditionals (if) and Wishes	8e8664a8-6f3c-44ce-adfe-63d8d6cb9fd3	111	120	06bc65e1-e732-4119-b34f-5d8a2aee5dfd	38	41	10	661ca3a7-3451-446c-8eb5-c49ff6f67b9b	2025-12-22 09:02:49.46208	2025-12-25 15:37:01.164721
Upper-Intermediate	12	Reported Speech & Questions / Auxiliary Verbs	8e8664a8-6f3c-44ce-adfe-63d8d6cb9fd3	121	130	06bc65e1-e732-4119-b34f-5d8a2aee5dfd	47	52	15	0ee5cbae-3e68-4fac-a364-c42320ca781f	2025-12-22 09:02:49.46208	2025-12-25 15:37:01.164721
\.


--
-- Name: alembic_version alembic_version_pkc; Type: CONSTRAINT; Schema: public; Owner: postgres
--

ALTER TABLE ONLY public.alembic_version
    ADD CONSTRAINT alembic_version_pkc PRIMARY KEY (version_num);


--
-- Name: essential_books essential_books_id_key; Type: CONSTRAINT; Schema: public; Owner: postgres
--

ALTER TABLE ONLY public.essential_books
    ADD CONSTRAINT essential_books_id_key UNIQUE (id);


--
-- Name: essential_books essential_books_pkey; Type: CONSTRAINT; Schema: public; Owner: postgres
--

ALTER TABLE ONLY public.essential_books
    ADD CONSTRAINT essential_books_pkey PRIMARY KEY (id);


--
-- Name: essential_units essential_units_id_key; Type: CONSTRAINT; Schema: public; Owner: postgres
--

ALTER TABLE ONLY public.essential_units
    ADD CONSTRAINT essential_units_id_key UNIQUE (id);


--
-- Name: essential_units essential_units_pkey; Type: CONSTRAINT; Schema: public; Owner: postgres
--

ALTER TABLE ONLY public.essential_units
    ADD CONSTRAINT essential_units_pkey PRIMARY KEY (id);


--
-- Name: essential_words essential_words_id_key; Type: CONSTRAINT; Schema: public; Owner: postgres
--

ALTER TABLE ONLY public.essential_words
    ADD CONSTRAINT essential_words_id_key UNIQUE (id);


--
-- Name: essential_words essential_words_pkey; Type: CONSTRAINT; Schema: public; Owner: postgres
--

ALTER TABLE ONLY public.essential_words
    ADD CONSTRAINT essential_words_pkey PRIMARY KEY (id);


--
-- Name: groups groups_group_name_key; Type: CONSTRAINT; Schema: public; Owner: postgres
--

ALTER TABLE ONLY public.groups
    ADD CONSTRAINT groups_group_name_key UNIQUE (group_name);


--
-- Name: groups groups_id_key; Type: CONSTRAINT; Schema: public; Owner: postgres
--

ALTER TABLE ONLY public.groups
    ADD CONSTRAINT groups_id_key UNIQUE (id);


--
-- Name: groups groups_pkey; Type: CONSTRAINT; Schema: public; Owner: postgres
--

ALTER TABLE ONLY public.groups
    ADD CONSTRAINT groups_pkey PRIMARY KEY (id);


--
-- Name: murphy_books murphy_books_id_key; Type: CONSTRAINT; Schema: public; Owner: postgres
--

ALTER TABLE ONLY public.murphy_books
    ADD CONSTRAINT murphy_books_id_key UNIQUE (id);


--
-- Name: murphy_books murphy_books_pkey; Type: CONSTRAINT; Schema: public; Owner: postgres
--

ALTER TABLE ONLY public.murphy_books
    ADD CONSTRAINT murphy_books_pkey PRIMARY KEY (id);


--
-- Name: murphy_exercise_questions murphy_exercise_questions_id_key; Type: CONSTRAINT; Schema: public; Owner: postgres
--

ALTER TABLE ONLY public.murphy_exercise_questions
    ADD CONSTRAINT murphy_exercise_questions_id_key UNIQUE (id);


--
-- Name: murphy_exercise_questions murphy_exercise_questions_pkey; Type: CONSTRAINT; Schema: public; Owner: postgres
--

ALTER TABLE ONLY public.murphy_exercise_questions
    ADD CONSTRAINT murphy_exercise_questions_pkey PRIMARY KEY (id);


--
-- Name: murphy_exercises murphy_exercises_id_key; Type: CONSTRAINT; Schema: public; Owner: postgres
--

ALTER TABLE ONLY public.murphy_exercises
    ADD CONSTRAINT murphy_exercises_id_key UNIQUE (id);


--
-- Name: murphy_exercises murphy_exercises_pkey; Type: CONSTRAINT; Schema: public; Owner: postgres
--

ALTER TABLE ONLY public.murphy_exercises
    ADD CONSTRAINT murphy_exercises_pkey PRIMARY KEY (id);


--
-- Name: murphy_units murphy_units_id_key; Type: CONSTRAINT; Schema: public; Owner: postgres
--

ALTER TABLE ONLY public.murphy_units
    ADD CONSTRAINT murphy_units_id_key UNIQUE (id);


--
-- Name: murphy_units murphy_units_pkey; Type: CONSTRAINT; Schema: public; Owner: postgres
--

ALTER TABLE ONLY public.murphy_units
    ADD CONSTRAINT murphy_units_pkey PRIMARY KEY (id);


--
-- Name: student_results student_results_id_key; Type: CONSTRAINT; Schema: public; Owner: postgres
--

ALTER TABLE ONLY public.student_results
    ADD CONSTRAINT student_results_id_key UNIQUE (id);


--
-- Name: student_results student_results_pkey; Type: CONSTRAINT; Schema: public; Owner: postgres
--

ALTER TABLE ONLY public.student_results
    ADD CONSTRAINT student_results_pkey PRIMARY KEY (id);


--
-- Name: students students_chat_id_key; Type: CONSTRAINT; Schema: public; Owner: postgres
--

ALTER TABLE ONLY public.students
    ADD CONSTRAINT students_chat_id_key UNIQUE (chat_id);


--
-- Name: students students_id_key; Type: CONSTRAINT; Schema: public; Owner: postgres
--

ALTER TABLE ONLY public.students
    ADD CONSTRAINT students_id_key UNIQUE (id);


--
-- Name: students students_pkey; Type: CONSTRAINT; Schema: public; Owner: postgres
--

ALTER TABLE ONLY public.students
    ADD CONSTRAINT students_pkey PRIMARY KEY (id);


--
-- Name: week_schedule week_schedule_id_key; Type: CONSTRAINT; Schema: public; Owner: postgres
--

ALTER TABLE ONLY public.week_schedule
    ADD CONSTRAINT week_schedule_id_key UNIQUE (id);


--
-- Name: week_schedule week_schedule_pkey; Type: CONSTRAINT; Schema: public; Owner: postgres
--

ALTER TABLE ONLY public.week_schedule
    ADD CONSTRAINT week_schedule_pkey PRIMARY KEY (id);


--
-- Name: weeks weeks_id_key; Type: CONSTRAINT; Schema: public; Owner: postgres
--

ALTER TABLE ONLY public.weeks
    ADD CONSTRAINT weeks_id_key UNIQUE (id);


--
-- Name: weeks weeks_pkey; Type: CONSTRAINT; Schema: public; Owner: postgres
--

ALTER TABLE ONLY public.weeks
    ADD CONSTRAINT weeks_pkey PRIMARY KEY (id);


--
-- Name: ix_weeks_essential_from_unit; Type: INDEX; Schema: public; Owner: postgres
--

CREATE INDEX ix_weeks_essential_from_unit ON public.weeks USING btree (essential_from_unit);


--
-- Name: ix_weeks_essential_to_unit; Type: INDEX; Schema: public; Owner: postgres
--

CREATE INDEX ix_weeks_essential_to_unit ON public.weeks USING btree (essential_to_unit);


--
-- Name: ix_weeks_murphy_from_unit; Type: INDEX; Schema: public; Owner: postgres
--

CREATE INDEX ix_weeks_murphy_from_unit ON public.weeks USING btree (murphy_from_unit);


--
-- Name: ix_weeks_murphy_to_unit; Type: INDEX; Schema: public; Owner: postgres
--

CREATE INDEX ix_weeks_murphy_to_unit ON public.weeks USING btree (murphy_to_unit);


--
-- Name: ix_weeks_week_number; Type: INDEX; Schema: public; Owner: postgres
--

CREATE INDEX ix_weeks_week_number ON public.weeks USING btree (week_number);


--
-- Name: essential_units essential_units_book_id_fkey; Type: FK CONSTRAINT; Schema: public; Owner: postgres
--

ALTER TABLE ONLY public.essential_units
    ADD CONSTRAINT essential_units_book_id_fkey FOREIGN KEY (book_id) REFERENCES public.essential_books(id) ON DELETE CASCADE;


--
-- Name: essential_words essential_words_book_id_fkey; Type: FK CONSTRAINT; Schema: public; Owner: postgres
--

ALTER TABLE ONLY public.essential_words
    ADD CONSTRAINT essential_words_book_id_fkey FOREIGN KEY (book_id) REFERENCES public.essential_books(id) ON DELETE CASCADE;


--
-- Name: essential_words essential_words_unit_id_fkey; Type: FK CONSTRAINT; Schema: public; Owner: postgres
--

ALTER TABLE ONLY public.essential_words
    ADD CONSTRAINT essential_words_unit_id_fkey FOREIGN KEY (unit_id) REFERENCES public.essential_units(id) ON DELETE CASCADE;


--
-- Name: murphy_exercise_questions murphy_exercise_questions_exercise_id_fkey; Type: FK CONSTRAINT; Schema: public; Owner: postgres
--

ALTER TABLE ONLY public.murphy_exercise_questions
    ADD CONSTRAINT murphy_exercise_questions_exercise_id_fkey FOREIGN KEY (exercise_id) REFERENCES public.murphy_exercises(id);


--
-- Name: murphy_exercises murphy_exercises_unit_id_fkey; Type: FK CONSTRAINT; Schema: public; Owner: postgres
--

ALTER TABLE ONLY public.murphy_exercises
    ADD CONSTRAINT murphy_exercises_unit_id_fkey FOREIGN KEY (unit_id) REFERENCES public.murphy_units(id);


--
-- Name: murphy_units murphy_units_book_id_fkey; Type: FK CONSTRAINT; Schema: public; Owner: postgres
--

ALTER TABLE ONLY public.murphy_units
    ADD CONSTRAINT murphy_units_book_id_fkey FOREIGN KEY (book_id) REFERENCES public.murphy_books(id) ON DELETE CASCADE;


--
-- Name: student_results student_results_exercise_id_fkey; Type: FK CONSTRAINT; Schema: public; Owner: postgres
--

ALTER TABLE ONLY public.student_results
    ADD CONSTRAINT student_results_exercise_id_fkey FOREIGN KEY (exercise_id) REFERENCES public.murphy_exercises(id) ON DELETE CASCADE;


--
-- Name: student_results student_results_exercise_question_id_fkey; Type: FK CONSTRAINT; Schema: public; Owner: postgres
--

ALTER TABLE ONLY public.student_results
    ADD CONSTRAINT student_results_exercise_question_id_fkey FOREIGN KEY (exercise_question_id) REFERENCES public.murphy_exercise_questions(id) ON DELETE CASCADE;


--
-- Name: student_results student_results_student_id_fkey; Type: FK CONSTRAINT; Schema: public; Owner: postgres
--

ALTER TABLE ONLY public.student_results
    ADD CONSTRAINT student_results_student_id_fkey FOREIGN KEY (student_id) REFERENCES public.students(id) ON DELETE CASCADE;


--
-- Name: student_results student_results_vocabulary_id_fkey; Type: FK CONSTRAINT; Schema: public; Owner: postgres
--

ALTER TABLE ONLY public.student_results
    ADD CONSTRAINT student_results_vocabulary_id_fkey FOREIGN KEY (vocabulary_id) REFERENCES public.essential_words(id) ON DELETE CASCADE;


--
-- Name: student_results student_results_vocabulary_unit_id_fkey; Type: FK CONSTRAINT; Schema: public; Owner: postgres
--

ALTER TABLE ONLY public.student_results
    ADD CONSTRAINT student_results_vocabulary_unit_id_fkey FOREIGN KEY (vocabulary_unit_id) REFERENCES public.essential_units(id) ON DELETE CASCADE;


--
-- Name: student_results student_results_week_id_fkey; Type: FK CONSTRAINT; Schema: public; Owner: postgres
--

ALTER TABLE ONLY public.student_results
    ADD CONSTRAINT student_results_week_id_fkey FOREIGN KEY (week_id) REFERENCES public.weeks(id) ON DELETE CASCADE;


--
-- Name: students students_group_id_fkey; Type: FK CONSTRAINT; Schema: public; Owner: postgres
--

ALTER TABLE ONLY public.students
    ADD CONSTRAINT students_group_id_fkey FOREIGN KEY (group_id) REFERENCES public.groups(id) ON DELETE CASCADE;


--
-- Name: week_schedule week_schedule_group_id_fkey; Type: FK CONSTRAINT; Schema: public; Owner: postgres
--

ALTER TABLE ONLY public.week_schedule
    ADD CONSTRAINT week_schedule_group_id_fkey FOREIGN KEY (group_id) REFERENCES public.groups(id) ON DELETE CASCADE;


--
-- Name: weeks weeks_essential_book_fkey; Type: FK CONSTRAINT; Schema: public; Owner: postgres
--

ALTER TABLE ONLY public.weeks
    ADD CONSTRAINT weeks_essential_book_fkey FOREIGN KEY (essential_book) REFERENCES public.essential_books(id) ON DELETE SET NULL;


--
-- Name: weeks weeks_murphy_book_fkey; Type: FK CONSTRAINT; Schema: public; Owner: postgres
--

ALTER TABLE ONLY public.weeks
    ADD CONSTRAINT weeks_murphy_book_fkey FOREIGN KEY (murphy_book) REFERENCES public.murphy_books(id) ON DELETE SET NULL;


--
-- PostgreSQL database dump complete
--

\unrestrict KFdAg4FChk0o9Phj3gmR4jSg0Cs4pJhc2n3D3SDuw7Ef1reSQcMC9kegvPLtZEb

